SUBURB,incident_count,top_claim_type,top_claim_type_count,claim_type_breakdown,peak_month,peak_day_of_week,peak_hour,total_claim_cost,avg_claim_cost,anomalous_claims_excluded_from_cost,freq_normalized,cost_normalized,severity_score,saps_precinct_mapped,saps_precinct_name,saps_robbery_with_aggravating_circumstances_q1_2026,saps_robbery_with_aggravating_circumstances_trend,saps_burglary_at_residential_premises_q1_2026,saps_burglary_at_residential_premises_trend,saps_theft_of_motor_vehicle_and_motorcycle_q1_2026,saps_theft_of_motor_vehicle_and_motorcycle_trend,saps_carjacking_q1_2026,saps_carjacking_trend,saps_truck_hijacking_q1_2026,saps_truck_hijacking_trend,lat,lon
BRYANSTON,89,Theft,80,Theft:80; Armed Robbery:8; Hijack:1,May,Friday,12,9454546.94,109936.59,3,0.8,0.905578910938864,0.8528,True,Sandton,81.0,Decreased,60.0,Decreased,48.0,Decreased,17.0,Decreased,4.0,Increased,-26.0513889,28.0280556
SOMERSET WEST,107,Theft,105,Theft:105; Malicious Damage:1; Burglary:1,April,Sunday,2,6032135.3,56375.1,0,0.9714285714285714,0.5764917041853236,0.774,False,,,,,,,,,,,,-34.0822195,18.8489342
JOHANNESBURG,110,Theft,103,Theft:103; Armed Robbery:3; Hijack:2; Windscreen/ Motor glass damage:2,January,Saturday,12,5598123.93,51358.94,1,1.0,0.534758679500842,0.7674,False,,,,,,,,,,,,-26.205,28.049722
GARSFONTEIN,57,Theft,54,Theft:54; Hijack:1; Armed Robbery:1; Stolen and recovered:1,July,Saturday,13,10436498.92,183096.47,0,0.4952380952380952,1.0,0.7476,False,,,,,,,,,,,,-25.7944444,28.3
RONDEBOSCH,102,Theft,97,Theft:97; Armed Robbery:3; Burglary:1; Hijack:1,February,Saturday,0,5118796.23,51187.96,2,0.923809523809524,0.4886681940463807,0.7062,False,,,,,,,,,,,,-33.9680556,18.4877778
RUSTENBURG,99,Theft,97,Theft:97; Hijack:2,November,Thursday,13,5356826.84,54109.36,0,0.8952380952380953,0.511556390092471,0.7034,False,,,,,,,,,,,,-25.665655,27.241448
MORNINGSIDE,73,Theft,72,Theft:72; Stolen and recovered:1,April,Friday,10,7645541.63,104733.45,0,0.6476190476190476,0.7316312485617508,0.6896,False,,,,,,,,,,,,-26.0780556,28.0644444
NEWLANDS,76,Theft,65,Theft:65; Hijack:5; Armed Robbery:3; Stolen and recovered:1; Remote jamming:1; Burglary:1,January,Thursday,14,7243879.57,95314.2,0,0.6761904761904762,0.6930088210783424,0.6846,False,,,,,,,,,,,,-33.9742832,18.4572951
STRAND,75,Theft,71,Theft:71; Attempted Theft:1; Armed Robbery:1; Accidental Damage:1; Burglary:1,December,Saturday,0,6792642.04,90568.56,0,0.6666666666666666,0.649619388727631,0.6581,False,,,,,,,,,,,,-34.10556,18.830564
WATERKLOOF RIDGE,56,Theft,51,Theft:51; Armed Robbery:3; Burglary:2,November,Sunday,3,8466708.69,151191.23,0,0.4857142857142857,0.8105918186156257,0.6482,False,,,,,,,,,,,,-25.7872222,28.2388889
MENLO PARK,42,Theft,42,Theft:42,June,Saturday,14,8976319.64,213721.9,0,0.3523809523809524,0.8595942361233333,0.606,False,,,,,,,,,,,,-25.7697222,28.2555556
RANDPARKRIF,46,Theft,43,Theft:43; Burglary:2; Attempted Theft:1,November,Saturday,13,7595036.52,165109.49,0,0.3904761904761905,0.7267748527435434,0.5586,False,,,,,,,,,,,,-26.1008333,27.9569444
SEA POINT,78,Theft,74,Theft:74; Armed Robbery:2; Attempted Theft:1; Windscreen/ Motor glass damage:1,July,Sunday,0,4340393.73,55646.07,0,0.6952380952380952,0.4138197154294214,0.5545,False,,,,,,,,,,,,-33.9172222,18.3922222
DURBAN CENTRAL,64,Theft,59,Theft:59; Hijack:3; Armed Robbery:1; Attempted Theft:1,August,Wednesday,17,5720531.83,90802.09,1,0.5619047619047619,0.546528997666183,0.5542,False,,,,,,,,,,,,-29.8574209,31.0222278
BEDFORDVIEW,50,Theft,47,Theft:47; Armed Robbery:1; Burglary:1; Hijack:1,September,Friday,1,6873699.78,140279.59,1,0.4285714285714285,0.6574136192435005,0.543,False,,,,,,,,,,,,-26.1763889,28.1425
WATERKLOOF,28,Theft,27,Theft:27; Armed Robbery:1,April,Saturday,10,9017411.34,333978.2,1,0.219047619047619,0.8635454711576305,0.5413,False,,,,,,,,,,,,-25.7791667,28.2383333
BROOKLYN,46,Theft,45,Theft:45; Hijack:1,January,Tuesday,11,7193253.35,156375.07,0,0.3904761904761905,0.688140779743522,0.5393,False,,,,,,,,,,,,-33.9088889,18.4791667
FAUNA,87,Theft,84,Theft:84; Attempted Theft:1; Burglary:1; Armed Robbery:1,August,Wednesday,12,2759915.32,31723.16,0,0.780952380952381,0.2618464053803775,0.5214,False,,,,,,,,,,,,-29.1677778,26.1880556
CAPE TOWN CITY CENTRE,93,Theft,88,Theft:88; Armed Robbery:2; Hijack:1; Attempted Theft:1; Accidental Damage:1,June,Thursday,16,1343332.83,14761.9,2,0.8380952380952381,0.125632757284535,0.4819,False,,,,,,,,,,,,-33.9252902,18.4185215
DURBANVILLE,75,Theft,74,Theft:74; Armed Robbery:1,April,Monday,12,3123511.79,42787.83,2,0.6666666666666666,0.2968085780481129,0.4817,False,,,,,,,,,,,,-33.8402778,18.6494444
CLAREMONT,82,Theft,78,Theft:78; Armed Robbery:2; Windscreen/ Motor glass damage:1; Burglary:1,October,Saturday,0,2140231.49,26422.61,1,0.7333333333333333,0.2022597623531127,0.4678,False,,,,,,,,,,,,-33.9847222,18.4625
PRETORIA CENTRAL,60,Theft,57,Theft:57; Armed Robbery:2; Hijack:1,February,Wednesday,18,4099814.05,68330.23,0,0.5238095238095238,0.3906864096728816,0.4572,False,,,,,,,,,,,,-25.7518426,28.1899743
HAZELWOOD,29,Theft,29,Theft:29,December,Friday,17,7153398.39,246668.91,0,0.2285714285714285,0.6843084653286277,0.4564,False,,,,,,,,,,,,-25.7763889,28.2586111
FOURWAYS,56,Theft,56,Theft:56,November,Sunday,17,4261937.47,76106.03,0,0.4857142857142857,0.4062756341874204,0.446,True,Douglasdale,56.0,Decreased,62.0,Decreased,35.0,Increased,10.0,Decreased,0.0,Stabilized,-26.004472,28.0042447
STELLENBOSCH,75,Theft,74,Theft:74; Armed Robbery:1,April,Friday,22,1837745.39,24503.27,0,0.6666666666666666,0.1731737504405386,0.4199,False,,,,,,,,,,,,-33.934444,18.869167
PINELANDS,54,Theft,54,Theft:54,July,Friday,0,3725561.3,68991.88,0,0.4666666666666667,0.3546995661623415,0.4107,False,,,,,,,,,,,,-33.9316667,18.5127778
BLAIRGOWRIE,41,Theft,40,Theft:40; Armed Robbery:1,April,Friday,14,4922288.61,120055.82,0,0.3428571428571428,0.4697727043817926,0.4063,False,,,,,,,,,,,,-26.1111111,28.0075
OBSERVATORY,56,Theft,55,Theft:55; Armed Robbery:1,May,Friday,17,3152129.78,56288.03,0,0.4857142857142857,0.2995603844883226,0.3926,False,,,,,,,,,,,,-33.9369444,18.4683333
WIERDAPARK,43,Theft,38,Theft:38; Burglary:3; Hijack:2,October,Saturday,6,4406463.0,102475.88,0,0.3619047619047619,0.4201727067710898,0.391,False,,,,,,,,,,,,-25.8602778,28.1466667
NOORDHEUWEL,45,Theft,44,Theft:44; Armed Robbery:1,April,Tuesday,14,4133341.83,91852.04,0,0.3809523809523809,0.3939103244527084,0.3874,False,,,,,,,,,,,,-26.0891667,27.8022222
FAERIE GLEN,32,Theft,32,Theft:32,October,Thursday,12,5324010.79,166375.34,0,0.2571428571428571,0.5084009127954195,0.3828,False,,,,,,,,,,,,-25.7816666,28.3077777
PAARL,66,Theft,66,Theft:66,October,Saturday,0,1868886.56,28316.46,0,0.580952380952381,0.1761681770987934,0.3786,False,,,,,,,,,,,,-33.7310282,18.9642117
MELVILLE,39,Theft,39,Theft:39,October,Sunday,15,4536499.39,116320.5,0,0.3238095238095238,0.4326765540176513,0.3782,False,,,,,,,,,,,,-26.1751628,28.0108596
WELTEVREDENPARK,42,Theft,38,Theft:38; Burglary:3; Armed Robbery:1,November,Friday,14,4193212.2,99838.39,0,0.3523809523809524,0.3996672511181989,0.376,False,,,,,,,,,,,,-26.1236111,27.9330556
LINDEN,37,Theft,36,Theft:36; Hijack:1,April,Tuesday,18,4379856.6,118374.5,0,0.3047619047619048,0.4176143278328487,0.3612,False,,,,,,,,,,,,-26.1319444,27.9933333
NORTHMEAD,44,Theft,44,Theft:44,January,Friday,0,3662866.88,83246.97,0,0.3714285714285714,0.3486710886654518,0.36,False,,,,,,,,,,,,-26.1533333,28.3091667
ROOIHUISKRAAL,42,Theft,40,Theft:40; Armed Robbery:2,April,Saturday,9,3745960.09,89189.53,0,0.3523809523809524,0.3566610429010812,0.3545,False,,,,,,,,,,,,-25.8933333,28.1513889
SANDOWN,29,Theft,26,Theft:26; Hijack:2; Armed Robbery:1,August,Friday,12,5017274.52,173009.47,0,0.2285714285714285,0.4789062193095418,0.3537,True,Sandton,81.0,Decreased,60.0,Decreased,48.0,Decreased,17.0,Decreased,4.0,Increased,-26.0919444,28.0658333
MORELETAPARK,44,Theft,42,Theft:42; Burglary:1; Attempted Theft:1,March,Wednesday,2,3371003.69,76613.72,0,0.3714285714285714,0.320606538852479,0.346,False,,,,,,,,,,,,-25.8172098,28.2863329
EDENVALE,38,Theft,33,Theft:33; Hijack:3; Burglary:2,December,Wednesday,0,3952526.05,104013.84,0,0.3142857142857143,0.3765237075765565,0.3454,False,,,,,,,,,,,,-26.1366667,28.1511111
SUNNINGHILL,33,Theft,30,Theft:30; Hijack:2; Burglary:1,October,Thursday,19,4338227.72,131461.45,0,0.2666666666666666,0.4136114394370278,0.3401,False,,,,,,,,,,,,-26.0352778,28.0758333
TABLE VIEW,57,Theft,56,Theft:56; Hijack:1,January,Tuesday,3,1941403.06,34059.7,0,0.4952380952380952,0.1831411116662269,0.3392,False,,,,,,,,,,,,-33.8236111,18.4902778
CONSTANTIA KLOOF,20,Theft,18,Theft:18; Armed Robbery:2,March,Monday,13,5573195.8,278659.79,0,0.1428571428571428,0.5323616771720137,0.3376,False,,,,,,,,,,,,-26.1447222,27.9097222
ARCADIA,24,Theft,19,Theft:19; Hijack:3; Burglary:2,September,Friday,10,5103927.58,212663.65,0,0.1809523809523809,0.4872384763468768,0.3341,False,,,,,,,,,,,,-25.7456269,28.2102213
MENLYN,31,Theft,30,Theft:30; Attempted Theft:1,February,Tuesday,11,4318824.53,139316.92,0,0.2476190476190476,0.411745696133511,0.3297,False,,,,,,,,,,,,-25.7841667,28.2755556
WAVERLEY,30,Theft,30,Theft:30,November,Saturday,16,4391806.67,146393.56,0,0.238095238095238,0.4187634050247464,0.3284,False,,,,,,,,,,,,-26.1347222,28.0791667
DURBAN NORTH,48,Theft,45,Theft:45; Armed Robbery:2; Hijack:1,April,Thursday,0,2606072.19,54293.17,0,0.4095238095238095,0.2470533847693554,0.3283,False,,,,,,,,,,,,-29.780556,31.035833
PARKLANDS,56,Theft,54,Theft:54; Attempted Theft:1; Armed Robbery:1,December,Friday,20,1667649.77,29779.46,0,0.4857142857142857,0.15681794688594,0.3213,False,,,,,,,,,,,,-33.8127817,18.4996855
GREENSIDE,27,Theft,26,Theft:26; Burglary:1,December,Thursday,17,4535416.6,167978.39,0,0.2095238095238095,0.4325724366951072,0.321,False,,,,,,,,,,,,-26.1547222,28.0127778
GLENWOOD,41,Theft,41,Theft:41,February,Tuesday,11,3138354.56,76545.23,0,0.3428571428571428,0.2982358072167775,0.3205,False,,,,,,,,,,,,-33.896495,18.5356933
WOODMEAD,20,Theft,15,Theft:15; Hijack:2; Stolen and recovered:2; Armed Robbery:1,April,Wednesday,15,5005282.46,250264.12,0,0.1428571428571428,0.4777531045052045,0.3103,False,,,,,,,,,,,,-26.0433333,28.0644444
MILNERTON,41,Theft,39,Theft:39; Burglary:2,March,Friday,19,2779335.2,67788.66,0,0.3428571428571428,0.2637137535362787,0.3033,False,,,,,,,,,,,,-33.8794444,18.4963889
SCHOEMANSVILLE,17,Theft,17,Theft:17,November,Saturday,3,4845792.55,285046.62,0,0.1142857142857142,0.4624171091579955,0.2884,False,,,,,,,,,,,,-25.7294444,27.8733333
PARKHURST,31,Theft,31,Theft:31,September,Saturday,21,3400707.06,109700.23,0,0.2476190476190476,0.3234627116606299,0.2855,False,,,,,,,,,,,,-26.1397222,28.0188889
RYNFIELD,26,Theft,23,Theft:23; Armed Robbery:2; Burglary:1,July,Tuesday,13,3855284.24,154211.37,1,0.2,0.3671732731464777,0.2836,False,,,,,,,,,,,,-26.1561111,28.3475
MUSGRAVE,32,Theft,27,Theft:27; Hijack:5,January,Sunday,13,3254381.34,101699.42,0,0.2571428571428571,0.3093925390641503,0.2833,False,,,,,,,,,,,,-29.8488889,30.9961111
WATERKLOOF GLEN,18,Theft,17,Theft:17; Attempted Theft:1,May,Saturday,13,4561100.95,253394.5,0,0.1238095238095238,0.4350421545104604,0.2794,False,,,,,,,,,,,,-25.7988889,28.2708333
BALLITO,27,Theft,26,Theft:26; Burglary:1,January,Saturday,19,3603208.26,133452.16,0,0.2095238095238095,0.3429345231439031,0.2762,False,,,,,,,,,,,,-29.543864,31.214517
HILLCREST,35,Theft,34,Theft:34; Burglary:1,October,Saturday,2,2795580.13,79873.72,0,0.2857142857142857,0.2652758095365344,0.2755,False,,,,,,,,,,,,-29.775555,30.765556
HEIDELBERG,31,Theft,23,Theft:23; Hijack:8,October,Friday,22,3190234.48,102910.79,0,0.2476190476190476,0.3032243999856465,0.2754,False,,,,,,,,,,,,-34.089958,20.9585895
DIE HOEWES,26,Theft,26,Theft:26,October,Saturday,10,3619102.97,139196.27,0,0.2,0.3444629032063487,0.2722,False,,,,,,,,,,,,-29.8003335,24.4208431
GARDENS,50,Theft,49,Theft:49; Windscreen/ Motor glass damage:1,May,Sunday,20,1189246.5,23784.93,0,0.4285714285714285,0.1108163514068936,0.2697,False,,,,,,,,,,,,-33.9327778,18.4097222
LYNNWOOD,29,Theft,25,Theft:25; Hijack:1; Armed Robbery:1; Stolen and recovered:1; SOS:1,October,Wednesday,12,3261017.72,116464.92,1,0.2285714285714285,0.3100306702964164,0.2693,False,,,,,,,,,,,,-25.7611111,28.2636111
FERNDALE,37,Theft,35,Theft:35; Hijack:1; Armed Robbery:1,June,Wednesday,11,2466557.71,66663.72,0,0.3047619047619048,0.233638157334916,0.2692,False,,,,,,,,,,,,-26.0847222,27.9894444
CONSTANTIA,34,Theft,34,Theft:34,May,Saturday,3,2739581.43,80575.92,0,0.2761904761904762,0.2598911692000407,0.268,False,,,,,,,,,,,,-34.0283333,18.4155556
STAMFORD HILL,19,Theft,19,Theft:19,January,Sunday,17,4196026.08,220843.48,0,0.1333333333333333,0.3999378240377497,0.2666,False,,,,,,,,,,,,-29.8309177,31.0316092
KENSINGTON,42,Theft,36,Theft:36; Hijack:2; Armed Robbery:2; Burglary:1; SOS:1,April,Sunday,0,1879159.59,46978.99,2,0.3523809523809524,0.1771559959538027,0.2648,False,,,,,,,,,,,,-33.9144444,18.5069444
LONE HILL,25,Theft,23,Theft:23; Burglary:1; Hijack:1,January,Friday,13,3558242.84,142329.71,0,0.1904761904761904,0.3386108046597351,0.2645,False,,,,,,,,,,,,-26.0097222,28.0261111
THREE RIVERS,24,Theft,23,Theft:23; Stolen and recovered:1,March,Friday,5,3438697.88,143279.08,0,0.1809523809523809,0.3271157768530088,0.254,False,,,,,,,,,,,,-26.6547222,27.9780556
MUIZENBERG,32,Theft,31,Theft:31; Attempted Theft:1,May,Saturday,8,2601506.88,81297.09,0,0.2571428571428571,0.2466144004291011,0.2519,False,,,,,,,,,,,,-34.0978389,18.4845708
WESTDENE,25,Theft,19,Theft:19; Hijack:5; Stolen and recovered:1,July,Friday,0,3214558.94,128582.36,0,0.1904761904761904,0.3055633555056751,0.248,False,,,,,,,,,,,,-26.175,27.9908333
PARKVIEW,19,Theft,17,Theft:17; Armed Robbery:1; Windscreen/ Motor glass damage:1,February,Tuesday,14,3763099.41,198057.86,0,0.1333333333333333,0.358309100334773,0.2458,False,,,,,,,,,,,,-26.1641667,28.0252778
KUILS RIVER,41,Theft,39,Theft:39; Burglary:1; Armed Robbery:1,March,Saturday,3,1560348.53,39008.71,1,0.3428571428571428,0.146500232634363,0.2447,False,,,,,,,,,,,,-34.0059584,18.6679469
HATFIELD,24,Theft,23,Theft:23; Armed Robbery:1,November,Tuesday,21,3219351.5,134139.65,0,0.1809523809523809,0.3060241914159921,0.2435,False,,,,,,,,,,,,-25.7476402,28.2378733
KRUGERSDORP,38,Theft,36,Theft:36; Armed Robbery:1; Burglary:1,December,Wednesday,0,1828266.09,48112.27,0,0.3142857142857143,0.1722622539032668,0.2433,False,,,,,,,,,,,,-26.095556,27.775556
PRETORIA NORTH,35,Theft,32,Theft:32; Armed Robbery:2; Hijack:1,May,Tuesday,13,2091012.0,59743.2,0,0.2857142857142857,0.1975269872851978,0.2416,False,,,,,,,,,,,,-25.672735,28.1734163
KLOOF,34,Theft,32,Theft:32; Armed Robbery:1; Hijack:1,January,Saturday,12,2134005.42,62764.87,0,0.2761904761904762,0.2016610851041795,0.2389,False,,,,,,,,,,,,-29.785833,30.825278
ROSEBANK,37,Theft,35,Theft:35; Hijack:2,August,Friday,22,1830012.03,50833.67,1,0.3047619047619048,0.1724301374246539,0.2386,False,,,,,,,,,,,,-26.1429479,28.0397487
ERASMUSKLOOF,14,Theft,14,Theft:14,April,Wednesday,13,4084275.69,291733.98,0,0.0857142857142857,0.3891922949877379,0.2375,False,,,,,,,,,,,,-25.8155556,28.2725
ORANJEZICHT,32,Theft,30,Theft:30; Hijack:1; Windscreen/ Motor glass damage:1,November,Friday,10,2298243.7,71820.12,0,0.2571428571428571,0.217453667204913,0.2373,False,,,,,,,,,,,,-33.9438889,18.415
TAMBOERSKLOOF,41,Theft,41,Theft:41,August,Wednesday,14,1400214.87,34151.58,0,0.3428571428571428,0.1311023365248754,0.237,False,,,,,,,,,,,,-33.9283333,18.4063889
ILLOVO,19,Theft,19,Theft:19,January,Saturday,21,3504437.39,184444.07,0,0.1333333333333333,0.3334370596193468,0.2334,False,,,,,,,,,,,,-26.1227778,28.0552778
CONSTANTIA PARK,17,Theft,17,Theft:17,October,Saturday,2,3673260.07,216074.12,0,0.1142857142857142,0.3496704616883763,0.232,False,,,,,,,,,,,,-25.8080556,28.2822222
HELDERKRUIN,28,Theft,27,Theft:27; Burglary:1,October,Tuesday,0,2582764.55,92241.59,0,0.219047619047619,0.2448122031259874,0.2319,False,,,,,,,,,,,,-26.1269444,27.8669444
KENILWORTH,37,Theft,33,Theft:33; Burglary:2; Hijack:2,December,Friday,20,1673049.86,45217.56,0,0.3047619047619048,0.1573372007692391,0.231,False,,,,,,,,,,,,-33.9941667,18.4683333
SUNWARD PARK,18,Theft,17,Theft:17; Hijack:1,November,Saturday,18,3461269.35,203604.08,1,0.1238095238095238,0.3292861709481567,0.2265,False,,,,,,,,,,,,-26.2541667,28.2663889
OLYMPUS AH,18,Theft,15,Theft:15; Burglary:1; Hijack:1; Stolen and recovered:1,February,Monday,15,3444611.58,191367.31,0,0.1238095238095238,0.3276844176885625,0.2257,False,,,,,,,,,,,,-23.6294444,29.0752778
MONTANA,24,Theft,23,Theft:23; Burglary:1,May,Saturday,13,2725678.52,113569.94,0,0.1809523809523809,0.2585543137019552,0.2198,False,,,,,,,,,,,,-25.6769128,28.235305
HIGHVELD,15,Theft,15,Theft:15,October,Thursday,13,3590715.2,239381.01,0,0.0952380952380952,0.3417332339210777,0.2185,False,,,,,,,,,,,,-28.0,27.0
GREEN POINT,37,Theft,36,Theft:36; Attempted Theft:1,April,Wednesday,18,1376653.85,37206.86,0,0.3047619047619048,0.1288367907414744,0.2168,False,,,,,,,,,,,,-33.9042571,18.4059682
BOKSBURG,30,Theft,29,Theft:29; Hijack:1,December,Saturday,23,2059055.56,68635.19,0,0.238095238095238,0.1944541670976802,0.2163,False,,,,,,,,,,,,-26.2124639,28.2617471
WYNBERG,35,Theft,29,Theft:29; Hijack:4; Accidental Damage:1; Windscreen/ Motor glass damage:1,November,Tuesday,0,1560092.5,44574.07,0,0.2857142857142857,0.1464756136795417,0.2161,False,,,,,,,,,,,,-34.0036249,18.4672507
CASHAN,11,Theft,11,Theft:11,June,Friday,20,3921291.42,356481.04,0,0.0571428571428571,0.3735202941295755,0.2153,False,,,,,,,,,,,,-25.6872222,27.2380556
WOODSTOCK,40,Theft,37,Theft:37; Attempted Theft:1; Hijack:1; Burglary:1,October,Friday,9,1028098.65,25702.47,0,0.3333333333333333,0.0953209343124034,0.2143,False,,,,,,,,,,,,-33.9305556,18.4472222
BEACON BAY NORTH,34,Theft,34,Theft:34,December,Saturday,0,1591896.58,46820.49,0,0.2761904761904762,0.1495337834590736,0.2129,False,,,,,,,,,,,,-32.9529373,27.9393923
TERGNIET,41,Theft,41,Theft:41,June,Friday,13,897613.14,21893.0,0,0.3428571428571428,0.0827739012478153,0.2128,False,,,,,,,,,,,,-34.0690569,22.1887723
NOORDWYK,24,Theft,21,Theft:21; Hijack:2; Stolen and recovered:1,July,Thursday,12,2551382.7,106307.61,0,0.1809523809523809,0.2417946335155537,0.2114,False,,,,,,,,,,,,-25.9530556,28.1194444
PRETORIA WEST,29,Theft,26,Theft:26; Hijack:3,October,Thursday,15,1973804.26,68062.22,0,0.2285714285714285,0.1862566984293268,0.2074,False,,,,,,,,,,,,-25.7494725,28.1568104
CRAIGHALL PARK,24,Theft,23,Theft:23; Armed Robbery:1,August,Friday,2,2441892.84,101745.53,0,0.1809523809523809,0.231266469172577,0.2061,False,,,,,,,,,,,,-26.1263889,28.0233333
ELDORAIGNE,26,Theft,22,Theft:22; Stolen and recovered:2; Burglary:1; Armed Robbery:1,May,Friday,15,2205734.94,88229.4,1,0.2,0.2085583464104122,0.2043,False,,,,,,,,,,,,-25.8451458,28.157253
MONDEOR,26,Theft,21,Theft:21; Hijack:3; Armed Robbery:2,September,Thursday,18,2203151.93,88126.08,1,0.2,0.2083099731475406,0.2042,False,,,,,,,,,,,,-26.2744042,27.9950154
RESERVOIR HILLS,23,Theft,23,Theft:23,November,Monday,7,2488760.41,108206.97,0,0.1714285714285714,0.2357730917887349,0.2036,False,,,,,,,,,,,,-29.794942,30.9353627
GROENKLOOF,14,Theft,13,Theft:13; Hijack:1,July,Saturday,14,3379080.77,241362.91,0,0.0857142857142857,0.3213832027887684,0.2035,False,,,,,,,,,,,,-25.7752778,28.2183333
MBOMBELA,33,Theft,33,Theft:33,July,Friday,8,1468308.93,44494.21,0,0.2666666666666666,0.1376500246346283,0.2022,False,,,,,,,,,,,,-25.4729094,30.9772719
POTCHEFSTROOM,30,Theft,28,Theft:28; Hijack:1; Burglary:1,June,Saturday,20,1761988.54,58732.95,0,0.238095238095238,0.1658892350807946,0.202,False,,,,,,,,,,,,-26.707778,27.095833
LYTTELTON MANOR,23,Theft,22,Theft:22; Armed Robbery:1,July,Sunday,11,2452668.32,106637.75,0,0.1714285714285714,0.232302601873034,0.2019,False,,,,,,,,,,,,-25.8294444,28.2027778
CAMPS BAY,30,Theft,29,Theft:29; Burglary:1,January,Sunday,22,1717285.69,57242.86,0,0.238095238095238,0.1615907644151143,0.1998,False,,,,,,,,,,,,-33.9547736,18.3818524
FAIRLAND,21,Theft,19,Theft:19; Armed Robbery:2,May,Friday,14,2601191.75,123866.27,0,0.1523809523809524,0.2465840986237157,0.1995,False,,,,,,,,,,,,-26.1336111,27.9444444
TZANEEN,39,Theft,39,Theft:39,January,Saturday,9,815925.56,20921.17,0,0.3238095238095238,0.074919107506915,0.1994,False,,,,,,,,,,,,-23.8319444,30.1611111
STELLENBOSCH CENTRAL,29,Theft,29,Theft:29,February,Friday,0,1801156.76,62108.85,0,0.2285714285714285,0.1696555149644465,0.1991,False,,,,,,,,,,,,-33.9310387,18.8586652
STRUBENS VALLEY,20,Theft,18,Theft:18; Burglary:1; Hijack:1,December,Sunday,13,2685682.71,134284.14,0,0.1428571428571428,0.2547084556406656,0.1988,False,,,,,,,,,,,,-26.1230494,27.9049454
ELARDUSPARK,29,Theft,26,Theft:26; Attempted Theft:2; Hijack:1,October,Monday,0,1754403.86,60496.68,0,0.2285714285714285,0.1651599186168874,0.1969,False,,,,,,,,,,,,-25.8313889,28.2616667
ROODEPOORT,29,Theft,29,Theft:29,May,Wednesday,18,1742950.89,60101.75,0,0.2285714285714285,0.1640586408330344,0.1963,False,,,,,,,,,,,,-26.156663,27.8855649
MONUMENT PARK,20,Theft,18,Theft:18; Remote jamming:1; Burglary:1,August,Monday,15,2612871.74,130643.59,0,0.1428571428571428,0.2477072058616309,0.1953,False,,,,,,,,,,,,-33.5985799,22.2072644
WALMER,32,Theft,30,Theft:30; Hijack:1; Armed Robbery:1,September,Saturday,0,1419759.25,45798.69,1,0.2571428571428571,0.1329816561680057,0.1951,False,,,,,,,,,,,,-33.9783333,25.5874001
BRACKENHURST,26,Theft,25,Theft:25; Burglary:1,May,Saturday,14,2012895.48,77419.06,0,0.2,0.1900155742606362,0.195,False,,,,,,,,,,,,-26.3194444,28.1041667
FAR EAST BANK,35,Theft,31,Theft:31; Attempted Theft:2; Hijack:1; Armed Robbery:1,May,Sunday,14,1054467.92,30127.65,0,0.2857142857142857,0.0978565116541254,0.1918,False,,,,,,,,,,,,-26.0967479,28.1138749
WESTVILLE,22,Theft,21,Theft:21; Armed Robbery:1,January,Friday,10,2332623.99,106028.36,0,0.1619047619047619,0.2207595563829538,0.1913,False,,,,,,,,,,,,-29.8244444,30.9386111
VORNA VALLEY,20,Theft,18,Theft:18; Armed Robbery:2,January,Saturday,16,2502055.36,125102.77,0,0.1428571428571428,0.2370514879665331,0.19,False,,,,,,,,,,,,-25.9983111,28.1073208
VOSLOORUS,15,Hijack,7,Hijack:7; Theft:7; Stolen and recovered:1,August,Thursday,21,2989696.72,199313.11,0,0.0952380952380952,0.2839413860677147,0.1896,False,,,,,,,,,,,,-26.3563889,28.2083333
EMALAHLENI,18,Theft,16,Theft:16; Hijack:2,November,Friday,16,2686929.6,149273.87,0,0.1238095238095238,0.2548283522487863,0.1893,False,,,,,,,,,,,,-25.8762409,29.2099962
MIDDELBURG,35,Theft,35,Theft:35,October,Monday,0,977997.14,27942.78,0,0.2857142857142857,0.0905033472672534,0.1881,False,,,,,,,,,,,,-25.7678012,29.4555234
PAULSHOF,30,Theft,30,Theft:30,November,Wednesday,3,1458874.37,48629.15,0,0.238095238095238,0.136742830140237,0.1874,False,,,,,,,,,,,,-26.0296389,28.0338194
PARKTOWN,21,Theft,21,Theft:21,August,Sunday,8,2252916.49,107281.74,0,0.1523809523809524,0.2130951602519531,0.1827,False,,,,,,,,,,,,-26.1816667,28.0277778
LENASIA SOUTH,16,Theft,14,Theft:14; Hijack:2,December,Tuesday,5,2745714.32,171607.14,0,0.1047619047619047,0.2604808865840742,0.1826,False,,,,,,,,,,,,-26.3919444,27.8530556
BENONI,29,Theft,28,Theft:28; Hijack:1,May,Saturday,10,1426784.75,49199.47,0,0.2285714285714285,0.1336572038268627,0.1811,False,,,,,,,,,,,,-26.1930356,28.3082376
DAWNCLIFFE,19,Theft,18,Theft:18; Armed Robbery:1,March,Tuesday,6,2414737.15,127091.43,0,0.1333333333333333,0.2286552724173074,0.181,False,,,,,,,,,,,,-29.8447222,30.9086111
ESSENWOOD,18,Theft,17,Theft:17; Stolen and recovered:1,November,Saturday,9,2482043.45,137891.3,0,0.1238095238095238,0.2351272122637707,0.1795,False,,,,,,,,,,,,-29.8368674,31.0131537
WILRO PARK,22,Theft,20,Theft:20; Armed Robbery:1; Stolen and recovered:1,November,Saturday,6,2018696.92,96128.42,1,0.1619047619047619,0.1905734205648138,0.1762,False,,,,,,,,,,,,-26.1184655,27.8500646
SECUNDA,30,Theft,30,Theft:30,May,Thursday,4,1212665.22,40422.17,0,0.238095238095238,0.1130682141169396,0.1756,False,,,,,,,,,,,,-26.516111,29.202778
SUNDOWNER,22,Theft,18,Theft:18; Armed Robbery:2; Attempted Theft:1; Burglary:1,December,Friday,15,1980600.55,94314.31,1,0.1619047619047619,0.1869102060513342,0.1744,False,,,,,,,,,,,,-26.0755556,27.9372222
HOUGHTON ESTATE,13,Theft,12,Theft:12; Hijack:1,November,Wednesday,19,2851278.18,219329.09,0,0.0761904761904762,0.2706315404141091,0.1734,False,,,,,,,,,,,,-26.1581938,28.0589807
WENDYWOOD,22,Theft,17,Theft:17; Hijack:3; Armed Robbery:1; Stolen and recovered:1,April,Thursday,0,1953107.03,88777.59,0,0.1619047619047619,0.184266524737586,0.1731,False,,,,,,,,,,,,-26.0794444,28.0836111
GLENMARAIS,19,Theft,16,Theft:16; Hijack:1; Armed Robbery:1; Burglary:1,August,Tuesday,6,2233005.76,117526.62,0,0.1333333333333333,0.2111806136662816,0.1723,False,,,,,,,,,,,,-26.0755556,28.2363889
GLENVISTA,27,Theft,25,Theft:25; Armed Robbery:1; Burglary:1,February,Wednesday,10,1426417.89,52830.29,0,0.2095238095238095,0.1336219278444944,0.1716,False,,,,,,,,,,,,-26.2827778,28.0547222
VREDEHOEK,34,Theft,32,Theft:32; Burglary:1; Malicious Damage:1,September,Tuesday,0,724486.18,21308.42,0,0.2761904761904762,0.0661266145759724,0.1712,False,,,,,,,,,,,,-33.9405556,18.4230556
PLUMSTEAD,31,Theft,31,Theft:31,December,Sunday,14,1019972.45,32902.34,0,0.2476190476190476,0.0945395471676587,0.1711,False,,,,,,,,,,,,-34.02,18.4772222
DIE WILGERS,23,Theft,22,Theft:22; Hijack:1,December,Friday,0,1798181.91,78181.82,0,0.1714285714285714,0.1693694637292389,0.1704,False,,,,,,,,,,,,-25.7619444,28.3116667
UMKOMAAS,13,Theft,12,Theft:12; Burglary:1,February,Saturday,11,2764658.02,212666.0,0,0.0761904761904762,0.2623024469264114,0.1692,False,,,,,,,,,,,,-30.206389,30.796111
POLOKWANE CENTRAL,32,Theft,30,Theft:30; Burglary:2,August,Friday,2,873503.67,27296.99,0,0.2571428571428571,0.080455618418866,0.1688,False,,,,,,,,,,,,-23.9020863,29.4443053
EMMARENTIA,14,Theft,12,Theft:12; Burglary:2,November,Tuesday,21,2642877.91,188776.99,0,0.0857142857142857,0.2505924948652271,0.1682,False,,,,,,,,,,,,-26.1472222,27.9958333
CROYDON,22,Theft,18,Theft:18; Hijack:2; Armed Robbery:1; Burglary:1,March,Wednesday,15,1841283.32,83694.7,0,0.1619047619047619,0.1735139454912397,0.1677,False,,,,,,,,,,,,-26.1284291,28.1977014
ATHOLL,8,Theft,8,Theft:8,February,Wednesday,14,3211538.91,401442.36,0,0.0285714285714285,0.3052729599187165,0.1669,False,,,,,,,,,,,,-26.1113889,28.0680556
HENNOPSPARK,14,Theft,14,Theft:14,May,Wednesday,0,2593037.57,185216.97,0,0.0857142857142857,0.2458000210194314,0.1658,False,,,,,,,,,,,,-25.8497222,28.1741667
BRAKPAN,22,Theft,21,Theft:21; Accidental Damage:1,August,Friday,11,1783317.51,81059.89,0,0.1619047619047619,0.1679401546949618,0.1649,False,,,,,,,,,,,,-26.235278,28.37
BULWER,23,Theft,15,Theft:15; Hijack:3; Armed Robbery:2; Stolen and recovered:2; Windscreen/ Motor glass damage:1,July,Monday,4,1684736.34,80225.54,2,0.1714285714285714,0.1584609320629946,0.1649,False,,,,,,,,,,,,-29.8052778,29.7672222
BELLVILLE,26,Theft,22,Theft:22; Burglary:2; Remote jamming:1; Armed Robbery:1,February,Friday,10,1319967.26,50767.97,0,0.2,0.1233860052937358,0.1617,False,,,,,,,,,,,,-33.9064324,18.6270614
FARRARMERE,19,Theft,19,Theft:19,February,Wednesday,16,1971851.83,103781.68,0,0.1333333333333333,0.1860689595473138,0.1597,False,,,,,,,,,,,,-26.164724,28.2938818
LENASIA,25,Theft,21,Theft:21; Hijack:4,December,Friday,13,1359536.5,54381.46,0,0.1904761904761904,0.1271908458666134,0.1588,False,,,,,,,,,,,,-26.3194831,27.8246367
MALVERN,15,Theft,12,Theft:12; Hijack:3,March,Wednesday,16,2340835.86,156055.72,0,0.0952380952380952,0.2215491812571034,0.1584,False,,,,,,,,,,,,-26.2013889,28.1019444
BLOEMFONTEIN,29,Theft,26,Theft:26; Remote jamming:1; Armed Robbery:1; Burglary:1,April,Monday,18,950049.48,32760.33,0,0.2285714285714285,0.0878159974297284,0.1582,False,,,,,,,,,,,,-29.116395,26.215496
MEYERTON,19,Theft,18,Theft:18; Hijack:1,July,Tuesday,3,1939103.87,102058.1,0,0.1333333333333333,0.1829200295479767,0.1581,False,,,,,,,,,,,,-26.5583333,28.0197222
MARLBORO,16,Hijack,10,Hijack:10; Theft:5; Armed Robbery:1,October,Wednesday,7,2229363.46,148624.23,1,0.1047619047619047,0.2108303827591783,0.1578,False,,,,,,,,,,,,-26.0833416,28.1116491
PLETTENBERG BAY,28,Theft,28,Theft:28,September,Saturday,8,1024445.42,36587.34,0,0.219047619047619,0.0949696524144934,0.157,False,,,,,,,,,,,,-34.052778,23.369444
RANDPARK,27,Theft,23,Theft:23; Stolen and recovered:2; Armed Robbery:1; Hijack:1,April,Wednesday,0,1101139.53,40782.95,0,0.2095238095238095,0.1023442914378544,0.1559,False,,,,,,,,,,,,-26.1111111,27.9716667
HENLEY ON KLIP,24,Theft,23,Theft:23; Burglary:1,July,Friday,0,1382443.81,60106.25,1,0.1809523809523809,0.1293935331687573,0.1552,False,,,,,,,,,,,,-26.5352778,28.0611111
THE REEDS,26,Theft,26,Theft:26,June,Tuesday,5,1171928.4,45074.17,0,0.2,0.109151103109854,0.1546,False,,,,,,,,,,,,-25.8991667,28.1341667
MOWBRAY,28,Theft,26,Theft:26; Hijack:1; Armed Robbery:1,December,Saturday,2,969283.16,35899.38,1,0.219047619047619,0.0896654412408742,0.1544,False,,,,,,,,,,,,-33.9483333,18.4741667
UMHLANGA,22,Theft,21,Theft:21; Burglary:1,September,Wednesday,18,1563973.41,71089.7,0,0.1619047619047619,0.1468487884948195,0.1544,False,,,,,,,,,,,,-31.4642677,27.2136813
ROODEKRANS,18,Theft,18,Theft:18,December,Saturday,15,1938992.2,107721.79,0,0.1238095238095238,0.1829092917489496,0.1534,False,,,,,,,,,,,,-26.1038889,27.8472222
EAST LONDON,24,Theft,23,Theft:23; Hijack:1,August,Saturday,17,1310725.39,54613.56,0,0.1809523809523809,0.1224973391999402,0.1517,False,,,,,,,,,,,,-33.0191604,27.8998573
QUEENSWOOD,18,Theft,18,Theft:18,October,Thursday,16,1866906.5,103717.03,0,0.1238095238095238,0.1759777814120242,0.1499,False,,,,,,,,,,,,-25.7323222,28.24756
WINDERMERE,19,Theft,19,Theft:19,March,Saturday,18,1767831.92,93043.79,0,0.1333333333333333,0.1664511141895857,0.1499,False,,,,,,,,,,,,-33.9122222,18.5208333
PORT ELIZABETH CENTRAL,31,Theft,28,Theft:28; Armed Robbery:2; Hijack:1,October,Friday,15,579660.17,19322.01,1,0.2476190476190476,0.0522006488799931,0.1499,False,,,,,,,,,,,,-33.960102,25.6242957
LAKEFIELD,7,Theft,6,Theft:6; Armed Robbery:1,August,Friday,20,2956924.96,422417.85,0,0.019047619047619,0.280790167543108,0.1499,False,,,,,,,,,,,,-26.1830556,28.2883333
PARKTOWN NORTH,17,Theft,15,Theft:15; Stolen and recovered:1; Burglary:1,December,Monday,12,1943362.72,114315.45,0,0.1142857142857142,0.1833295457599079,0.1488,False,,,,,,,,,,,,-26.1394444,28.0302778
PRIMROSE,18,Theft,18,Theft:18,October,Friday,11,1783962.55,99109.03,0,0.1238095238095238,0.1680021794991563,0.1459,False,,,,,,,,,,,,-26.1841667,28.1669444
BENDOR PARK,23,Theft,23,Theft:23,October,Wednesday,2,1272087.06,55308.13,0,0.1714285714285714,0.1187820116967526,0.1451,False,,,,,,,,,,,,-23.8883333,29.4847222
PARKMORE,14,Theft,11,Theft:11; Malicious Damage:2; Armed Robbery:1,January,Friday,13,2137880.12,152705.72,0,0.0857142857142857,0.2020336627874439,0.1439,False,,,,,,,,,,,,-26.0952778,28.0375
SILVERTON,19,Theft,16,Theft:16; Burglary:2; Hijack:1,October,Wednesday,0,1619650.88,85244.78,0,0.1333333333333333,0.1522025404711318,0.1428,False,,,,,,,,,,,,-25.7283333,28.3047222
WILGEHEUWEL,20,Theft,19,Theft:19; Hijack:1,August,Sunday,15,1470377.41,73518.87,0,0.1428571428571428,0.1378489224812431,0.1404,False,,,,,,,,,,,,-26.1094757,27.9004888
VERULAM,23,Theft,23,Theft:23,January,Friday,14,1170330.17,50883.92,0,0.1714285714285714,0.1089974228686164,0.1402,False,,,,,,,,,,,,-29.643889,31.043056
SIMON'S TOWN,11,Theft,11,Theft:11,March,Saturday,0,2358176.22,214379.66,0,0.0571428571428571,0.2232165699983656,0.1402,False,,,,,,,,,,,,-34.193181,18.433266
LOMBARDY EAST,15,Hijack,8,Hijack:8; Theft:6; Stolen and recovered:1,October,Tuesday,13,1943029.82,129535.32,0,0.0952380952380952,0.1832975352530923,0.1393,False,,,,,,,,,,,,-26.1166667,28.125
FLORIDA PARK,15,Theft,14,Theft:14; Burglary:1,December,Sunday,22,1916410.25,127760.68,0,0.0952380952380952,0.1807378899334309,0.138,False,,,,,,,,,,,,-26.1586219,27.9051084
NORTH BEACH,13,Theft,13,Theft:13,September,Saturday,17,2065298.43,158869.11,0,0.0761904761904762,0.1950544597762153,0.1356,False,,,,,,,,,,,,-29.8467091,31.035303
BRITS,28,Theft,27,Theft:27; Remote jamming:1,April,Saturday,4,532079.67,19002.85,0,0.219047619047619,0.0476254733932311,0.1333,False,,,,,,,,,,,,-25.6297222,27.7841667
HURLINGHAM,20,Theft,20,Theft:20,July,Saturday,2,1311568.37,65578.42,0,0.1428571428571428,0.1225783972264812,0.1327,False,,,,,,,,,,,,-26.1022222,28.0277778
WINGATE PARK,22,Theft,20,Theft:20; Burglary:1; Armed Robbery:1,February,Monday,3,1087770.18,49444.1,0,0.1619047619047619,0.101058741214676,0.1315,False,,,,,,,,,,,,-25.825,28.2697222
RUIMSIG,12,Theft,11,Theft:11; Armed Robbery:1,July,Sunday,11,2071673.98,172639.5,0,0.0666666666666666,0.1956675105023453,0.1312,False,,,,,,,,,,,,-26.0909169,27.8719328
SINOVILLE,19,Theft,19,Theft:19,May,Sunday,1,1348958.15,70997.8,0,0.1333333333333333,0.1261736685017183,0.1298,False,,,,,,,,,,,,-25.6755556,28.2197222
SUNNYSIDE,18,Theft,14,Theft:14; Hijack:4,September,Monday,0,1434830.65,79712.81,0,0.1238095238095238,0.1344308696027359,0.1291,False,,,,,,,,,,,,-25.7575,28.2122222
SUNNINGDALE,24,Theft,24,Theft:24,February,Thursday,2,818427.51,34101.15,0,0.1809523809523809,0.0751596863219569,0.1281,False,,,,,,,,,,,,-33.8095111,18.4887457
MAYFAIR WEST,12,Theft,11,Theft:11; Hijack:1,November,Saturday,16,1984015.02,165334.58,0,0.0666666666666666,0.1872385296175911,0.127,False,,,,,,,,,,,,-26.1969444,27.9963889
FLORIDA,16,Theft,16,Theft:16,January,Friday,15,1585839.24,99114.95,0,0.1047619047619047,0.1489513307004228,0.1269,False,,,,,,,,,,,,-26.1752726,27.9233293
NASREC,11,Theft,9,Theft:9; Hijack:2,April,Saturday,23,2076677.38,188788.85,0,0.0571428571428571,0.1961486200541672,0.1266,False,,,,,,,,,,,,-26.2428482,27.9803213
PARKRAND,14,Theft,14,Theft:14,November,Saturday,0,1742813.91,124486.71,0,0.0857142857142857,0.1640454693123867,0.1249,False,,,,,,,,,,,,-26.2458333,28.2705556
COLBYN,7,Theft,5,Theft:5; Armed Robbery:2,April,Saturday,17,2431122.66,347303.24,0,0.019047619047619,0.2302308461016969,0.1246,False,,,,,,,,,,,,-25.7399812,28.2436658
SUMMERSTRAND,21,Theft,20,Theft:20; Burglary:1,May,Tuesday,20,1037374.45,49398.78,0,0.1523809523809524,0.0962128629970558,0.1243,False,,,,,,,,,,,,-33.99,25.6616667
MORNINGSIDE MANOR,14,Theft,12,Theft:12; Hijack:1; Burglary:1,August,Friday,15,1700845.78,121488.98,0,0.0857142857142857,0.1600099598158232,0.1229,False,,,,,,,,,,,,-26.0694937,28.0714501
RANDHART,15,Theft,15,Theft:15,January,Monday,13,1589941.27,105996.08,0,0.0952380952380952,0.1493457676462717,0.1223,False,,,,,,,,,,,,-26.2894444,28.1119444
SASOLBURG,17,Theft,16,Theft:16; Burglary:1,November,Wednesday,0,1384094.81,81417.34,0,0.1142857142857142,0.1295522875897626,0.1219,False,,,,,,,,,,,,-26.810278,27.821389
BROMHOF,18,Theft,18,Theft:18,April,Friday,14,1279669.52,71092.75,0,0.1238095238095238,0.1195111146931766,0.1217,False,,,,,,,,,,,,-26.0875,27.9647222
GROOTFONTEIN COUNTRY ESTATES,16,Theft,16,Theft:16,November,Saturday,2,1474461.91,92153.87,0,0.1047619047619047,0.1382416738032275,0.1215,False,,,,,,,,,,,,-25.8805321,28.3677751
LYNNWOOD GLEN,13,Theft,11,Theft:11; Burglary:1; Armed Robbery:1,January,Tuesday,11,1771135.63,136241.2,0,0.0761904761904762,0.1667687874592522,0.1215,False,,,,,,,,,,,,-25.7727778,28.2794444
NORTH RIDING,19,Theft,18,Theft:18; Armed Robbery:1,September,Saturday,0,1173404.03,61758.11,0,0.1333333333333333,0.1092929945612581,0.1213,False,,,,,,,,,,,,-26.0547222,27.9683333
FOCHVILLE,12,Theft,11,Theft:11; Hijack:1,April,Saturday,16,1864592.68,155382.72,0,0.0666666666666666,0.1757552925238289,0.1212,False,,,,,,,,,,,,-26.4866667,27.4933333
WESTCLIFF,16,Theft,16,Theft:16,April,Saturday,18,1438240.4,89890.02,0,0.1047619047619047,0.1347587393101998,0.1198,False,,,,,,,,,,,,-26.1697222,28.0255556
PRETORIUSPARK,7,Theft,7,Theft:7,May,Saturday,12,2297047.63,328149.66,0,0.019047619047619,0.2173386572713383,0.1182,False,,,,,,,,,,,,-25.8102778,28.3038889
LITTLE FALLS,18,Theft,16,Theft:16; Burglary:1; Armed Robbery:1,January,Friday,13,1205032.9,66946.27,0,0.1238095238095238,0.1123343167562325,0.1181,False,,,,,,,,,,,,-26.1163889,27.8894444
FISH HOEK,19,Theft,19,Theft:19,January,Monday,8,1100223.4,57906.49,0,0.1333333333333333,0.1022561995615881,0.1178,False,,,,,,,,,,,,-34.137645,18.4246723
MAGALIESSIG,8,Theft,8,Theft:8,July,Thursday,14,2169716.25,271214.53,0,0.0285714285714285,0.2050949143835676,0.1168,False,,,,,,,,,,,,-26.0330556,28.0175
ALBERTON,21,Theft,21,Theft:21,December,Saturday,10,876781.89,41751.52,0,0.1523809523809524,0.0807708406587376,0.1166,False,,,,,,,,,,,,-26.2669894,28.1220546
GORDONS BAY,19,Theft,19,Theft:19,October,Friday,4,1042026.2,54843.48,0,0.1333333333333333,0.0966601591072385,0.115,False,,,,,,,,,,,,-34.1585049,18.8768292
GREENSTONE HILL,12,Theft,9,Theft:9; Hijack:3,April,Saturday,1,1728844.02,144070.34,0,0.0666666666666666,0.1627021732503285,0.1147,False,,,,,,,,,,,,-26.1179651,28.1473032
LANGEBAAN,19,Theft,17,Theft:17; Armed Robbery:2,October,Saturday,0,1028066.14,54108.74,0,0.1333333333333333,0.0953178082638105,0.1143,False,,,,,,,,,,,,-33.090717,18.034889
ROODEPLAAT,13,Theft,13,Theft:13,October,Friday,0,1598385.83,122952.76,0,0.0761904761904762,0.1501577671819741,0.1132,False,,,,,,,,,,,,-25.640902,28.3558918
UMHLANGA RIDGE,9,Theft,9,Theft:9,September,Wednesday,15,1986361.48,220706.83,0,0.0380952380952381,0.1874641570547275,0.1128,False,,,,,,,,,,,,-29.7216462,31.0655125
SILVERGLEN,10,Theft,7,Theft:7; Armed Robbery:2; Stolen and recovered:1,January,Saturday,16,1876682.45,187668.25,0,0.0476190476190476,0.1769178027821193,0.1123,False,,,,,,,,,,,,-29.9249542,30.905832
WATERVAL CITY,5,Theft,5,Theft:5,July,Wednesday,9,2370878.48,474175.7,0,0.0,0.2244379751659968,0.1122,False,,,,,,,,,,,,-25.5626854,28.2740048
KRUGERSDORP NORTH,13,Theft,13,Theft:13,February,Tuesday,22,1536437.46,118187.5,0,0.0761904761904762,0.144201027259761,0.1102,False,,,,,,,,,,,,-25.698382,27.2501197
SHEFFIELD BEACH,5,Theft,5,Theft:5,February,Friday,13,2326245.01,465249.0,0,0.0,0.2201461758399467,0.1101,False,,,,,,,,,,,,-29.4859773,31.2505367
UMHLANGA ROCKS,15,Theft,15,Theft:15,November,Sunday,4,1332432.47,88828.83,0,0.0952380952380952,0.1245846165573699,0.1099,False,,,,,,,,,,,,-29.73,31.0827778
GONUBIE,22,Theft,22,Theft:22,November,Monday,4,622528.73,28296.76,0,0.1619047619047619,0.0563227405953972,0.1091,False,,,,,,,,,,,,-32.9436088,28.0132812
IRENE,8,Theft,8,Theft:8,August,Sunday,16,2006598.07,250824.76,0,0.0285714285714285,0.1894100372052861,0.109,False,,,,,,,,,,,,-25.868388,28.217964
KARENPARK,8,Theft,8,Theft:8,October,Tuesday,11,1997404.17,249675.52,0,0.0285714285714285,0.1885259837399433,0.1085,False,,,,,,,,,,,,-25.6675,28.1138889
GEORGE,21,Theft,21,Theft:21,August,Friday,0,701606.4,33409.83,0,0.1523809523809524,0.0639265744629323,0.1082,False,,,,,,,,,,,,-33.9597212,22.4587148
HARTEBEESPOORT,17,Theft,17,Theft:17,December,Saturday,23,1092951.87,64291.29,0,0.1142857142857142,0.1015569945131491,0.1079,False,,,,,,,,,,,,-25.7469729,27.8586157
DOORNPOORT,18,Theft,17,Theft:17; Stolen and recovered:1,October,Sunday,11,977822.35,54323.46,0,0.1238095238095238,0.090486540068436,0.1071,False,,,,,,,,,,,,-25.6469444,28.2355556
BUCCLEUCH,15,Theft,12,Theft:12; Hijack:3,November,Friday,0,1272893.07,84859.54,0,0.0952380952380952,0.1188595148166039,0.107,False,,,,,,,,,,,,-26.0552778,28.1108333
SYDENHAM,19,Theft,19,Theft:19,September,Tuesday,11,862318.99,45385.21,0,0.1333333333333333,0.0793801384688176,0.1064,False,,,,,,,,,,,,-26.1544444,28.0947222
KIBLER PARK,12,Theft,9,Theft:9; Hijack:3,March,Monday,14,1533162.09,127763.51,0,0.0666666666666666,0.1438860790659826,0.1053,False,,,,,,,,,,,,-26.3122222,28.0086111
RIVONIA,13,Theft,13,Theft:13,December,Wednesday,8,1432928.22,110225.25,0,0.0761904761904762,0.1342479385469194,0.1052,False,,,,,,,,,,,,-26.0533333,28.0594444
ORANGE GROVE,13,Theft,12,Theft:12; Burglary:1,September,Tuesday,12,1406400.2,108184.63,0,0.0761904761904762,0.1316970963570237,0.1039,False,,,,,,,,,,,,-26.1619444,28.09
CLUBVIEW,13,Theft,13,Theft:13,December,Saturday,15,1405242.72,108095.59,0,0.0761904761904762,0.1315857971037074,0.1039,False,,,,,,,,,,,,-25.8338889,28.1683333
EQUESTRIA,15,Theft,12,Theft:12; Armed Robbery:3,January,Wednesday,14,1204411.69,86029.41,1,0.0952380952380952,0.1122745833620031,0.1038,False,,,,,,,,,,,,-25.7601352,28.3455726
KENMARE,10,Theft,10,Theft:10,November,Wednesday,8,1697511.1,169751.11,0,0.0476190476190476,0.1596893085786106,0.1037,False,,,,,,,,,,,,-26.1038889,27.8136111
PRETORIA,21,Theft,20,Theft:20; Armed Robbery:1,April,Thursday,11,598463.58,28498.27,0,0.1523809523809524,0.0540087194235884,0.1032,False,,,,,,,,,,,,-25.7459277,28.1879101
BEYERS PARK,12,Theft,12,Theft:12,June,Tuesday,3,1485777.8,123814.82,0,0.0666666666666666,0.1393297704507805,0.103,False,,,,,,,,,,,,-26.2046141,28.0394465
PANORAMA,19,Theft,15,Theft:15; Burglary:2; Armed Robbery:2,October,Monday,4,772084.9,40636.05,0,0.1333333333333333,0.0707035420346003,0.102,False,,,,,,,,,,,,-27.6716667,27.2477778
TOKAI,19,Theft,17,Theft:17; Armed Robbery:2,June,Tuesday,3,748955.02,39418.69,0,0.1333333333333333,0.0684794531749258,0.1009,False,,,,,,,,,,,,-34.0608333,18.4416667
ALEXANDRA,14,Hijack,8,Hijack:8; Theft:4; Armed Robbery:2,November,Monday,18,1242486.6,103540.55,2,0.0857142857142857,0.1159357343564792,0.1008,False,,,,,,,,,,,,-26.104444,28.098889
HAVENSIDE,9,Theft,7,Theft:7; Hijack:2,December,Thursday,14,1733055.44,192561.72,0,0.0380952380952381,0.1631071287583299,0.1006,False,,,,,,,,,,,,-29.9288896,30.9268994
AMANZIMTOTI,22,Theft,22,Theft:22,August,Saturday,0,438913.63,19950.62,0,0.1619047619047619,0.0386669508386828,0.1003,False,,,,,,,,,,,,-30.0497222,30.8886111
PROTEA PARK,15,Theft,15,Theft:15,December,Sunday,7,1126294.67,75086.31,0,0.0952380952380952,0.1047631222591796,0.1,False,,,,,,,,,,,,-30.7255556,30.4286111
MIDSTREAM ESTATE,13,Theft,11,Theft:11; Hijack:2,September,Thursday,15,1317579.33,101352.26,0,0.0761904761904762,0.1231563902455522,0.0997,False,,,,,,,,,,,,-25.9111052,28.1933548
CRAIGHALL,13,Theft,11,Theft:11; Burglary:1; Attempted Theft:1,September,Saturday,7,1316532.06,101271.7,0,0.0761904761904762,0.1230556884027379,0.0996,False,,,,,,,,,,,,-26.1263889,28.0233333
LYME PARK,10,Theft,10,Theft:10,December,Wednesday,0,1598495.88,159849.59,0,0.0476190476190476,0.1501683492074324,0.0989,False,,,,,,,,,,,,-26.0783333,28.0194444
ASHLEA GARDENS,7,Theft,6,Theft:6; Burglary:1,May,Saturday,22,1894343.21,270620.46,0,0.019047619047619,0.1786160000736482,0.0988,False,,,,,,,,,,,,-25.7858333,28.2641667
POMONA,12,Theft,11,Theft:11; Hijack:1,May,Thursday,7,1397079.33,116423.28,0,0.0666666666666666,0.1308008338978378,0.0987,False,,,,,,,,,,,,-26.0947222,28.2761111
MONUMENT,13,Theft,12,Theft:12; Burglary:1,February,Tuesday,7,1296043.25,99695.63,0,0.0761904761904762,0.1210855556537142,0.0986,False,,,,,,,,,,,,-26.0980556,27.7938889
NORWOOD,16,Theft,16,Theft:16,August,Tuesday,18,995577.24,62223.58,0,0.1047619047619047,0.0921937885735621,0.0985,False,,,,,,,,,,,,-33.9258333,18.5780556
BONAERO PARK,16,Theft,16,Theft:16,December,Thursday,13,995767.65,62235.48,0,0.1047619047619047,0.0922120977372833,0.0985,False,,,,,,,,,,,,-26.1222222,28.2580556
HOUT BAY,20,Theft,19,Theft:19; Malicious Damage:1,November,Saturday,18,589582.14,29479.11,0,0.1428571428571428,0.0531547110257122,0.098,False,,,,,,,,,,,,-34.043093,18.355645
WOODHURST,14,Theft,12,Theft:12; Burglary:2,October,Thursday,15,1165067.5,83219.11,0,0.0857142857142857,0.1084913828148356,0.0971,False,,,,,,,,,,,,-29.909842,30.9096943
DORINGKLOOF,10,Theft,9,Theft:9; Burglary:1,October,Monday,9,1550900.9,155090.09,0,0.0476190476190476,0.1455917813742039,0.0966,False,,,,,,,,,,,,-25.8563889,28.2102778
KHAYELITSHA,12,Theft,10,Theft:10; Hijack:1; Armed Robbery:1,December,Friday,4,1337243.67,121567.61,1,0.0666666666666666,0.1250472448252929,0.0959,False,,,,,,,,,,,,-34.0405905,18.6674201
HONEYDEW,15,Theft,13,Theft:13; Armed Robbery:1; Hijack:1,January,Saturday,13,1041188.23,69412.55,0,0.0952380952380952,0.0965795828248824,0.0959,False,,,,,,,,,,,,-26.0788389,27.9253018
BOTHASIG,16,Theft,14,Theft:14; Hijack:1; Burglary:1,July,Saturday,0,927801.52,57987.6,0,0.1047619047619047,0.0856767109316365,0.0952,False,,,,,,,,,,,,-33.8594444,18.5411111
SAFARI TUINE,10,Theft,10,Theft:10,August,Saturday,12,1516463.65,151646.36,0,0.0476190476190476,0.1422804151205602,0.0949,False,,,,,,,,,,,,-25.6961111,27.2269444
EDGEMEAD,20,Theft,19,Theft:19; Burglary:1,January,Wednesday,15,524714.25,26235.71,0,0.1428571428571428,0.0469172402087605,0.0949,False,,,,,,,,,,,,-33.8755672,18.5399526
GOODWOOD ESTATE,20,Theft,19,Theft:19; Burglary:1,May,Tuesday,6,522380.83,26119.04,0,0.1428571428571428,0.0466928666526961,0.0948,False,,,,,,,,,,,,-33.9050757,18.5511189
MOSSEL BAY,18,Theft,18,Theft:18,December,Sunday,0,717796.83,39877.6,0,0.1238095238095238,0.0654833899326338,0.0946,False,,,,,,,,,,,,-34.1832022,22.1536248
KELVIN,18,Theft,13,Theft:13; Hijack:4; Armed Robbery:1,September,Sunday,17,707721.22,39317.85,0,0.1238095238095238,0.0645145542985784,0.0942,False,,,,,,,,,,,,-26.075,28.0947222
ISIPINGO BEACH,6,Theft,4,Theft:4; Flood:1; Hijack:1,March,Sunday,13,1895767.53,315961.26,0,0.0095238095238095,0.1787529577338095,0.0941,False,,,,,,,,,,,,-29.9941667,30.9461111
FRESNAYE,10,Theft,10,Theft:10,January,Wednesday,9,1497175.57,149717.56,0,0.0476190476190476,0.1404257403945127,0.094,False,,,,,,,,,,,,-33.9251944,18.3877426
MEYERSPARK,13,Theft,12,Theft:12; Hijack:1,August,Friday,13,1189573.43,91505.65,0,0.0761904761904762,0.1108477878592615,0.0935,False,,,,,,,,,,,,-25.7394444,28.32
RIVERCLUB,11,Theft,10,Theft:10; Armed Robbery:1,December,Tuesday,12,1376629.07,125148.1,0,0.0571428571428571,0.1288344079828115,0.093,False,,,,,,,,,,,,-26.0916366,28.0363635
KRAAIFONTEIN,21,Theft,21,Theft:21,February,Saturday,13,378767.32,18036.54,0,0.1523809523809524,0.0328834907419796,0.0926,False,,,,,,,,,,,,-33.8477778,18.7161111
DAVEYTON,13,Hijack,7,Hijack:7; Theft:6,February,Friday,20,1171359.22,90104.56,0,0.0761904761904762,0.1090963727395646,0.0926,False,,,,,,,,,,,,-26.1388421,28.42493
GREENHILLS,16,Theft,16,Theft:16,May,Thursday,0,870588.83,54411.8,0,0.1047619047619047,0.0801753375366593,0.0925,False,,,,,,,,,,,,-26.1551803,27.698764
GLENHAZEL,11,Theft,10,Theft:10; Stolen and recovered:1,March,Friday,22,1363822.95,123983.9,0,0.0571428571428571,0.1276030159986051,0.0924,False,,,,,,,,,,,,-26.14,28.1008333
BLOUBERGSTRAND,14,Theft,14,Theft:14,December,Friday,17,1041274.25,74376.73,0,0.0857142857142857,0.0965878542090707,0.0912,False,,,,,,,,,,,,-33.797336,18.4610228
FLORA PARK,17,Theft,17,Theft:17,March,Thursday,3,739405.38,43494.43,0,0.1142857142857142,0.0675611929877608,0.0909,False,,,,,,,,,,,,-23.9109916,29.4945878
MEYERSDAL,11,Theft,10,Theft:10; Stolen and recovered:1,November,Wednesday,14,1325958.57,120541.69,0,0.0571428571428571,0.1239621088371116,0.0906,False,,,,,,,,,,,,-26.2941667,28.0975
VINCENT,18,Theft,18,Theft:18,July,Sunday,10,623637.0,34646.5,0,0.1238095238095238,0.056429307986171,0.0901,False,,,,,,,,,,,,-32.98,27.9102778
AUCKLAND PARK,10,Theft,6,Theft:6; Hijack:2; Stolen and recovered:2,July,Wednesday,14,1406717.14,140671.71,0,0.0476190476190476,0.1317275722057174,0.0897,False,,,,,,,,,,,,-26.1853203,27.9971831
VALHALLA,12,Theft,12,Theft:12,May,Wednesday,3,1181560.98,98463.42,0,0.0666666666666666,0.1100773385191136,0.0884,False,,,,,,,,,,,,-25.8069444,28.1511111
KEMPTON PARK,17,Theft,17,Theft:17,May,Saturday,16,683578.25,40210.49,0,0.1142857142857142,0.0621930502260775,0.0882,False,,,,,,,,,,,,-26.0964372,28.2336325
EDENBURG,12,Theft,12,Theft:12,December,Sunday,19,1171709.69,97642.47,0,0.0666666666666666,0.1091300727165057,0.0879,False,,,,,,,,,,,,-29.7347222,25.9369444
VANDERBIJLPARK S. W. 5,12,Theft,12,Theft:12,July,Friday,13,1171287.25,97607.27,0,0.0666666666666666,0.1090894523545375,0.0879,False,,,,,,,,,,,,-26.6801537,27.8330898
DURBAN BEACH,13,Theft,13,Theft:13,May,Wednesday,14,1064260.55,81866.2,0,0.0761904761904762,0.0987981369150397,0.0875,False,,,,,,,,,,,,-29.861863,31.0398673
LORRAINE,18,Theft,18,Theft:18,August,Tuesday,16,570145.82,31674.77,0,0.1238095238095238,0.0512857820565576,0.0875,False,,,,,,,,,,,,-33.9680556,25.5144444
SELBORNE,5,Theft,5,Theft:5,July,Saturday,0,1848845.27,369769.05,0,0.0,0.1742410763173579,0.0871,False,,,,,,,,,,,,-32.9869264,27.8955875
MOUNT VERNON,7,Theft,7,Theft:7,November,Thursday,21,1644441.18,234920.17,0,0.019047619047619,0.1545862895462671,0.0868,False,,,,,,,,,,,,-29.8966667,30.9375
GALLO MANOR,10,Theft,6,Theft:6; Burglary:2; Armed Robbery:1; Hijack:1,September,Wednesday,15,1324451.76,132445.18,0,0.0476190476190476,0.1238172192252915,0.0857,False,,,,,,,,,,,,-26.0641667,28.0780556
LYNNWOOD RIDGE,14,Theft,13,Theft:13; Stolen and recovered:1,January,Friday,13,917201.9,65514.42,0,0.0857142857142857,0.0846574883174775,0.0852,False,,,,,,,,,,,,-25.7627778,28.2933333
PHILIPPI,17,Theft,7,Theft:7; Hijack:6; Armed Robbery:4,August,Saturday,12,609580.88,40638.73,2,0.1142857142857142,0.0550777203470545,0.0847,False,,,,,,,,,,,,-34.0053057,18.5703832
WILLOWBROOK,6,Theft,5,Theft:5; Armed Robbery:1,December,Sunday,18,1692746.07,338549.21,1,0.0095238095238095,0.1592311198573974,0.0844,False,,,,,,,,,,,,-26.1032477,28.0656882
WELLINGTON,19,Theft,17,Theft:17; Burglary:2,November,Tuesday,8,400835.93,21096.63,0,0.1333333333333333,0.035005531567505,0.0842,False,,,,,,,,,,,,-33.643055,19.010556
MULBARTON,14,Theft,14,Theft:14,December,Saturday,3,884404.25,63171.73,0,0.0857142857142857,0.0815037803004664,0.0836,False,,,,,,,,,,,,-26.2933333,28.0580556
RADIOKOP,14,Theft,14,Theft:14,September,Wednesday,18,874273.01,62448.07,0,0.0857142857142857,0.0805295954789848,0.0831,False,,,,,,,,,,,,-26.1052778,27.9216667
WENTWORTH,10,Theft,9,Theft:9; Hijack:1,July,Saturday,5,1262323.99,126232.4,0,0.0476190476190476,0.1178432288226857,0.0827,False,,,,,,,,,,,,-29.9205556,31.0
KNYSNA,18,Theft,17,Theft:17; Armed Robbery:1,December,Sunday,7,465089.95,25838.33,0,0.1238095238095238,0.041183974779113,0.0825,False,,,,,,,,,,,,-34.035734,23.048485
WEST ACRES,18,Theft,17,Theft:17; Burglary:1,May,Thursday,0,458636.86,25479.83,0,0.1238095238095238,0.0405634680761177,0.0822,False,,,,,,,,,,,,-25.4827667,30.9538241
BIRCHLEIGH,10,Theft,9,Theft:9; Burglary:1,July,Wednesday,11,1240941.98,124094.2,0,0.0476190476190476,0.1157872090664894,0.0817,False,,,,,,,,,,,,-26.0580556,28.2369444
MAMELODI,8,Hijack,5,Hijack:5; Theft:3,July,Friday,22,1421748.72,177718.59,0,0.0285714285714285,0.1331729566876649,0.0809,False,,,,,,,,,,,,-25.7158053,28.3808295
OLIVEDALE,12,Theft,12,Theft:12,June,Wednesday,1,1010462.61,84205.22,0,0.0666666666666666,0.0936251140101461,0.0801,False,,,,,,,,,,,,-26.0555556,27.9788889
PIETERMARITZBURG,16,Theft,15,Theft:15; Hijack:1,October,Friday,15,585603.85,36600.24,0,0.1047619047619047,0.0527721724881342,0.0788,False,,,,,,,,,,,,-29.6,30.3788889
RIVIERA,12,Theft,11,Theft:11; Armed Robbery:1,January,Tuesday,18,979867.08,81655.59,0,0.0666666666666666,0.0906831541976075,0.0787,False,,,,,,,,,,,,-26.1605556,28.0508333
BANTRY BAY,16,Theft,16,Theft:16,December,Tuesday,15,576897.65,36056.1,0,0.1047619047619047,0.0519350145595112,0.0783,False,,,,,,,,,,,,-33.9281512,18.3789695
CARLSWALD AH,12,Theft,11,Theft:11; Armed Robbery:1,February,Saturday,17,970963.59,80913.63,0,0.0666666666666666,0.0898270255483787,0.0782,False,,,,,,,,,,,,-25.9832152,28.0991162
BORDEAUX,12,Theft,12,Theft:12,March,Saturday,3,966389.27,80532.44,0,0.0666666666666666,0.0893871748378438,0.078,False,,,,,,,,,,,,-26.0963889,28.0136111
LA MONTAGNE,9,Theft,9,Theft:9,February,Friday,15,1255212.07,139468.01,0,0.0380952380952381,0.1171593713170308,0.0776,False,,,,,,,,,,,,-25.745,28.3161111
WONDERBOOM,11,Theft,10,Theft:10; Hijack:1,December,Monday,14,1034746.59,94067.87,0,0.0571428571428571,0.0959601771140861,0.0766,False,,,,,,,,,,,,-25.6833333,28.2113889
ROBINDALE,11,Theft,8,Theft:8; Armed Robbery:3,November,Tuesday,13,1030071.43,93642.86,0,0.0571428571428571,0.0955106299796783,0.0763,False,,,,,,,,,,,,-26.115,27.9944444
GRASSY PARK,14,Theft,14,Theft:14,October,Tuesday,9,731348.38,52239.17,0,0.0857142857142857,0.066786459874472,0.0763,False,,,,,,,,,,,,-34.0451287,18.5032529
EVERTON,11,Theft,11,Theft:11,August,Friday,7,1024347.46,93122.5,0,0.0571428571428571,0.0949602329214094,0.0761,False,,,,,,,,,,,,-29.7766667,30.8194444
MOUNT EDGECOMBE,10,Theft,9,Theft:9; Attempted Theft:1,February,Monday,12,1123599.42,112359.94,0,0.0476190476190476,0.1045039563880624,0.0761,False,,,,,,,,,,,,-29.7353807,31.0412642
HIGHLANDS NORTH,13,Theft,13,Theft:13,April,Wednesday,19,816083.83,62775.68,0,0.0761904761904762,0.0749343261999571,0.0756,False,,,,,,,,,,,,-26.1425,28.0811111
MELROSE,10,Theft,6,Theft:6; Hijack:3; Armed Robbery:1,August,Wednesday,9,1102327.25,110232.72,0,0.0476190476190476,0.1024584984644543,0.075,False,,,,,,,,,,,,-26.14,28.0494444
WINCHESTER HILLS,9,Theft,7,Theft:7; Hijack:1; Burglary:1,March,Sunday,2,1195678.4,132853.16,0,0.0380952380952381,0.1114348205531469,0.0748,False,,,,,,,,,,,,-26.2683445,28.0179525
NORTHWOLD,13,Theft,12,Theft:12; Armed Robbery:1,November,Wednesday,15,797447.22,61342.09,0,0.0761904761904762,0.073142294564553,0.0747,False,,,,,,,,,,,,-26.0769444,27.9569444
HERMANUS,17,Theft,17,Theft:17,December,Wednesday,2,396350.53,23314.74,0,0.1142857142857142,0.0345742310950778,0.0744,False,,,,,,,,,,,,-34.4175,19.2361111
GLENFERNESS AH,8,Theft,8,Theft:8,April,Friday,1,1280442.55,160055.32,0,0.0285714285714285,0.1195854465708688,0.0741,False,,,,,,,,,,,,-23.0091667,28.9944444
ATTERIDGEVILLE,7,Theft,6,Theft:6; Hijack:1,July,Saturday,14,1370873.44,195839.06,0,0.019047619047619,0.1282809666089951,0.0737,False,,,,,,,,,,,,-25.771389,28.073611
MTHATHA CENTRAL,9,Theft,8,Theft:8; Armed Robbery:1,December,Tuesday,0,1172917.59,130324.18,0,0.0380952380952381,0.1092462201817585,0.0737,False,,,,,,,,,,,,-31.591375,28.7888786
BENDOR,15,Theft,15,Theft:15,May,Wednesday,15,567920.93,37861.4,0,0.0952380952380952,0.0510718443680351,0.0732,False,,,,,,,,,,,,-23.8883333,29.4847222
KENSINGTON B,11,Theft,11,Theft:11,July,Friday,0,964817.85,87710.71,0,0.0571428571428571,0.0892360725530127,0.0732,False,,,,,,,,,,,,-26.08,28.0055556
VILLIERIA,13,Theft,11,Theft:11; Stolen and recovered:1; Burglary:1,December,Tuesday,16,757333.08,58256.39,0,0.0761904761904762,0.069285058301787,0.0727,False,,,,,,,,,,,,-25.7103596,28.2342433
CHATSWORTH,8,Theft,7,Theft:7; Hijack:1,May,Friday,20,1252162.9,156520.36,0,0.0285714285714285,0.1168661737289649,0.0727,False,,,,,,,,,,,,-29.9176727,30.8936758
WITPOORTJIE,14,Theft,14,Theft:14,November,Monday,8,652964.1,46640.29,0,0.0857142857142857,0.0592492999790634,0.0725,False,,,,,,,,,,,,-26.1394444,27.8322222
ATLASVILLE,11,Theft,11,Theft:11,April,Wednesday,13,948252.93,86204.81,0,0.0571428571428571,0.0876432474266653,0.0724,False,,,,,,,,,,,,-26.1504144,28.2866129
KYALAMI AH,17,Theft,16,Theft:16; Armed Robbery:1,April,Friday,0,353148.44,20773.44,0,0.1142857142857142,0.030420068294248,0.0724,False,,,,,,,,,,,,-25.8010376,27.9673203
DOUGLASDALE,10,Theft,10,Theft:10,June,Friday,4,1042745.14,104274.51,0,0.0476190476190476,0.0967292898785514,0.0722,False,,,,,,,,,,,,-26.0388889,27.995
VERWOERDPARK,7,Theft,5,Theft:5; Hijack:2,December,Tuesday,4,1335054.72,190722.1,0,0.019047619047619,0.1248367630022404,0.0719,False,,,,,,,,,,,,-26.2722222,28.1441667
SONSTRAAL HEIGHTS,12,Theft,12,Theft:12,July,Thursday,17,787282.23,65606.85,0,0.0666666666666666,0.0721648644603889,0.0694,False,,,,,,,,,,,,-33.8429446,18.6784432
PARYS,10,Theft,9,Theft:9; Hijack:1,February,Sunday,0,985293.33,98529.33,0,0.0476190476190476,0.0912049235355725,0.0694,False,,,,,,,,,,,,-26.904354,27.456125
TSAKANE,5,Theft,4,Theft:4; Hijack:1,July,Monday,21,1477946.57,369486.64,1,0.0,0.1385767465958989,0.0693,False,,,,,,,,,,,,-26.3569444,28.3716667
PAROW,14,Theft,12,Theft:12; Hijack:1; Armed Robbery:1,November,Friday,11,576976.89,41212.64,0,0.0857142857142857,0.0519426340024672,0.0688,False,,,,,,,,,,,,-33.9025,18.5869444
MONTFORD,11,Theft,11,Theft:11,November,Saturday,10,871331.6,79211.96,0,0.0571428571428571,0.0802467597179374,0.0687,False,,,,,,,,,,,,-29.9236187,30.8742845
PINETOWN,9,Theft,9,Theft:9,February,Tuesday,11,1064583.76,118287.08,0,0.0380952380952381,0.0988292156651385,0.0685,False,,,,,,,,,,,,-29.8142716,30.8581865
JANSEN PARK,5,Theft,5,Theft:5,November,Friday,17,1456276.96,291255.39,0,0.0,0.1364930722234208,0.0682,False,,,,,,,,,,,,-25.8570143,28.2083294
NEWTON PARK,13,Theft,12,Theft:12; Burglary:1,January,Wednesday,17,655330.88,50410.07,0,0.0761904761904762,0.059476881316766,0.0678,False,,,,,,,,,,,,-33.9455556,25.565
VAALPARK,6,Theft,5,Theft:5; Hijack:1,April,Friday,3,1346836.41,224472.74,0,0.0095238095238095,0.1259696493586391,0.0677,False,,,,,,,,,,,,-26.7755556,27.8488889
MOOINOOI,9,Theft,9,Theft:9,March,Wednesday,15,1049602.63,116622.51,0,0.0380952380952381,0.0973886822798232,0.0677,False,,,,,,,,,,,,-25.746944,27.556389
DALPARK,7,Theft,7,Theft:7,September,Saturday,18,1246914.01,178130.57,0,0.019047619047619,0.1163614587120838,0.0677,False,,,,,,,,,,,,-26.2486111,28.3072222
HYDE PARK,10,Theft,9,Theft:9; Armed Robbery:1,May,Friday,8,947311.38,105256.82,1,0.0476190476190476,0.0875527112515608,0.0676,False,,,,,,,,,,,,-26.1197222,28.0397222
BOSKRUIN,13,Theft,13,Theft:13,February,Friday,1,586409.89,45108.45,0,0.0761904761904762,0.0528496784926812,0.0645,False,,,,,,,,,,,,-26.0866887,27.951404
MEREBANK EAST,9,Theft,8,Theft:8; Hijack:1,April,Friday,9,974288.75,108254.31,0,0.0380952380952381,0.0901467613754836,0.0641,False,,,,,,,,,,,,-29.9435851,30.9588531
MELKBOSSTRAND,12,Theft,11,Theft:11; Burglary:1,December,Saturday,23,673753.29,56146.11,0,0.0666666666666666,0.0612483162247447,0.064,False,,,,,,,,,,,,-33.722222,18.445833
BARBEQUE DOWNS,7,Theft,6,Theft:6; Hijack:1,December,Tuesday,18,1167640.45,166805.78,0,0.019047619047619,0.1087387887430765,0.0639,False,,,,,,,,,,,,-26.0094291,28.0757557
UMBILO,10,Theft,10,Theft:10,February,Saturday,12,870433.63,87043.36,0,0.0476190476190476,0.0801604140441457,0.0639,False,,,,,,,,,,,,-29.8905556,30.9777778
MEREWENT,7,Theft,4,Theft:4; Hijack:3,December,Saturday,0,1159654.15,165664.88,0,0.019047619047619,0.1079708538960293,0.0635,False,,,,,,,,,,,,-29.9575859,30.97754
BROADACRES AH,8,Theft,6,Theft:6; Hijack:2,September,Wednesday,9,1056063.76,132007.97,0,0.0285714285714285,0.0980099620812709,0.0633,False,,,,,,,,,,,,-25.9935427,27.9877527
LANGENHOVEN PARK,11,Theft,11,Theft:11,November,Monday,15,754384.61,68580.42,0,0.0571428571428571,0.0690015436756806,0.0631,False,,,,,,,,,,,,-29.1002951,26.1598107
HONINGKLIP,6,Theft,4,Theft:4; Armed Robbery:1; Hijack:1,January,Saturday,14,1246188.46,249237.69,1,0.0095238095238095,0.1162916923461478,0.0629,False,,,,,,,,,,,,-26.0334644,27.7519158
WESTRIDGE,10,Theft,10,Theft:10,September,Wednesday,7,844007.56,84400.76,0,0.0476190476190476,0.0776193750118645,0.0626,False,,,,,,,,,,,,-29.7233333,31.0816667
MOKOPANE,15,Theft,15,Theft:15,October,Friday,0,345108.67,23007.24,0,0.0952380952380952,0.0296469919578664,0.0624,False,,,,,,,,,,,,-24.183333,29.016667
GLENDINNINGVALE,7,Theft,7,Theft:7,December,Saturday,4,1130347.79,161478.26,0,0.019047619047619,0.1051528561894432,0.0621,False,,,,,,,,,,,,-33.9516523,25.5912349
DAN PIENAAR,13,Theft,13,Theft:13,January,Friday,3,529175.84,40705.83,0,0.0761904761904762,0.0473462511943529,0.0618,False,,,,,,,,,,,,-29.0863889,26.2155556
CROFTDENE,8,Theft,8,Theft:8,September,Tuesday,20,1012287.85,126535.98,0,0.0285714285714285,0.0938006227438806,0.0612,False,,,,,,,,,,,,-29.9236686,30.8917727
ELANDIA,7,Theft,7,Theft:7,June,Friday,12,1108528.69,158361.24,0,0.019047619047619,0.1030548073782031,0.0611,False,,,,,,,,,,,,-26.8577778,26.6577778
ELDORADO PARK,10,Theft,9,Theft:9; Hijack:1,February,Saturday,13,808764.68,80876.47,0,0.0476190476190476,0.0742305421778486,0.0609,False,,,,,,,,,,,,-26.3085907,27.8805645
LYDENBURG,10,Theft,10,Theft:10,May,Friday,3,806069.44,80606.94,0,0.0476190476190476,0.0739713772682965,0.0608,False,,,,,,,,,,,,-25.099437,30.458881
ELSPARK,14,Theft,13,Theft:13; Burglary:1,October,Wednesday,6,407062.32,29075.88,0,0.0857142857142857,0.0356042395865258,0.0607,False,,,,,,,,,,,,-26.2680556,28.2316667
SHALLCROSS,10,Theft,9,Theft:9; Hijack:1,February,Saturday,15,804888.42,80488.84,0,0.0476190476190476,0.0738578144904069,0.0607,False,,,,,,,,,,,,-29.8852778,30.87
SOUTH BEACH,10,Theft,10,Theft:10,July,Saturday,16,796801.0,79680.1,0,0.0476190476190476,0.0730801562956602,0.0603,False,,,,,,,,,,,,-29.8620311,31.0374115
FLORIDA GLEN,9,Theft,9,Theft:9,March,Friday,12,892275.27,99141.7,0,0.0380952380952381,0.0822606302234351,0.0602,False,,,,,,,,,,,,-26.1627778,27.9405556
KIMBERLEY,13,Theft,12,Theft:12; Hijack:1,October,Thursday,14,494055.27,38004.25,0,0.0761904761904762,0.0439691792647787,0.0601,False,,,,,,,,,,,,-28.7383012,24.7642251
SANDHURST,11,Theft,10,Theft:10; Hijack:1,October,Thursday,13,686482.23,62407.48,0,0.0571428571428571,0.0624722868484343,0.0598,False,,,,,,,,,,,,-26.1077778,28.0441667
ATHLONE,11,Theft,11,Theft:11,July,Wednesday,14,681617.45,61965.22,0,0.0571428571428571,0.0620045065139592,0.0596,False,,,,,,,,,,,,-33.9666667,18.505
FONTAINEBLEAU,13,Theft,12,Theft:12; Burglary:1,March,Tuesday,16,482898.33,37146.03,0,0.0761904761904762,0.0428963666967041,0.0595,False,,,,,,,,,,,,-26.1011111,27.9747222
VICTORY PARK,12,Theft,12,Theft:12,May,Thursday,0,578470.58,48205.88,0,0.0666666666666666,0.0520862620406934,0.0594,False,,,,,,,,,,,,-26.1313889,28.0055556
MAROELANA,8,Theft,6,Theft:6; Stolen and recovered:2,September,Sunday,20,970525.39,121315.67,0,0.0285714285714285,0.0897848897595934,0.0592,False,,,,,,,,,,,,-25.7794444,28.2641667
FLORACLIFFE,5,Theft,4,Theft:4; Armed Robbery:1,January,Tuesday,13,1266285.63,253257.13,0,0.0,0.1182241663541403,0.0591,False,,,,,,,,,,,,-26.1563889,27.9208333
GERMISTON,9,Theft,7,Theft:7; Armed Robbery:1; Hijack:1,October,Saturday,21,867463.08,96384.79,0,0.0380952380952381,0.079874776281991,0.059,False,,,,,,,,,,,,-26.229444,28.180556
ST FRANCIS BAY,15,Theft,15,Theft:15,February,Friday,11,263658.49,17577.23,0,0.0952380952380952,0.0218150257757466,0.0585,False,,,,,,,,,,,,-34.171676,24.832916
BRAMLEY,11,Theft,8,Theft:8; Hijack:3,November,Sunday,12,657994.77,59817.71,0,0.0571428571428571,0.0597330317192929,0.0584,False,,,,,,,,,,,,-26.1247222,28.0788889
DAWN PARK,11,Theft,10,Theft:10; Armed Robbery:1,October,Friday,19,656285.03,59662.28,0,0.0571428571428571,0.059568629064072,0.0584,False,,,,,,,,,,,,-26.3016667,28.2436111
RANT-EN-DAL,10,Theft,10,Theft:10,August,Monday,13,754424.5,75442.45,0,0.0476190476190476,0.0690053793594202,0.0583,False,,,,,,,,,,,,-26.0772222,27.7780556
BASSONIA,8,Theft,8,Theft:8,September,Tuesday,22,944673.71,118084.21,0,0.0285714285714285,0.0872990820730913,0.0579,False,,,,,,,,,,,,-26.2755556,28.0611111
BREAUNANDA,9,Theft,9,Theft:9,August,Saturday,12,842736.65,93637.41,0,0.0380952380952381,0.077497168724039,0.0578,False,,,,,,,,,,,,-26.1172222,27.8405556
ANNLIN,9,Theft,8,Theft:8; Burglary:1,March,Thursday,13,835653.12,92850.35,0,0.0380952380952381,0.0768160411020984,0.0575,False,,,,,,,,,,,,-25.655,28.1980556
BAYVIEW,8,Theft,8,Theft:8,July,Friday,11,916715.46,114589.43,0,0.0285714285714285,0.0846107139379779,0.0566,False,,,,,,,,,,,,-29.9233216,30.9140541
KALK BAY,10,Theft,10,Theft:10,August,Saturday,9,716807.59,71680.76,0,0.0476190476190476,0.0653882680529032,0.0565,False,,,,,,,,,,,,-34.1271725,18.4468316
JUKSKEI PARK,12,Theft,12,Theft:12,June,Monday,14,507659.61,42304.97,0,0.0666666666666666,0.045277325309515,0.056,False,,,,,,,,,,,,-26.0353132,27.9852242
DUDUZA,5,Hijack,4,Hijack:4; Theft:1,July,Sunday,20,1199978.61,239995.72,0,0.0,0.1118483137989079,0.0559,False,,,,,,,,,,,,-26.3730556,28.4080556
ZWARTKOP,9,Theft,9,Theft:9,February,Tuesday,17,801122.4,89013.6,0,0.0380952380952381,0.0734956870981632,0.0558,False,,,,,,,,,,,,-25.8672222,28.1763889
SHERWOOD,13,Theft,13,Theft:13,March,Thursday,1,405830.53,31217.73,0,0.0761904761904762,0.0354857949419164,0.0558,False,,,,,,,,,,,,-29.8288889,30.9772222
KAGISO,8,Theft,7,Theft:7; Hijack:1,October,Tuesday,12,897238.06,112154.76,0,0.0285714285714285,0.0827378348588203,0.0557,False,,,,,,,,,,,,-26.1577778,27.7813889
LYTTELTON AH,8,Theft,8,Theft:8,January,Sunday,11,896168.12,112021.02,0,0.0285714285714285,0.0826349531476087,0.0556,False,,,,,,,,,,,,-25.8294444,28.2027778
MONTANA PARK,9,Theft,7,Theft:7; Stolen and recovered:2,November,Thursday,19,794959.82,88328.87,0,0.0380952380952381,0.0729031148269342,0.0555,False,,,,,,,,,,,,-33.9616843,18.4227666
UMDLOTI BEACH,5,Theft,5,Theft:5,April,Friday,23,1177951.45,235590.29,0,0.0,0.1097302586612993,0.0549,False,,,,,,,,,,,,-29.678043,31.1151176
RUSTENBURG OOS-EINDE,7,Theft,6,Theft:6; Hijack:1,October,Saturday,7,980944.66,140134.95,0,0.019047619047619,0.090786770544662,0.0549,False,,,,,,,,,,,,-25.6567447,27.2491945
GUGULETU,10,Theft,8,Theft:8; Hijack:1; Armed Robbery:1,February,Thursday,10,684381.22,76042.36,1,0.0476190476190476,0.0622702610300961,0.0549,False,,,,,,,,,,,,-33.9822222,18.5683333
NOORDHOEK,15,Theft,15,Theft:15,May,Monday,8,172078.52,11471.9,0,0.0952380952380952,0.013009014199105,0.0541,False,,,,,,,,,,,,-34.102778,18.38
LOEVENSTEIN,13,Theft,13,Theft:13,January,Friday,7,365218.82,28093.76,0,0.0761904761904762,0.0315807140775395,0.0539,False,,,,,,,,,,,,-33.8855556,18.6063889
PIERRE VAN RYNEVELD,13,Theft,13,Theft:13,May,Friday,2,350472.29,26959.41,0,0.0761904761904762,0.0301627390127377,0.0532,False,,,,,,,,,,,,-25.8369444,28.2416667
RANDFONTEIN,10,Theft,10,Theft:10,November,Friday,0,628460.55,62846.06,0,0.0476190476190476,0.0568931237871645,0.0523,False,,,,,,,,,,,,-26.173611,27.694167
BRONKHORSTSPRUIT,9,Theft,9,Theft:9,December,Saturday,11,713269.67,79252.19,0,0.0380952380952381,0.0650480739637674,0.0516,False,,,,,,,,,,,,-25.808056,28.741389
FRANKLIN ROOSEVELT PARK,10,Theft,6,Theft:6; Burglary:1; Attempted Theft:1; SOS:1; Armed Robbery:1,November,Tuesday,4,609480.14,60948.01,0,0.0476190476190476,0.0550680335388339,0.0513,False,,,,,,,,,,,,-26.1491667,27.9863889
SPRINGFIELD,11,Theft,10,Theft:10; Hijack:1,December,Wednesday,7,500213.76,45473.98,0,0.0571428571428571,0.0445613582558248,0.0509,False,,,,,,,,,,,,-29.8205556,30.995
MNANDI AH,10,Theft,9,Theft:9; Hijack:1,July,Friday,2,596771.04,59677.1,0,0.0476190476190476,0.0538459706605791,0.0507,False,,,,,,,,,,,,-25.8853513,28.0753563
SEBENZA,5,Theft,5,Theft:5,November,Saturday,9,1084704.68,216940.94,0,0.0,0.1007639733905743,0.0504,False,,,,,,,,,,,,-33.9842348,18.57204
OVERPORT,7,Theft,6,Theft:6; Armed Robbery:1,January,Sunday,18,883612.42,126230.35,0,0.019047619047619,0.0814276406801244,0.0502,False,,,,,,,,,,,,-29.8344444,31.0016667
LANGEBERG RIDGE,10,Theft,10,Theft:10,September,Saturday,19,585866.98,58586.7,0,0.0476190476190476,0.0527974741542754,0.0502,False,,,,,,,,,,,,-33.8421531,18.6914125
ESCOMBE,10,Theft,9,Theft:9; Burglary:1,October,Tuesday,9,584911.37,58491.14,0,0.0476190476190476,0.0527055860184444,0.0502,False,,,,,,,,,,,,-29.8758002,30.9088069
SALT ROCK,12,Theft,9,Theft:9; Attempted Hijack:2; Armed Robbery:1,March,Monday,4,383245.31,31937.11,0,0.0666666666666666,0.0333140786945645,0.05,False,,,,,,,,,,,,-29.502072,31.237079
BAYSWATER,10,Theft,9,Theft:9; Burglary:1,October,Saturday,13,580241.24,58024.12,0,0.0476190476190476,0.052256522551352,0.0499,False,,,,,,,,,,,,-29.0819444,26.24
HELDERVUE,12,Theft,12,Theft:12,March,Sunday,0,379385.97,31615.5,0,0.0666666666666666,0.0329429779755078,0.0498,False,,,,,,,,,,,,-34.06,18.8216667
VIERLANDEN,11,Theft,9,Theft:9; Burglary:2,February,Monday,2,475988.67,43271.7,0,0.0571428571428571,0.0422319578095789,0.0497,False,,,,,,,,,,,,-33.8134647,18.6576526
WELGEMOED,10,Theft,10,Theft:10,June,Friday,11,553846.83,55384.68,0,0.0476190476190476,0.0497185278346184,0.0487,False,,,,,,,,,,,,-33.8747222,18.6163889
KEW,12,Theft,9,Theft:9; Hijack:3,August,Tuesday,18,352079.11,29339.93,0,0.0666666666666666,0.0303172452385159,0.0485,False,,,,,,,,,,,,-26.1202778,28.0966667
YELLOW WOOD PARK,11,Theft,11,Theft:11,September,Sunday,13,451517.43,41047.04,0,0.0571428571428571,0.0398788884349681,0.0485,False,,,,,,,,,,,,-25.8529761,28.2436276
DOBSONVILLE,5,Theft,3,Theft:3; Hijack:1; Attempted Hijack:1,April,Sunday,23,1045748.27,209149.65,0,0.0,0.0970180604202556,0.0485,False,,,,,,,,,,,,-26.2238889,27.8666667
SUIDEROORD,10,Theft,10,Theft:10,September,Saturday,4,545032.83,54503.28,0,0.0476190476190476,0.0488710042327159,0.0482,False,,,,,,,,,,,,-26.2726206,28.0281057
WALKERVILLE,11,Theft,11,Theft:11,July,Friday,23,437000.76,39727.34,0,0.0571428571428571,0.0384830159087564,0.0478,False,,,,,,,,,,,,-26.4416667,27.9616667
ALLEN'S NEK,10,Theft,9,Theft:9; Armed Robbery:1,October,Sunday,7,530220.16,53022.02,0,0.0476190476190476,0.0474466693754215,0.0475,False,,,,,,,,,,,,-26.1172222,27.9194444
HOWICK,11,Theft,11,Theft:11,August,Saturday,23,430745.61,39158.69,0,0.0571428571428571,0.0378815424281075,0.0475,False,,,,,,,,,,,,-29.4836175,30.2242434
ALBEMARLE,5,Theft,5,Theft:5,June,Monday,13,1021675.63,204335.13,0,0.0,0.0947033190360826,0.0474,False,,,,,,,,,,,,-33.9031645,18.3992763
NEWCASTLE,10,Theft,10,Theft:10,March,Friday,7,515365.76,51536.58,0,0.0476190476190476,0.0460183219063837,0.0468,False,,,,,,,,,,,,-27.7544581,29.932561
EASTLEIGH,9,Theft,8,Theft:8; Hijack:1,March,Friday,13,604085.66,67120.63,0,0.0380952380952381,0.0545493190936342,0.0463,False,,,,,,,,,,,,-26.1327235,28.1401302
DISCOVERY,10,Theft,10,Theft:10,September,Wednesday,5,497862.39,49786.24,0,0.0476190476190476,0.0443352586901559,0.046,False,,,,,,,,,,,,-26.1605556,27.8925
MALANSHOF,9,Theft,9,Theft:9,September,Wednesday,11,593852.79,65983.64,0,0.0380952380952381,0.0535653618846258,0.0458,False,,,,,,,,,,,,-26.0927778,27.9775
MODELPARK,7,Theft,7,Theft:7,December,Tuesday,17,791938.8,113134.11,0,0.019047619047619,0.0726126240450169,0.0458,False,,,,,,,,,,,,-25.865,29.2463889
LINKSFIELD,6,Theft,5,Theft:5; Hijack:1,January,Wednesday,18,877020.44,146170.07,0,0.0095238095238095,0.0807937787975206,0.0452,False,,,,,,,,,,,,-26.1636111,28.1011111
ST JAMES,6,Theft,6,Theft:6,March,Wednesday,23,852477.85,142079.64,0,0.0095238095238095,0.0784338486549276,0.044,False,,,,,,,,,,,,-34.1190998,18.4567553
EERSTERUST,12,Theft,12,Theft:12,October,Sunday,9,253942.36,21161.86,0,0.0666666666666666,0.0208807564889129,0.0438,False,,,,,,,,,,,,-25.7027778,28.3161111
UITENHAGE,10,Theft,8,Theft:8; Hijack:1; Armed Robbery:1,December,Wednesday,1,450816.16,45081.62,0,0.0476190476190476,0.039811456749433,0.0437,False,,,,,,,,,,,,-33.7678979,25.3978174
CLAYVILLE,6,Theft,5,Theft:5; Hijack:1,May,Wednesday,13,828854.04,138142.34,0,0.0095238095238095,0.0761622652033892,0.0428,False,,,,,,,,,,,,-25.9547222,28.2225
GROSVENOR,9,Theft,9,Theft:9,December,Monday,13,531615.95,59068.44,0,0.0380952380952381,0.0475808836899552,0.0428,False,,,,,,,,,,,,-29.915,31.0069444
BOSTON,12,Theft,11,Theft:11; Burglary:1,August,Wednesday,20,233895.52,19491.29,0,0.0666666666666666,0.0189531220387696,0.0428,False,,,,,,,,,,,,-29.6827587,30.0257348
KANONKOP,11,Theft,11,Theft:11,October,Saturday,14,326705.26,29700.48,0,0.0571428571428571,0.0278773840238424,0.0425,False,,,,,,,,,,,,-33.8629301,18.9069296
EVERSDAL,11,Theft,11,Theft:11,September,Monday,18,319524.93,29047.72,0,0.0571428571428571,0.0271869484503855,0.0422,False,,,,,,,,,,,,-33.8616667,18.6486111
BENONI AH,9,Theft,9,Theft:9,March,Thursday,2,514902.91,57211.43,0,0.0380952380952381,0.0459738158592835,0.042,False,,,,,,,,,,,,-26.1930356,28.3082376
PORT ALFRED,7,Theft,6,Theft:6; Burglary:1,April,Friday,4,709092.86,101298.98,0,0.019047619047619,0.0646464464330592,0.0418,False,,,,,,,,,,,,-33.5981844,26.8914772
ORLANDO WEST,5,Theft,4,Theft:4; Hijack:1,December,Saturday,19,905087.72,181017.54,0,0.0,0.0834926308784379,0.0417,False,,,,,,,,,,,,-26.2205556,27.9147222
KRUGERSDORP WEST,7,Theft,7,Theft:7,November,Wednesday,9,704053.82,100579.12,0,0.019047619047619,0.0641619098627244,0.0416,False,,,,,,,,,,,,-26.0966667,27.7516667
PROTEA HEIGHTS,12,Theft,11,Theft:11; Burglary:1,April,Thursday,2,207481.48,17290.12,0,0.0666666666666666,0.0164132397694713,0.0415,False,,,,,,,,,,,,-33.8824588,18.7140689
ASHLEY,9,Theft,9,Theft:9,January,Sunday,0,489965.57,54440.62,0,0.0380952380952381,0.0435759279288698,0.0408,False,,,,,,,,,,,,-29.825,30.8494444
AMALINDA,10,Theft,9,Theft:9; Burglary:1,September,Tuesday,7,389516.76,38951.68,0,0.0476190476190476,0.0339171195265535,0.0408,False,,,,,,,,,,,,-32.9903609,27.8612765
BENMORE GARDENS,5,Theft,5,Theft:5,June,Wednesday,14,884337.11,176867.42,0,0.0,0.0814973243514498,0.0407,False,,,,,,,,,,,,-26.0996569,28.0492199
BERGVLIET,11,Theft,11,Theft:11,October,Thursday,1,288519.28,26229.03,0,0.0571428571428571,0.0242055529242536,0.0407,False,,,,,,,,,,,,-34.0447957,18.4528321
HEUWELOORD,11,Theft,11,Theft:11,February,Tuesday,10,283878.27,25807.12,0,0.0571428571428571,0.0237592895351379,0.0405,False,,,,,,,,,,,,-25.8822222,28.1130556
NAHOON,10,Theft,8,Theft:8; Armed Robbery:1; Burglary:1,August,Saturday,8,377533.56,41948.17,1,0.0476190476190476,0.0327648566690181,0.0402,False,,,,,,,,,,,,-32.8677267,27.7406592
LAKESIDE,10,Theft,10,Theft:10,February,Friday,0,378069.2,37806.92,0,0.0476190476190476,0.0328163619494949,0.0402,False,,,,,,,,,,,,-26.0987924,28.1482736
FLORENTIA,6,Theft,6,Theft:6,December,Sunday,12,772049.93,128674.99,0,0.0095238095238095,0.0707001794409586,0.0401,False,,,,,,,,,,,,-26.2415836,28.2918
RASLOUW AH,5,Theft,4,Theft:4; Burglary:1,April,Saturday,20,863715.11,172743.02,0,0.0,0.0795143845150041,0.0398,False,,,,,,,,,,,,-25.8528948,28.1186786
OAKDENE,8,Theft,5,Theft:5; Attempted Theft:1; Burglary:1; Hijack:1,January,Saturday,14,561039.43,70129.93,0,0.0285714285714285,0.0504101432486238,0.0395,False,,,,,,,,,,,,-26.2636111,28.0525
FLAMWOOD,11,Theft,10,Theft:10; Burglary:1,November,Wednesday,8,251702.47,22882.04,0,0.0571428571428571,0.0206653764525315,0.0389,False,,,,,,,,,,,,-26.8525,26.6686111
RIDGEWAY,11,Theft,9,Theft:9; Armed Robbery:1; Burglary:1,September,Wednesday,12,244734.36,22248.58,0,0.0571428571428571,0.0199953472165827,0.0386,False,,,,,,,,,,,,-26.2644444,28.0027778
IMPALA PARK,9,Theft,6,Theft:6; Armed Robbery:1; Hijack:1; Accidental Loss:1,October,Wednesday,12,443256.06,49250.67,0,0.0380952380952381,0.039084503812884,0.0386,False,,,,,,,,,,,,-26.1611111,28.2666667
STANDERTON,6,Theft,6,Theft:6,October,Tuesday,2,735676.15,122612.69,0,0.0095238095238095,0.0672026031940324,0.0384,False,,,,,,,,,,,,-26.9433333,29.2436111
PROTEA GLEN,10,Theft,9,Theft:9; Armed Robbery:1,June,Friday,0,341242.85,34124.28,0,0.0476190476190476,0.0292752681445346,0.0384,False,,,,,,,,,,,,-26.2722222,27.8169444
ROUXVILLE,9,Theft,9,Theft:9,September,Saturday,16,437320.63,48591.18,0,0.0380952380952381,0.0385137734960653,0.0383,False,,,,,,,,,,,,-30.418428,26.837205
RIDGEWORTH,7,Theft,7,Theft:7,April,Thursday,20,632336.57,90333.8,0,0.019047619047619,0.0572658283970404,0.0382,False,,,,,,,,,,,,-33.8738889,18.6447222
HORIZON VIEW,5,Theft,5,Theft:5,February,Sunday,14,820432.01,164086.4,0,0.0,0.0753524320741708,0.0377,False,,,,,,,,,,,,-26.1441667,27.8675
CHARLO,9,Theft,7,Theft:7; Burglary:2,August,Saturday,0,425267.8,47251.98,0,0.0380952380952381,0.0373548152597687,0.0377,False,,,,,,,,,,,,-33.9868155,25.548487
MILL PARK,8,Theft,8,Theft:8,October,Saturday,13,517191.33,64648.92,0,0.0285714285714285,0.0461938623717711,0.0374,False,,,,,,,,,,,,-33.9634718,25.5889933
KLOOFENDAL,8,Theft,7,Theft:7; Armed Robbery:1,January,Friday,3,516676.0,64584.5,0,0.0285714285714285,0.0461443100302952,0.0374,False,,,,,,,,,,,,-26.1366667,27.8905556
WATERKLOOF HEIGHTS,6,Theft,6,Theft:6,August,Tuesday,1,706657.19,117776.2,0,0.0095238095238095,0.0644122408724232,0.037,False,,,,,,,,,,,,-25.7969444,28.2572222
CROSSMOOR,8,Theft,5,Theft:5; Hijack:3,April,Thursday,21,504125.55,63015.69,0,0.0285714285714285,0.0449375023845615,0.0368,False,,,,,,,,,,,,-29.8934703,30.8635935
ROBIN HILLS,6,Theft,6,Theft:6,August,Wednesday,11,698168.08,116361.35,0,0.0095238095238095,0.0635959575635797,0.0366,False,,,,,,,,,,,,-26.1116667,27.9822222
DENNEOORD,5,Theft,5,Theft:5,May,Wednesday,4,794592.96,158918.59,0,0.0,0.0728678388445659,0.0364,False,,,,,,,,,,,,-26.2611111,28.3591667
PETERVALE,8,Theft,7,Theft:7; Burglary:1,July,Monday,22,496485.37,62060.67,0,0.0285714285714285,0.0442028492335764,0.0364,False,,,,,,,,,,,,-26.0408333,28.0458333
OAKDALE,10,Theft,9,Theft:9; Attempted Theft:1,November,Friday,5,290668.32,29066.83,0,0.0476190476190476,0.0244121971404361,0.036,False,,,,,,,,,,,,-33.8913889,18.6363889
CARLETONVILLE,10,Theft,9,Theft:9; Hijack:1,November,Sunday,0,291100.65,29110.06,0,0.0476190476190476,0.0244537684904259,0.036,False,,,,,,,,,,,,-26.361436,27.401916
MURRAYFIELD,5,Theft,5,Theft:5,March,Friday,14,786401.61,157280.32,0,0.0,0.0720801871022873,0.036,False,,,,,,,,,,,,-25.7469444,28.3077778
PARKWOOD,8,Theft,7,Theft:7; Armed Robbery:1,October,Thursday,20,483461.45,60432.68,0,0.0285714285714285,0.0429505143584585,0.0358,False,,,,,,,,,,,,-34.0333338,18.4955569
SILVER LAKES GOLF ESTATE,9,Theft,9,Theft:9,July,Friday,17,382812.96,42534.77,0,0.0380952380952381,0.0332725054214442,0.0357,False,,,,,,,,,,,,-25.7737847,28.3701288
CULLINAN,10,Theft,10,Theft:10,June,Sunday,9,284112.36,28411.24,0,0.0476190476190476,0.0237817988158243,0.0357,False,,,,,,,,,,,,-25.670556,28.528889
CAPE TOWN,10,Theft,10,Theft:10,October,Saturday,19,282582.74,28258.27,0,0.0476190476190476,0.0236347158736933,0.0356,False,,,,,,,,,,,,-33.9288301,18.4172197
RETREAT,10,Theft,10,Theft:10,November,Wednesday,3,280786.96,28078.7,0,0.0476190476190476,0.0234620399111537,0.0355,False,,,,,,,,,,,,-34.0541667,18.4763889
HAZEL PARK,5,Theft,3,Theft:3; Burglary:1; Armed Robbery:1,September,Saturday,17,773260.8,154652.16,0,0.0,0.0708166124910874,0.0354,False,,,,,,,,,,,,-33.8693693,18.7149911
BAYSVILLE,8,Theft,8,Theft:8,December,Monday,18,469017.25,58627.16,0,0.0285714285714285,0.0415616102955359,0.0351,False,,,,,,,,,,,,-32.9953858,27.9119935
NEW GERMANY,8,Theft,8,Theft:8,May,Wednesday,2,467596.02,58449.5,0,0.0285714285714285,0.0414249497590335,0.035,False,,,,,,,,,,,,-29.805,30.8797222
ROBERTSHAM,6,Theft,6,Theft:6,August,Friday,14,664634.78,110772.46,0,0.0095238095238095,0.0603715119997409,0.0349,False,,,,,,,,,,,,-26.2427778,28.0163889
RIETFONTEIN,8,Theft,7,Theft:7; Burglary:1,June,Wednesday,20,464444.36,58055.54,0,0.0285714285714285,0.0411218970888302,0.0348,False,,,,,,,,,,,,-26.7452865,20.0271929
RAVENSWOOD,7,Theft,7,Theft:7,June,Thursday,3,560188.27,80026.9,0,0.019047619047619,0.0503282986617171,0.0347,False,,,,,,,,,,,,-26.1963889,28.2561111
WITFIELD,10,Theft,9,Theft:9; Burglary:1,April,Sunday,2,263941.79,26394.18,0,0.0476190476190476,0.0218422669189754,0.0347,False,,,,,,,,,,,,-26.1875,28.2038889
SHARONLEA,6,Theft,6,Theft:6,July,Wednesday,1,656333.71,109388.95,0,0.0095238095238095,0.0595733099636568,0.0345,False,,,,,,,,,,,,-26.0641667,27.9655556
PAROW NORTH,10,Theft,8,Theft:8; Burglary:1; Armed Robbery:1,May,Wednesday,20,256589.95,25659.0,0,0.0476190476190476,0.0211353395400997,0.0344,False,,,,,,,,,,,,-33.8903948,18.5859247
LEPHALALE,10,Theft,10,Theft:10,February,Friday,3,257212.47,25721.25,0,0.0476190476190476,0.0211951988993755,0.0344,False,,,,,,,,,,,,-23.683333,27.733333
BERARIO,9,Theft,8,Theft:8; Armed Robbery:1,December,Monday,14,354032.9,39336.99,0,0.0380952380952381,0.0305051148934014,0.0343,False,,,,,,,,,,,,-26.1333333,27.9541667
REDFERN,8,Theft,8,Theft:8,December,Friday,19,452585.71,56573.21,0,0.0285714285714285,0.03998161052635,0.0343,False,,,,,,,,,,,,-29.7146138,30.9839988
FYNNLANDS,9,Theft,8,Theft:8; Burglary:1,August,Monday,13,349205.5,38800.61,0,0.0380952380952381,0.0300409288897908,0.0341,False,,,,,,,,,,,,-29.8947944,31.0284505
MARIANNHILL,5,Hijack,3,Hijack:3; Theft:2,February,Friday,10,746527.52,149305.5,0,0.0,0.0682460332130902,0.0341,False,,,,,,,,,,,,-29.8452778,30.8247222
BEREA WEST,9,Theft,7,Theft:7; Burglary:1; Armed Robbery:1,February,Wednesday,0,348653.36,38739.26,0,0.0380952380952381,0.0299878370266691,0.034,False,,,,,,,,,,,,-29.8388889,30.9444444
HARTSWATER,10,Theft,10,Theft:10,January,Sunday,12,247502.1,24750.21,0,0.0476190476190476,0.0202614834741195,0.0339,False,,,,,,,,,,,,-27.7516667,24.81
LINDHAVEN,10,Theft,8,Theft:8; Stolen and recovered:1; Attempted Theft:1,September,Wednesday,18,242423.17,24242.32,0,0.0476190476190476,0.0197731112200453,0.0337,False,,,,,,,,,,,,-26.1430556,27.8513889
SANDTON,6,Theft,6,Theft:6,January,Thursday,19,635997.69,105999.62,0,0.0095238095238095,0.0576178689699241,0.0336,True,Sandton,81.0,Decreased,60.0,Decreased,48.0,Decreased,17.0,Decreased,4.0,Increased,-26.0682406,28.0479844
VALMARY PARK,6,Theft,5,Theft:5; Burglary:1,October,Sunday,18,631494.03,105249.0,0,0.0095238095238095,0.05718481267937,0.0334,False,,,,,,,,,,,,-33.8458322,18.6509295
NORTHDALE,8,Theft,7,Theft:7; Armed Robbery:1,May,Sunday,10,432871.61,54108.95,0,0.0285714285714285,0.0380859711979786,0.0333,False,,,,,,,,,,,,-29.5572222,30.3938889
KILNER PARK,7,Theft,7,Theft:7,December,Sunday,13,531286.44,75898.06,0,0.019047619047619,0.0475491991537556,0.0333,False,,,,,,,,,,,,-25.7152778,28.2627778
BEDFORD GARDENS,5,Theft,5,Theft:5,November,Friday,13,730248.78,146049.76,0,0.0,0.0666807261607606,0.0333,False,,,,,,,,,,,,-29.8692539,30.9887682
IFAFI,7,Theft,7,Theft:7,September,Friday,23,530171.5,75738.79,0,0.019047619047619,0.0474419903989672,0.0332,False,,,,,,,,,,,,-25.7438889,27.8983333
HUMEWOOD,11,Theft,8,Theft:8; Attempted Theft:1; Burglary:1; Windscreen/ Motor glass damage:1,April,Friday,4,133458.93,12132.63,0,0.0571428571428571,0.0092954886691758,0.0332,False,,,,,,,,,,,,-33.9777778,25.6413889
KING WILLIAM'S TOWN,10,Theft,8,Theft:8; Armed Robbery:2,September,Friday,1,229160.91,25462.32,1,0.0476190476190476,0.0184978583990143,0.0331,False,,,,,,,,,,,,-32.8802106,27.3937677
ERASMUSRAND,7,Theft,7,Theft:7,September,Wednesday,0,524946.6,74992.37,0,0.019047619047619,0.0469395821770952,0.033,False,,,,,,,,,,,,-25.8116667,28.2541667
SOUTHERNWOOD,9,Theft,8,Theft:8; Glass Damage:1,August,Thursday,14,315201.79,35022.42,0,0.0380952380952381,0.0267712503355309,0.0324,False,,,,,,,,,,,,-33.0026452,27.9019248
BELA-BELA,11,Theft,11,Theft:11,February,Monday,2,114520.71,10410.97,0,0.0571428571428571,0.0074744552645897,0.0323,False,,,,,,,,,,,,-24.8806014,28.2904774
NATURENA,7,Theft,6,Theft:6; Hijack:1,April,Thursday,8,503641.79,71948.83,0,0.019047619047619,0.0448909857045461,0.032,False,,,,,,,,,,,,-26.2832168,27.959597
ORMONDE,5,Theft,5,Theft:5,April,Thursday,16,700277.9,140055.58,0,0.0,0.0637988305208937,0.0319,False,,,,,,,,,,,,-26.2469444,27.9941667
PARKDENE,8,Theft,8,Theft:8,December,Thursday,7,403067.85,50383.48,0,0.0285714285714285,0.0352201452363907,0.0319,False,,,,,,,,,,,,-33.9880699,22.4844425
BELLAIR,8,Theft,8,Theft:8,June,Tuesday,17,400592.52,50074.06,0,0.0285714285714285,0.0349821261080157,0.0318,False,,,,,,,,,,,,-29.8922222,30.9516667
FREEWAY PARK,9,Theft,8,Theft:8; Burglary:1,May,Tuesday,4,299510.76,33278.97,0,0.0380952380952381,0.0252624554338791,0.0317,False,,,,,,,,,,,,-26.2591667,28.2380556
BLOEMFONTEIN CENTRAL,11,Theft,11,Theft:11,October,Monday,11,98086.28,8916.93,0,0.0571428571428571,0.0058941776030497,0.0315,False,,,,,,,,,,,,-29.116885,26.2232712
UNIVERSITAS,8,Theft,6,Theft:6; Burglary:1; Attempted Theft:1,December,Sunday,0,385860.49,48232.56,0,0.0285714285714285,0.0335655453128109,0.0311,False,,,,,,,,,,,,-29.1211111,26.185
OTTERY,10,Theft,10,Theft:10,August,Saturday,13,180222.41,18022.24,0,0.0476190476190476,0.013792102352758,0.0307,False,,,,,,,,,,,,-34.0131526,18.5091531
JEFFREY'S BAY,8,Theft,8,Theft:8,January,Saturday,18,375843.37,46980.42,0,0.0285714285714285,0.03260233387384,0.0306,False,,,,,,,,,,,,-34.0536224,24.9233509
CASTLE HILL,6,Theft,3,Theft:3; Burglary:1; Hijack:1; Stolen and recovered:1,May,Sunday,13,570077.6,95012.93,0,0.0095238095238095,0.0512792222584952,0.0304,False,,,,,,,,,,,,-33.9631834,25.6223703
BLACKHEATH,5,Theft,4,Theft:4; Windscreen/ Motor glass damage:1,April,Wednesday,8,665989.6,133197.92,0,0.0,0.0605017867814891,0.0303,False,,,,,,,,,,,,-26.1344444,27.9741667
DURBANVILLE HILLS,7,Theft,7,Theft:7,March,Saturday,9,466500.91,66642.99,0,0.019047619047619,0.0413196477881146,0.0302,False,,,,,,,,,,,,-33.8480556,18.6386111
FLAMINGO VLEI,8,Theft,7,Theft:7; Burglary:1,December,Saturday,13,363983.38,45497.92,0,0.0285714285714285,0.0314619184616177,0.03,False,,,,,,,,,,,,-33.8309231,18.4917263
DELMAS,9,Theft,7,Theft:7; Hijack:1; Armed Robbery:1,April,Tuesday,0,262953.79,29217.09,0,0.0380952380952381,0.0217472642733345,0.0299,False,,,,,,,,,,,,-26.146111,28.683611
ZONNEBLOEM,10,Theft,10,Theft:10,December,Friday,5,162672.08,16267.21,0,0.0476190476190476,0.0121045236261665,0.0299,False,,,,,,,,,,,,-33.932546,18.435048
CENTURY CITY,9,Theft,9,Theft:9,November,Saturday,17,260783.44,28975.94,0,0.0380952380952381,0.0215385709616271,0.0298,False,,,,,,,,,,,,-33.8890503,18.5119603
ERASMUS,6,Theft,5,Theft:5; Hijack:1,September,Tuesday,3,557042.46,92840.41,0,0.0095238095238095,0.0500258085071788,0.0298,False,,,,,,,,,,,,-25.8161111,28.7472222
STRANDFONTEIN,8,Theft,8,Theft:8,October,Tuesday,7,357966.24,44745.78,0,0.0285714285714285,0.0308833311952289,0.0297,False,,,,,,,,,,,,-31.755556,18.227222
KENRIDGE,7,Theft,7,Theft:7,September,Saturday,13,439561.02,62794.43,0,0.019047619047619,0.0387292016107087,0.0289,False,,,,,,,,,,,,-33.8580556,18.6372222
NAHOON VALLEY PARK,8,Theft,8,Theft:8,February,Thursday,11,336674.07,42084.26,0,0.0285714285714285,0.0288359501411422,0.0287,False,,,,,,,,,,,,-32.9529823,27.9130692
PROTEA VALLEY,6,Theft,6,Theft:6,April,Sunday,2,532290.0,88715.0,0,0.0095238095238095,0.0476456979949089,0.0286,False,,,,,,,,,,,,-33.8655606,18.6166051
MAGALIESBURG,6,Theft,5,Theft:5; Armed Robbery:1,March,Saturday,21,532996.79,88832.8,0,0.0095238095238095,0.0477136604644561,0.0286,False,,,,,,,,,,,,-26.000223,27.547809
LA LUCIA,9,Theft,9,Theft:9,June,Tuesday,17,233368.31,25929.81,0,0.0380952380952381,0.0189024273577895,0.0285,False,,,,,,,,,,,,-29.7547222,31.0594444
BAKOVEN,8,Theft,8,Theft:8,January,Monday,11,329836.39,41229.55,0,0.0285714285714285,0.0281784626006094,0.0284,False,,,,,,,,,,,,-33.96,18.3827778
TONGAAT,9,Theft,6,Theft:6; Hijack:1; Armed Robbery:1; Burglary:1,February,Saturday,8,229182.18,28647.77,1,0.0380952380952381,0.0184999036482783,0.0283,False,,,,,,,,,,,,-33.9247859,18.8508523
LAMBTON,8,Theft,6,Theft:6; Armed Robbery:1; Burglary:1,June,Saturday,0,322286.29,40285.79,0,0.0285714285714285,0.0274524712292997,0.028,False,,,,,,,,,,,,-26.2432141,28.1800743
VEREENIGING,7,Theft,5,Theft:5; Hijack:1; Burglary:1,March,Wednesday,12,418590.07,59798.58,0,0.019047619047619,0.0367127079552382,0.0279,False,,,,,,,,,,,,-26.6747222,27.9261111
HALFWAY HOUSE,9,Theft,6,Theft:6; Hijack:3,March,Sunday,6,220237.23,27529.65,1,0.0380952380952381,0.0176397883495674,0.0279,False,,,,,,,,,,,,-25.9949025,28.1289133
WOODLANDS,8,Theft,7,Theft:7; Armed Robbery:1,December,Wednesday,14,312788.39,39098.55,0,0.0285714285714285,0.0265391861806828,0.0276,False,,,,,,,,,,,,-34.0397222,18.5994444
REMBRANDTPARK,7,Theft,6,Theft:6; Armed Robbery:1,May,Wednesday,10,405859.57,57979.94,0,0.019047619047619,0.0354885873273713,0.0273,False,,,,,,,,,,,,-26.1236111,28.1286111
TERENURE,8,Theft,8,Theft:8,January,Monday,2,305964.25,38245.53,0,0.0285714285714285,0.025883000599484,0.0272,False,,,,,,,,,,,,-26.0808328,28.1962283
NYANGA,7,Theft,6,Theft:6; Hijack:1,March,Friday,19,401847.8,57406.83,0,0.019047619047619,0.0351028294693722,0.0271,False,,,,,,,,,,,,-33.9869444,18.5847222
ONRUS RIVER,9,Theft,9,Theft:9,May,Friday,13,200039.62,22226.62,0,0.0380952380952381,0.0156976563803116,0.0269,False,,,,,,,,,,,,-34.3722135,19.2323511
RANGEVIEW,8,Theft,8,Theft:8,November,Tuesday,14,295167.87,36895.98,0,0.0285714285714285,0.0248448582276769,0.0267,False,,,,,,,,,,,,-26.1119444,27.8263889
LEVALLIA,9,Theft,9,Theft:9,August,Monday,12,190992.46,21221.38,0,0.0380952380952381,0.01482771292329,0.0265,False,,,,,,,,,,,,-33.9675,22.4830556
HEUWELSIG,8,Theft,8,Theft:8,February,Thursday,0,289035.77,36129.47,0,0.0285714285714285,0.0242552168072972,0.0264,False,,,,,,,,,,,,-29.0822222,26.1994444
MAKHADO,7,Theft,7,Theft:7,December,Tuesday,23,385320.12,55045.73,0,0.019047619047619,0.0335135852119758,0.0263,False,,,,,,,,,,,,-23.038326,29.906665
BOKSBURG NORTH,9,Theft,7,Theft:7; Armed Robbery:2,September,Friday,13,184139.49,23017.44,1,0.0380952380952381,0.0141687551495063,0.0261,False,,,,,,,,,,,,-26.2084475,28.2535265
RISIVILLE,7,Theft,7,Theft:7,January,Sunday,0,382488.32,54641.19,0,0.019047619047619,0.0332412891675162,0.0261,False,,,,,,,,,,,,-26.6430556,27.9786111
PAREL VALLEI,7,Theft,7,Theft:7,September,Sunday,9,376910.95,53844.42,0,0.019047619047619,0.0327049886556552,0.0259,False,,,,,,,,,,,,-34.0673594,18.8572964
UPINGTON,8,Theft,8,Theft:8,October,Thursday,9,274762.67,34345.33,0,0.0285714285714285,0.0228827651256188,0.0257,False,,,,,,,,,,,,-28.456325,21.241867
PHOENIX INDUSTRIAL,7,Theft,7,Theft:7,May,Wednesday,3,349548.01,49935.43,0,0.019047619047619,0.0300738634608014,0.0246,False,,,,,,,,,,,,-29.7216338,31.0017176
THERESAPARK,8,Theft,8,Theft:8,October,Friday,10,250241.63,31280.2,0,0.0285714285714285,0.0205249071561163,0.0245,False,,,,,,,,,,,,-25.6730556,28.1444444
MALMESBURY,9,Theft,8,Theft:8; Burglary:1,September,Friday,2,149438.01,16604.22,0,0.0380952380952381,0.0108319814575451,0.0245,False,,,,,,,,,,,,-33.460278,18.723611
MILNERTON RIDGE,6,Theft,4,Theft:4; Armed Robbery:2,May,Friday,4,444341.73,74056.96,0,0.0095238095238095,0.0391888980662171,0.0244,False,,,,,,,,,,,,-33.8530522,18.5089905
DEL JUDOR,5,Theft,5,Theft:5,April,Friday,23,540472.6,108094.52,0,0.0,0.0484325083676032,0.0242,False,,,,,,,,,,,,-25.8958333,29.2405556
KWADUKUZA,8,Theft,8,Theft:8,January,Tuesday,14,240544.85,30068.11,0,0.0285714285714285,0.0195924984980206,0.0241,False,,,,,,,,,,,,-29.3383782,31.2881205
VAN RIEBEECKPARK,8,Theft,7,Theft:7; Armed Robbery:1,November,Friday,3,239886.51,34269.5,1,0.0285714285714285,0.0195291948120578,0.0241,False,,,,,,,,,,,,-26.0879289,28.2217823
SHERE,5,Theft,4,Theft:4; Armed Robbery:1,August,Wednesday,12,533307.11,106661.42,0,0.0,0.0477434997569614,0.0239,False,,,,,,,,,,,,-25.7947566,28.3562043
PHALABORWA,8,Theft,8,Theft:8,June,Friday,2,237586.65,29698.33,0,0.0285714285714285,0.0193080482689365,0.0239,False,,,,,,,,,,,,-23.948502,31.137577
NORTHGATE,9,Theft,8,Theft:8; Attempted Hijack:1,February,Wednesday,14,124669.44,13852.16,0,0.0380952380952381,0.0084503218636748,0.0233,False,,,,,,,,,,,,-26.0580556,27.9480556
HELENA HEIGHTS,5,Theft,5,Theft:5,July,Thursday,19,521579.44,104315.89,0,0.0,0.0466158077759853,0.0233,False,,,,,,,,,,,,-34.0572222,18.8361111
FRANSCHHOEK,8,Theft,8,Theft:8,June,Saturday,0,221905.93,27738.24,0,0.0285714285714285,0.0178002447410463,0.0232,False,,,,,,,,,,,,-33.909167,19.119444
MOUNT CROIX,8,Theft,8,Theft:8,October,Wednesday,16,223097.6,27887.2,0,0.0285714285714285,0.0179148315859157,0.0232,False,,,,,,,,,,,,-33.955779,25.6015725
PIET RETIEF,5,Theft,5,Theft:5,April,Wednesday,1,516953.91,103390.78,0,0.0,0.0461710328898601,0.0231,False,,,,,,,,,,,,-27.006667,30.807778
ELANDSPARK,8,Theft,8,Theft:8,May,Friday,2,216156.53,27019.57,0,0.0285714285714285,0.0172474024223739,0.0229,False,,,,,,,,,,,,-26.24,28.1105556
SUNNYRIDGE,7,Theft,7,Theft:7,December,Monday,14,311939.22,44562.75,0,0.019047619047619,0.0264575329452588,0.0228,False,,,,,,,,,,,,-26.17,28.1772222
HORISON,5,Theft,5,Theft:5,December,Saturday,3,508327.95,101665.59,0,0.0,0.0453415905607171,0.0227,False,,,,,,,,,,,,-26.1519444,27.8775
WORCESTER,8,Theft,8,Theft:8,December,Wednesday,6,211573.84,26446.73,0,0.0285714285714285,0.0168067468817338,0.0227,False,,,,,,,,,,,,-33.646238,19.445927
PARADYSKLOOF,7,Theft,7,Theft:7,December,Saturday,2,307824.27,43974.9,0,0.019047619047619,0.0260618536571207,0.0226,False,,,,,,,,,,,,-33.9636111,18.8566667
WAPADRAND,6,Theft,6,Theft:6,December,Sunday,15,408280.43,68046.74,0,0.0095238095238095,0.0357213688098879,0.0226,False,,,,,,,,,,,,-25.7824841,28.3389308
LAUDIUM,7,Theft,6,Theft:6; Armed Robbery:1,January,Friday,16,304227.42,43461.06,0,0.019047619047619,0.0257159930640299,0.0224,False,,,,,,,,,,,,-25.7891012,28.1032119
EVERTON H C,7,Theft,6,Theft:6; Hijack:1,April,Thursday,4,304927.53,43561.08,0,0.019047619047619,0.0257833132079972,0.0224,False,,,,,,,,,,,,-34.0392157,18.5855439
SELECTION PARK,5,Theft,3,Theft:3; Armed Robbery:2,July,Tuesday,20,503705.82,100741.16,0,0.0,0.0448971426067732,0.0224,False,,,,,,,,,,,,-26.2782911,28.4454059
BLUE HILLS,7,Theft,7,Theft:7,June,Wednesday,1,303175.41,43310.77,0,0.019047619047619,0.0256148354392923,0.0223,False,,,,,,,,,,,,-25.9382165,28.1043655
UVONGO,6,Theft,6,Theft:6,August,Thursday,4,401842.59,66973.76,0,0.0095238095238095,0.0351023284938825,0.0223,False,,,,,,,,,,,,-30.8444444,30.3866667
STRATHAVON,5,Theft,5,Theft:5,June,Tuesday,15,500910.28,100182.06,0,0.0,0.0446283331978712,0.0223,False,,,,,,,,,,,,-26.095,28.07
KYALAMI GARDENS,8,Theft,6,Theft:6; Hijack:1; Armed Robbery:1,November,Monday,18,201136.06,28733.72,1,0.0285714285714285,0.0158030862394073,0.0222,False,,,,,,,,,,,,-33.830163,18.5338741
NEWLANDS EAST,8,Theft,7,Theft:7; Burglary:1,June,Saturday,2,201377.39,25172.17,0,0.0285714285714285,0.0158262916933269,0.0222,False,,,,,,,,,,,,-29.7850901,30.9748368
NORKEM PARK,6,Theft,5,Theft:5; Stolen and recovered:1,October,Friday,16,393309.55,65551.59,0,0.0095238095238095,0.0342818210289429,0.0219,False,,,,,,,,,,,,-26.055,28.2227778
GEZINA,6,Theft,6,Theft:6,April,Wednesday,21,391641.1,65273.52,0,0.0095238095238095,0.034121388676595,0.0218,False,,,,,,,,,,,,-25.7177778,28.2097222
AERORAND,8,Theft,7,Theft:7; Burglary:1,October,Friday,15,189718.19,23714.77,0,0.0285714285714285,0.0147051835495441,0.0216,False,,,,,,,,,,,,-25.8010137,29.4502556
MOSELEY PARK,5,Theft,5,Theft:5,January,Saturday,4,475083.65,95016.73,0,0.0,0.0421449342322935,0.0211,False,,,,,,,,,,,,-29.8463889,30.8741667
VERMONT,5,Theft,5,Theft:5,July,Saturday,5,476018.44,95203.69,0,0.0,0.0422348203892962,0.0211,False,,,,,,,,,,,,-34.4183333,19.1527778
WONDERBOOM SOUTH,5,Theft,5,Theft:5,November,Monday,11,472778.2,94555.64,0,0.0,0.0419232501742034,0.021,False,,,,,,,,,,,,-25.7,28.2086111
THEESCOMBE AH,8,Theft,8,Theft:8,June,Friday,0,174633.12,21829.14,0,0.0285714285714285,0.0132546556551318,0.0209,False,,,,,,,,,,,,-33.9736987,25.4755096
MONTE VISTA,7,Theft,5,Theft:5; Collision:1; Burglary:1,December,Friday,3,268425.82,38346.55,0,0.019047619047619,0.0222734356569649,0.0207,False,,,,,,,,,,,,-33.8797222,18.555
NELLMAPIUS,5,Hijack,2,Hijack:2; Theft:2; Armed Robbery:1,February,Monday,13,454801.22,90960.24,0,0.0,0.040194646266678,0.0201,False,,,,,,,,,,,,-33.9472568,18.8601356
RUSTENBURG NORTH,7,Theft,7,Theft:7,October,Friday,14,257187.09,36741.01,0,0.019047619047619,0.0211927584467982,0.0201,False,,,,,,,,,,,,-25.6522222,27.2319444
KATHU,8,Theft,8,Theft:8,February,Friday,10,151905.64,18988.21,0,0.0285714285714285,0.0110692601806859,0.0198,False,,,,,,,,,,,,-27.695833,23.05
THE DE DEUR ESTATES,5,Theft,5,Theft:5,January,Thursday,10,446918.95,89383.79,0,0.0,0.0394367145828151,0.0197,False,,,,,,,,,,,,-26.5002261,27.8980413
BETTY'S BAY,6,Theft,5,Theft:5; Burglary:1,December,Saturday,15,337576.65,56262.78,0,0.0095238095238095,0.0289227390965093,0.0192,False,,,,,,,,,,,,-34.353611,18.917778
RUGBY,5,Theft,4,Theft:4; Hijack:1,January,Saturday,7,433775.84,86755.17,0,0.0,0.0381729188116102,0.0191,False,,,,,,,,,,,,-33.8976137,18.4877778
SILVERFIELDS,5,Theft,5,Theft:5,September,Sunday,14,433973.34,86794.67,0,0.0,0.038191909725086,0.0191,False,,,,,,,,,,,,-26.1205556,27.8241667
DIEP RIVER,7,Theft,7,Theft:7,July,Wednesday,15,236708.45,33815.49,0,0.019047619047619,0.0192236036096228,0.0191,False,,,,,,,,,,,,-34.0359793,18.4675126
MAYVILLE,5,Theft,5,Theft:5,July,Tuesday,17,434203.58,86840.72,0,0.0,0.0382140488031552,0.0191,False,,,,,,,,,,,,-25.7011111,28.1877778
BROEDERSTROOM,6,Theft,4,Theft:4; Hijack:1; Armed Robbery:1,October,Friday,10,329500.94,54916.82,0,0.0095238095238095,0.0281462068946577,0.0188,False,,,,,,,,,,,,-25.8024806,27.8759645
BRIGHTON BEACH,6,Theft,6,Theft:6,March,Sunday,3,328590.28,54765.05,0,0.0095238095238095,0.0280586409945773,0.0188,False,,,,,,,,,,,,-29.9383333,31.0025
WILKOPPIES,7,Theft,7,Theft:7,November,Saturday,22,227495.04,32499.29,0,0.019047619047619,0.0183376741304982,0.0187,False,,,,,,,,,,,,-26.84,26.6697222
STEENBERG,8,Theft,8,Theft:8,December,Sunday,1,120889.22,15111.15,0,0.0285714285714285,0.0080868290487912,0.0183,False,,,,,,,,,,,,-34.0747222,18.4708333
GEORGE SOUTH,7,Theft,6,Theft:6; Burglary:1,September,Wednesday,21,216265.46,30895.07,0,0.019047619047619,0.0172578767525254,0.0182,False,,,,,,,,,,,,-33.9706657,22.4553573
PELLISSIER,6,Theft,6,Theft:6,September,Friday,8,314718.52,52453.09,0,0.0095238095238095,0.0267247807722122,0.0181,False,,,,,,,,,,,,-29.1563889,26.1708333
DERDEPOORTPARK,5,Theft,4,Theft:4; Burglary:1,May,Wednesday,1,408847.0,81769.4,0,0.0,0.0357758482116499,0.0179,False,,,,,,,,,,,,-25.6973637,28.2936092
BARDENE,6,Theft,5,Theft:5; Stolen and recovered:1,December,Thursday,23,303062.68,50510.45,0,0.0095238095238095,0.0256039957143498,0.0176,False,,,,,,,,,,,,-26.175,28.2672222
SCOTTSVILLE,5,Theft,5,Theft:5,January,Thursday,19,396252.25,79250.45,0,0.0,0.0345647808319062,0.0173,False,,,,,,,,,,,,-29.6162796,30.3969363
JAMESTOWN,6,Theft,6,Theft:6,April,Tuesday,3,296867.19,49477.86,0,0.0095238095238095,0.0250082589319184,0.0173,False,,,,,,,,,,,,-33.9791667,18.8491667
MEER EN SEE,6,Theft,6,Theft:6,November,Thursday,17,293179.13,48863.19,0,0.0095238095238095,0.0246536279022801,0.0171,False,,,,,,,,,,,,-28.7788846,32.1095004
CAPITAL PARK,7,Theft,7,Theft:7,March,Friday,12,193339.5,27619.93,0,0.019047619047619,0.0150533961312103,0.0171,False,,,,,,,,,,,,-25.7241667,28.1877778
BEZUIDENHOUT VALLEY,6,Theft,6,Theft:6,November,Monday,19,291248.44,48541.41,0,0.0095238095238095,0.0244679794630973,0.017,False,,,,,,,,,,,,-33.8757004,18.6333955
VANDERBIJLPARK C. C.,7,Theft,7,Theft:7,March,Sunday,0,189205.65,27029.38,0,0.019047619047619,0.01465589948477,0.0169,False,,,,,,,,,,,,-26.6988455,27.8330231
FLORIDA HILLS,6,Theft,5,Theft:5; Burglary:1,April,Saturday,0,287095.09,47849.18,0,0.0095238095238095,0.0240686077644404,0.0168,False,,,,,,,,,,,,-26.1605556,27.9275
BLOUBOSRAND,5,Theft,5,Theft:5,August,Sunday,12,381879.11,76375.82,0,0.0,0.0331827096515739,0.0166,False,,,,,,,,,,,,-26.0258333,27.9680556
MARLOTH PARK,8,Theft,8,Theft:8,March,Tuesday,0,83414.66,10426.83,0,0.0285714285714285,0.0044834056234554,0.0165,False,,,,,,,,,,,,-25.343681,31.783462
MINDALORE,5,Theft,5,Theft:5,July,Monday,14,376912.72,75382.54,0,0.0,0.0327051588527025,0.0164,False,,,,,,,,,,,,-26.1311111,27.8305556
CHARTWELL,8,Theft,8,Theft:8,December,Sunday,0,78467.73,9808.47,0,0.0285714285714285,0.0040077260305397,0.0163,False,,,,,,,,,,,,-26.1675359,28.0522369
CLIFTON,7,Theft,7,Theft:7,November,Sunday,17,173511.64,24787.38,0,0.019047619047619,0.0131468180366769,0.0161,False,,,,,,,,,,,,-33.9352848,18.3790703
ILLIONDALE,5,Theft,5,Theft:5,February,Sunday,0,370861.6,74172.32,0,0.0,0.0321233041876306,0.0161,False,,,,,,,,,,,,-26.1147222,28.1688889
DIE BOORD,6,Theft,4,Theft:4; Burglary:1; Attempted Theft:1,September,Sunday,17,272719.3,45453.22,0,0.0095238095238095,0.0226862817693198,0.0161,False,,,,,,,,,,,,-33.947893,18.8501712
SWELLENDAM,7,Theft,7,Theft:7,February,Sunday,11,171854.94,24550.71,0,0.019047619047619,0.0129875155234851,0.016,False,,,,,,,,,,,,-34.021111,20.441944
STRUBENVALE,7,Theft,7,Theft:7,September,Wednesday,0,171372.44,24481.78,0,0.019047619047619,0.0129411200006898,0.016,False,,,,,,,,,,,,-26.2540763,28.4705032
ORANJEVILLE,5,Theft,5,Theft:5,June,Monday,12,369764.63,73952.93,0,0.0,0.0320178233655772,0.016,False,,,,,,,,,,,,-26.9927778,28.21
HONEYDEW RIDGE,6,Theft,5,Theft:5; Malicious Damage:1,October,Friday,16,265277.77,44212.96,0,0.0095238095238095,0.0219707301118129,0.0157,False,,,,,,,,,,,,-26.1037513,27.9023632
CENTURION GOLF ESTATE,7,Theft,6,Theft:6; Hijack:1,December,Tuesday,10,165253.47,23607.64,0,0.019047619047619,0.0123527411154694,0.0157,False,,,,,,,,,,,,-25.8751979,28.2007471
SOUTHDALE,5,Theft,5,Theft:5,November,Wednesday,12,360494.01,72098.8,0,0.0,0.0311263927717187,0.0156,False,,,,,,,,,,,,-26.2412942,28.0231609
LANSDOWNE,7,Theft,7,Theft:7,May,Thursday,12,162483.41,23211.92,0,0.019047619047619,0.012086381774797,0.0156,False,,,,,,,,,,,,-33.9963409,18.5068931
NORTHPINE,6,Theft,6,Theft:6,September,Thursday,4,256783.38,42797.23,0,0.0095238095238095,0.0211539390965231,0.0153,False,,,,,,,,,,,,-33.8694444,18.7147222
SEA COW LAKE,5,Theft,4,Theft:4; Hijack:1,April,Sunday,16,349072.78,69814.56,0,0.0,0.0300281669959351,0.015,False,,,,,,,,,,,,-29.8005556,31.0075
GEELHOUTPARK,5,Theft,5,Theft:5,December,Wednesday,1,348333.7,69666.74,0,0.0,0.0299570996322303,0.015,False,,,,,,,,,,,,-25.6583333,27.215
ERMELO,6,Theft,6,Theft:6,March,Friday,11,247730.0,41288.33,0,0.0095238095238095,0.0202833975459228,0.0149,False,,,,,,,,,,,,-26.5201061,29.9862195
ROWALLAN PARK,7,Theft,7,Theft:7,June,Friday,20,147785.79,21112.26,0,0.019047619047619,0.0106731097255806,0.0149,False,,,,,,,,,,,,-33.9361111,25.4611111
PYRAMID,6,Theft,6,Theft:6,September,Tuesday,6,246198.66,41033.11,0,0.0095238095238095,0.0201361492145707,0.0148,False,,,,,,,,,,,,-28.9878667,29.1615833
CAPE FARMS,5,Theft,5,Theft:5,April,Wednesday,14,340118.24,68023.65,0,0.0,0.0291671295561598,0.0146,False,,,,,,,,,,,,-33.7556516,18.6215714
DANA BAY,7,Theft,7,Theft:7,October,Wednesday,5,138796.24,19828.03,0,0.019047619047619,0.0098087058459026,0.0144,False,,,,,,,,,,,,-34.1991667,22.0416667
MITCHELLS PLAIN CENTRE,7,Theft,7,Theft:7,September,Monday,18,134567.73,19223.96,0,0.019047619047619,0.0094021070229073,0.0142,False,,,,,,,,,,,,-34.050859,18.6150954
ONTDEKKERSPARK,5,Theft,5,Theft:5,January,Friday,15,331380.89,66276.18,0,0.0,0.0283269763518164,0.0142,False,,,,,,,,,,,,-26.1477778,27.8877778
BOOYSENS,5,Theft,5,Theft:5,October,Wednesday,13,329032.65,65806.53,0,0.0,0.0281011777560674,0.0141,False,,,,,,,,,,,,-25.7097222,28.1266667
CRESTA,7,Theft,7,Theft:7,May,Thursday,16,130772.95,18681.85,0,0.019047619047619,0.0090372141690353,0.014,False,,,,,,,,,,,,-26.1252778,27.9811111
TYGER VALLEY,7,Theft,7,Theft:7,May,Wednesday,20,129807.66,18543.95,0,0.019047619047619,0.0089443952380527,0.014,False,,,,,,,,,,,,-33.8775535,18.6322696
SUNNYDALE,5,Theft,5,Theft:5,December,Sunday,5,325043.57,65008.71,0,0.0,0.0277176016895962,0.0139,False,,,,,,,,,,,,-28.884339,31.4862195
BERGSIG,7,Theft,7,Theft:7,December,Friday,4,128095.57,18299.37,0,0.019047619047619,0.0087797666150006,0.0139,False,,,,,,,,,,,,-33.955,22.4769444
EERSTE RIVER,7,Theft,7,Theft:7,August,Tuesday,11,124225.67,17746.52,0,0.019047619047619,0.0084076504830512,0.0137,False,,,,,,,,,,,,-33.9609421,18.9178443
SANDTON COUNTRY CLUB ESTATE,7,Theft,7,Theft:7,July,Thursday,9,122140.27,17448.61,0,0.019047619047619,0.0082071256680515,0.0136,False,,,,,,,,,,,,-26.0527957,28.0721079
WEST BEACH,5,Theft,5,Theft:5,October,Monday,15,308957.54,61791.51,0,0.0,0.0261708249609928,0.0131,False,,,,,,,,,,,,-33.8104775,18.4789686
LENTEGEUR,5,Theft,4,Theft:4; Hijack:1,August,Monday,10,307303.6,61460.72,0,0.0,0.0260117878398071,0.013,False,,,,,,,,,,,,-34.0313889,18.6119444
STRUIS BAY,7,Theft,7,Theft:7,December,Tuesday,21,107166.63,15309.52,0,0.019047619047619,0.0067673124951004,0.0129,False,,,,,,,,,,,,-34.8111916,20.036906
LOTUS PARK,7,Theft,6,Theft:6; Hijack:1,May,Tuesday,4,107119.27,15302.75,0,0.019047619047619,0.0067627585221272,0.0129,False,,,,,,,,,,,,-29.9902564,30.9169945
GROBLERSDAL,7,Theft,7,Theft:7,September,Saturday,12,102733.72,14676.25,0,0.019047619047619,0.0063410592786142,0.0127,False,,,,,,,,,,,,-25.1675,29.392778
SOUTHRIDGE,7,Theft,6,Theft:6; Burglary:1,May,Thursday,13,98088.91,14012.7,0,0.019047619047619,0.0058944304947076,0.0125,False,,,,,,,,,,,,-28.7709431,24.7610768
BONNIE DOON,7,Theft,7,Theft:7,October,Thursday,10,93511.9,13358.84,0,0.019047619047619,0.0054543211231234,0.0123,False,,,,,,,,,,,,-32.9783283,27.9279533
RICHMOND,7,Theft,7,Theft:7,March,Wednesday,10,95203.81,13600.54,0,0.019047619047619,0.0056170093075226,0.0123,False,,,,,,,,,,,,-29.873333,30.273333
NORTHDENE,6,Theft,5,Theft:5; Malicious Damage:1,July,Tuesday,19,188632.41,31438.73,0,0.0095238095238095,0.0146007787189935,0.0121,False,,,,,,,,,,,,-29.8666667,30.8938889
VIRGINIA,6,Theft,6,Theft:6,July,Monday,8,189261.29,31543.55,0,0.0095238095238095,0.0146612496337614,0.0121,False,,,,,,,,,,,,-28.103056,26.859444
HEATHER PARK,6,Theft,6,Theft:6,November,Sunday,9,185963.85,30993.98,0,0.0095238095238095,0.0143441792654998,0.0119,False,,,,,,,,,,,,-33.9831413,18.4735517
CERES,7,Theft,6,Theft:6; Hijack:1,August,Monday,0,83412.65,11916.09,0,0.019047619047619,0.0044832123488423,0.0118,False,,,,,,,,,,,,-33.368333,19.309167
GREYTON,6,Theft,6,Theft:6,January,Saturday,3,183299.83,30549.97,0,0.0095238095238095,0.0140880163626248,0.0118,False,,,,,,,,,,,,-34.050751,19.608166
SONEIKE,7,Theft,6,Theft:6; Armed Robbery:1,March,Friday,3,82962.54,13827.09,1,0.019047619047619,0.004439931335857,0.0117,False,,,,,,,,,,,,-33.9163889,18.6811111
IVYPARK,5,Theft,5,Theft:5,February,Monday,0,277894.01,55578.8,0,0.0,0.0231838638952558,0.0116,False,,,,,,,,,,,,-23.9258672,29.4412088
OR TAMBO INTERNATIONAL AIRPORT,7,Theft,7,Theft:7,February,Friday,12,80269.58,11467.08,0,0.019047619047619,0.0041809856631795,0.0116,False,,,,,,,,,,,,-26.1345284,28.2317954
RAISETHORPE,5,Theft,5,Theft:5,December,Monday,13,277060.29,55412.06,0,0.0,0.0231036962781265,0.0116,False,,,,,,,,,,,,-29.5588889,30.4161111
WALMER ESTATE,6,Theft,6,Theft:6,August,Sunday,7,174144.55,29024.09,0,0.0095238095238095,0.0132076764622362,0.0114,False,,,,,,,,,,,,-33.9360896,18.4451639
THREE RIVERS EAST,5,Theft,5,Theft:5,December,Sunday,9,264813.39,52962.68,0,0.0,0.0219260769452312,0.011,False,,,,,,,,,,,,-26.6636111,27.9997222
VASCO ESTATE,6,Theft,6,Theft:6,May,Tuesday,14,164795.85,27465.98,0,0.0095238095238095,0.0123087379669894,0.0109,False,,,,,,,,,,,,-33.9026652,18.5588817
BIRCH ACRES,6,Theft,6,Theft:6,October,Wednesday,20,162705.34,27117.56,0,0.0095238095238095,0.0121077217921524,0.0108,False,,,,,,,,,,,,-26.0569444,28.2069444
ZINKWAZI BEACH,6,Theft,6,Theft:6,May,Wednesday,2,161204.49,26867.41,0,0.0095238095238095,0.0119634052732149,0.0107,False,,,,,,,,,,,,-29.2797867,31.4397649
THORNTON,6,Theft,6,Theft:6,November,Monday,2,157878.38,26313.06,0,0.0095238095238095,0.0116435780974123,0.0106,False,,,,,,,,,,,,-33.9236111,18.5352778
LINCOLN MEADE,5,Theft,4,Theft:4; Hijack:1,July,Sunday,7,254340.76,50868.15,0,0.0,0.0209190652480458,0.0105,False,,,,,,,,,,,,-29.6180556,30.4338889
GREENBURY,5,Theft,4,Theft:4; Burglary:1,April,Monday,11,254056.23,50811.25,0,0.0,0.0208917058322926,0.0104,False,,,,,,,,,,,,-29.7239701,31.0323294
RIVERTON,7,Theft,7,Theft:7,October,Saturday,20,52027.09,7432.44,0,0.019047619047619,0.0014652859977048,0.0103,False,,,,,,,,,,,,-28.5183351,24.6969406
ORKNEY,6,Theft,6,Theft:6,September,Saturday,0,151015.33,25169.22,0,0.0095238095238095,0.0109836510658674,0.0103,False,,,,,,,,,,,,-26.975276,26.671926
FAIRVIEW,7,Theft,5,Theft:5; Armed Robbery:2,June,Wednesday,4,52756.96,8792.83,1,0.019047619047619,0.0015354677598242,0.0103,False,,,,,,,,,,,,-28.7566667,31.8930556
MONTCLAIR,6,Theft,4,Theft:4; Hijack:1; Armed Robbery:1,October,Saturday,8,148724.37,29744.87,1,0.0095238095238095,0.0107633603158091,0.0101,False,,,,,,,,,,,,-29.9197222,30.9652778
FAIRWAYS,5,Theft,5,Theft:5,May,Saturday,6,243082.54,48616.51,0,0.0,0.0198365139472278,0.0099,False,,,,,,,,,,,,-34.0214161,18.4935969
TASBET PARK,5,Theft,4,Theft:4; Burglary:1,December,Friday,6,242322.56,48464.51,0,0.0,0.0197634369121729,0.0099,False,,,,,,,,,,,,-25.9294444,29.2222222
FRAMESBY,6,Theft,6,Theft:6,June,Tuesday,2,140600.41,23433.4,0,0.0095238095238095,0.009982188561678,0.0098,False,,,,,,,,,,,,-33.9515312,25.5184378
EDELWEISS,5,Theft,4,Theft:4; Burglary:1,February,Tuesday,8,240340.82,48068.16,0,0.0,0.0195728796824436,0.0098,False,,,,,,,,,,,,-26.2830556,28.4683333
BISHOPSCOURT,5,Theft,5,Theft:5,May,Thursday,6,237672.74,47534.55,0,0.0,0.0193163263840814,0.0097,False,,,,,,,,,,,,-33.9886111,18.4466667
LANGA,5,Theft,5,Theft:5,September,Thursday,17,237111.95,47422.39,0,0.0,0.0192624027670278,0.0096,False,,,,,,,,,,,,-33.9455556,18.53
HARTENBOS,6,Theft,6,Theft:6,December,Monday,8,136129.89,22688.32,0,0.0095238095238095,0.0095523188983268,0.0095,False,,,,,,,,,,,,-34.1252157,22.1134424
SOUTHGATE,5,Theft,5,Theft:5,February,Monday,14,225163.17,45032.63,0,0.0,0.0181134496170459,0.0091,False,,,,,,,,,,,,-29.7303138,31.0299641
BONNIE BRAE,6,Theft,6,Theft:6,February,Thursday,23,124780.97,20796.83,0,0.0095238095238095,0.0084610462007885,0.009,False,,,,,,,,,,,,-33.8333333,18.7
PLATTEKLOOF GLEN,6,Theft,6,Theft:6,June,Wednesday,3,125236.12,20872.69,0,0.0095238095238095,0.0085048118426544,0.009,False,,,,,,,,,,,,-33.8843424,18.560463
BLUEWATER BAY,6,Theft,5,Theft:5; Burglary:1,January,Wednesday,22,119433.35,19905.56,0,0.0095238095238095,0.0079468376503,0.0087,False,,,,,,,,,,,,-33.8545509,25.6259862
GLEN HILLS,6,Theft,5,Theft:5; Burglary:1,January,Friday,0,114153.81,19025.63,0,0.0095238095238095,0.0074391754359605,0.0085,False,,,,,,,,,,,,-29.7607224,31.038654
VINCENT HEIGHTS,6,Theft,6,Theft:6,October,Thursday,4,113620.14,18936.69,0,0.0095238095238095,0.0073878595838358,0.0085,False,,,,,,,,,,,,-32.975,27.92
LADYSMITH,5,Theft,5,Theft:5,June,Tuesday,10,208222.87,41644.57,0,0.0,0.0164845292547464,0.0082,False,,,,,,,,,,,,-28.5587291,29.7825044
KLERKSDORP CENTRAL,6,Theft,6,Theft:6,November,Saturday,2,107692.59,17948.76,0,0.0095238095238095,0.0068178869804256,0.0082,False,,,,,,,,,,,,-26.8469638,26.6722324
DUNNOTTAR,6,Theft,6,Theft:6,October,Thursday,2,101177.39,16862.9,0,0.0095238095238095,0.0061914079957292,0.0079,False,,,,,,,,,,,,-26.3464379,28.4314505
DE BRON,5,Theft,5,Theft:5,December,Tuesday,1,199663.18,39932.64,0,0.0,0.0156614592184441,0.0078,False,,,,,,,,,,,,-33.8586529,18.6314201
HILLBROW,5,Theft,4,Theft:4; Hijack:1,April,Saturday,14,196486.26,39297.25,0,0.0,0.0153559776344463,0.0077,False,,,,,,,,,,,,-26.1880556,28.0483333
WARNER BEACH,6,Theft,6,Theft:6,July,Thursday,17,96196.29,16032.71,0,0.0095238095238095,0.0057124427343908,0.0076,False,,,,,,,,,,,,-30.0819444,30.8658333
MAITLAND,5,Theft,4,Theft:4; Armed Robbery:1,June,Wednesday,11,194725.0,38945.0,0,0.0,0.0151866209951127,0.0076,False,,,,,,,,,,,,-33.9225,18.4930556
MODJADJISKLOOF,5,Theft,5,Theft:5,October,Wednesday,17,190240.35,38048.07,0,0.0,0.0147553926400785,0.0074,False,,,,,,,,,,,,-23.69194,30.14055
LOCHNERHOF,6,Theft,6,Theft:6,November,Friday,16,89065.1,14844.18,0,0.0095238095238095,0.0050267322925198,0.0073,False,,,,,,,,,,,,-34.1063058,18.8267367
TABLE MOUNTAIN (NATURE RESERVE),6,Theft,5,Theft:5; Attempted Theft:1,February,Sunday,7,87063.6,14510.6,0,0.0095238095238095,0.0048342750098777,0.0072,False,,,,,,,,,,,,-33.9616843,18.4227666
GANS BAY,6,Theft,6,Theft:6,June,Sunday,7,85290.7,14215.12,0,0.0095238095238095,0.0046637991086055,0.0071,False,,,,,,,,,,,,-32.9223401,18.0047252
WITKOPPEN,5,Theft,3,Theft:3; Accidental Loss:1; Burglary:1,September,Saturday,16,185304.82,37060.96,0,0.0,0.0142808092315355,0.0071,False,,,,,,,,,,,,-26.0075,28.0086111
LOERIE PARK,5,Theft,5,Theft:5,February,Friday,9,179705.9,35941.18,0,0.0,0.0137424365465839,0.0069,False,,,,,,,,,,,,-34.0477207,23.0678935
WHITE RIVER AH,5,Theft,5,Theft:5,December,Wednesday,6,175373.17,35074.63,0,0.0,0.0133258162906648,0.0067,False,,,,,,,,,,,,-25.326389,31.014444
PARK HILL,6,Theft,6,Theft:6,January,Saturday,0,77417.63,12902.94,0,0.0095238095238095,0.0039067520647627,0.0067,False,,,,,,,,,,,,-29.795,31.0236111
PRETORIA GARDENS,5,Theft,5,Theft:5,January,Wednesday,18,169717.0,33943.4,0,0.0,0.0127819386447182,0.0064,False,,,,,,,,,,,,-25.7227778,28.1488889
UMTENTWENI,5,Theft,5,Theft:5,February,Saturday,1,170104.84,34020.97,0,0.0,0.0128192319909585,0.0064,False,,,,,,,,,,,,-30.713056,30.471667
MARAISBURG,5,Theft,3,Theft:3; Hijack:2,March,Tuesday,4,167101.5,33420.3,0,0.0,0.0125304412563842,0.0063,False,,,,,,,,,,,,-26.1749941,27.9405503
COSMO CITY,5,Burglary,2,Burglary:2; Theft:2; Armed Robbery:1,July,Tuesday,2,166787.7,33357.54,0,0.0,0.0125002673391756,0.0063,False,,,,,,,,,,,,-26.021935,27.9307566
WINDSOR,5,Theft,3,Theft:3; Hijack:1; Armed Robbery:1,October,Thursday,4,166972.89,55657.63,2,0.0,0.0125180745658419,0.0063,False,,,,,,,,,,,,-31.8804393,26.8744144
RYDALVALE,5,Theft,5,Theft:5,December,Sunday,21,164681.7,32936.34,0,0.0,0.012297761699783,0.0061,False,,,,,,,,,,,,-29.7107059,31.0003351
KENTON-ON-SEA,5,Theft,5,Theft:5,November,Thursday,8,156027.3,31205.46,0,0.0,0.0114655846790994,0.0057,False,,,,,,,,,,,,-33.6817381,26.6745343
ARBORETUM,5,Theft,5,Theft:5,November,Saturday,17,150665.97,30133.19,0,0.0,0.0109500578226679,0.0055,False,,,,,,,,,,,,-29.1035313,26.2192897
SCOTTBURGH,5,Theft,5,Theft:5,January,Saturday,3,149393.88,29878.78,0,0.0,0.0108277380701442,0.0054,False,,,,,,,,,,,,-30.286041,30.754365
VREDENBURG,5,Theft,5,Theft:5,August,Wednesday,14,146016.74,29203.35,0,0.0,0.0105030040269256,0.0053,False,,,,,,,,,,,,-32.906738,17.990037
STILFONTEIN,6,Theft,5,Theft:5; Armed Robbery:1,October,Wednesday,4,48200.16,8033.36,0,0.0095238095238095,0.0010973017115886,0.0053,False,,,,,,,,,,,,-26.842989,26.783249
FARNINGHAM RIDGE,5,Theft,5,Theft:5,January,Friday,15,145872.7,29174.54,0,0.0,0.0104891536412189,0.0052,False,,,,,,,,,,,,-29.835,30.8616667
ADAMAYVIEW,6,Theft,6,Theft:6,December,Tuesday,10,40743.41,6790.57,0,0.0095238095238095,0.0003802865517876,0.005,False,,,,,,,,,,,,-26.8491667,26.6844444
OUDTSHOORN,6,Theft,6,Theft:6,November,Sunday,6,36788.54,6131.42,0,0.0095238095238095,0.0,0.0048,False,,,,,,,,,,,,-33.5902954,22.204206
MARBLE HALL,5,Theft,5,Theft:5,January,Monday,14,134172.71,26834.54,0,0.0,0.0093641232728252,0.0047,False,,,,,,,,,,,,-24.965833,29.291111
CASSELDALE,5,Theft,5,Theft:5,July,Sunday,5,131869.4,26373.88,0,0.0,0.0091426449896963,0.0046,False,,,,,,,,,,,,-26.2644444,28.4683333
VELD EN VLEI,5,Theft,5,Theft:5,September,Sunday,3,122688.85,24537.77,0,0.0,0.008259875213948,0.0041,False,,,,,,,,,,,,-28.7350151,32.0619032
MOUNT FRERE,5,Theft,5,Theft:5,November,Thursday,3,121786.61,24357.32,0,0.0,0.0081731189517991,0.0041,False,,,,,,,,,,,,-30.900278,28.993333
DULLSTROOM,5,Theft,5,Theft:5,July,Saturday,22,118833.66,23766.73,0,0.0,0.0078891735444655,0.0039,False,,,,,,,,,,,,-25.418349,30.104624
CENTURION,5,Theft,5,Theft:5,September,Saturday,15,112074.49,22414.9,0,0.0,0.0072392352526263,0.0036,False,,,,,,,,,,,,-25.836389,28.180278
WHITE RIVER,5,Theft,5,Theft:5,December,Monday,21,109805.87,21961.17,0,0.0,0.0070210926393125,0.0035,False,,,,,,,,,,,,-25.326389,31.014444
RAMSGATE,5,Theft,5,Theft:5,April,Monday,2,103920.05,20784.01,0,0.0,0.0064551326476459,0.0032,False,,,,,,,,,,,,-30.8944174,30.3440261
SALT RIVER,5,Theft,5,Theft:5,May,Friday,18,98410.24,19682.05,0,0.0,0.0059253284705415,0.003,False,,,,,,,,,,,,-33.9317008,18.4610056
KIRSTENHOF,5,Theft,5,Theft:5,March,Thursday,10,93085.52,18617.1,0,0.0,0.0054133219044509,0.0027,False,,,,,,,,,,,,-34.0716667,18.4505556
THE ORCHARDS,5,Theft,4,Theft:4; Hijack:1,February,Sunday,4,73965.76,14793.15,0,0.0,0.003574832244511,0.0018,False,,,,,,,,,,,,-25.6488889,28.0986111
WOODHAVEN,5,Theft,5,Theft:5,November,Saturday,6,72860.04,14572.01,0,0.0,0.0034685100528732,0.0017,False,,,,,,,,,,,,-29.9238889,30.9455556
HAZELDEAN,5,Theft,4,Theft:4; Burglary:1,March,Thursday,13,63485.36,12697.07,0,0.0,0.0025670734111347,0.0013,False,,,,,,,,,,,,-25.7867701,28.396632
SAND BAY,5,Theft,5,Theft:5,April,Tuesday,16,61271.81,12254.36,0,0.0,0.0023542261375936,0.0012,False,,,,,,,,,,,,-33.7990016,25.5870143
DOOR DE KRAAL,5,Theft,5,Theft:5,August,Thursday,17,60465.7,12093.14,0,0.0,0.0022767134020899,0.0011,False,,,,,,,,,,,,-33.8659226,18.6268442
BROADWOOD,5,Theft,5,Theft:5,November,Friday,5,58243.47,11648.69,0,0.0,0.0020630314899211,0.001,False,,,,,,,,,,,,-33.9902299,25.5421348
KROONSTAD,5,Theft,5,Theft:5,April,Tuesday,2,57053.0,11410.6,0,0.0,0.0019485600328804,0.001,False,,,,,,,,,,,,-27.6532701,27.235515
NORTH END,5,Theft,5,Theft:5,February,Tuesday,18,56309.84,11261.97,0,0.0,0.001877100350558,0.0009,False,,,,,,,,,,,,-33.9422092,25.6053223
ODENDAALSRUS,5,Theft,5,Theft:5,August,Thursday,19,55228.1,11045.62,0,0.0,0.001773083992364,0.0009,False,,,,,,,,,,,,-27.874167,26.685278
MOUILLE POINT,5,Theft,5,Theft:5,January,Wednesday,16,51849.75,10369.95,0,0.0,0.0014482335997514,0.0007,False,,,,,,,,,,,,-33.9000229,18.4038842
BIRDSWOOD,5,Theft,5,Theft:5,October,Sunday,0,49355.65,9871.13,0,0.0,0.0012084096134223,0.0006,False,,,,,,,,,,,,-28.7410193,32.079594
PLATTEKLOOF 1,5,Theft,5,Theft:5,August,Wednesday,11,49265.71,9853.14,0,0.0,0.0011997612956602,0.0006,False,,,,,,,,,,,,-33.8775,18.5855556
DURMONTE,5,Theft,5,Theft:5,June,Thursday,2,46164.61,9232.92,0,0.0,0.0009015702993067,0.0005,False,,,,,,,,,,,,-33.8107289,18.6675063
KLEINMOND,5,Theft,5,Theft:5,June,Thursday,18,40645.5,8129.1,0,0.0,0.0003708718665298,0.0002,False,,,,,,,,,,,,-34.338889,19.025278
