SUBURB,incident_count,top_claim_type,top_claim_type_count,claim_type_breakdown,peak_month,peak_day_of_week,peak_hour,total_claim_cost,avg_claim_cost,anomalous_claims_excluded_from_cost,freq_normalized,cost_normalized,severity_score,saps_precinct_mapped,saps_precinct_name,saps_robbery_with_aggravating_circumstances_q1_2026,saps_robbery_with_aggravating_circumstances_trend,saps_burglary_at_residential_premises_q1_2026,saps_burglary_at_residential_premises_trend,saps_theft_of_motor_vehicle_and_motorcycle_q1_2026,saps_theft_of_motor_vehicle_and_motorcycle_trend,saps_carjacking_q1_2026,saps_carjacking_trend,saps_truck_hijacking_q1_2026,saps_truck_hijacking_trend
BRYANSTON,89,Theft,80,Theft:80; Armed Robbery:8; Hijack:1,May,Friday,12,9454546.94,109936.59,3,0.8,0.905578910938864,0.8528,True,Sandton,81.0,Decreased,60.0,Decreased,48.0,Decreased,17.0,Decreased,4.0,Increased
SOMERSET WEST,107,Theft,105,Theft:105; Malicious Damage:1; Burglary:1,April,Sunday,2,6032135.3,56375.1,0,0.9714285714285714,0.5764917041853236,0.774,False,,,,,,,,,,,
JOHANNESBURG,110,Theft,103,Theft:103; Armed Robbery:3; Hijack:2; Windscreen/ Motor glass damage:2,January,Saturday,12,5598123.93,51358.94,1,1.0,0.534758679500842,0.7674,False,,,,,,,,,,,
GARSFONTEIN,57,Theft,54,Theft:54; Hijack:1; Armed Robbery:1; Stolen and recovered:1,July,Saturday,13,10436498.92,183096.47,0,0.4952380952380952,1.0,0.7476,False,,,,,,,,,,,
RONDEBOSCH,102,Theft,97,Theft:97; Armed Robbery:3; Burglary:1; Hijack:1,February,Saturday,0,5118796.23,51187.96,2,0.923809523809524,0.4886681940463807,0.7062,False,,,,,,,,,,,
RUSTENBURG,99,Theft,97,Theft:97; Hijack:2,November,Thursday,13,5356826.84,54109.36,0,0.8952380952380953,0.511556390092471,0.7034,False,,,,,,,,,,,
MORNINGSIDE,73,Theft,72,Theft:72; Stolen and recovered:1,April,Friday,10,7645541.63,104733.45,0,0.6476190476190476,0.7316312485617508,0.6896,False,,,,,,,,,,,
NEWLANDS,76,Theft,65,Theft:65; Hijack:5; Armed Robbery:3; Stolen and recovered:1; Remote jamming:1; Burglary:1,January,Thursday,14,7243879.57,95314.2,0,0.6761904761904762,0.6930088210783424,0.6846,False,,,,,,,,,,,
STRAND,75,Theft,71,Theft:71; Attempted Theft:1; Armed Robbery:1; Accidental Damage:1; Burglary:1,December,Saturday,0,6792642.04,90568.56,0,0.6666666666666666,0.649619388727631,0.6581,False,,,,,,,,,,,
WATERKLOOF RIDGE,56,Theft,51,Theft:51; Armed Robbery:3; Burglary:2,November,Sunday,3,8466708.69,151191.23,0,0.4857142857142857,0.8105918186156257,0.6482,False,,,,,,,,,,,
MENLO PARK,42,Theft,42,Theft:42,June,Saturday,14,8976319.64,213721.9,0,0.3523809523809524,0.8595942361233333,0.606,False,,,,,,,,,,,
RANDPARKRIF,46,Theft,43,Theft:43; Burglary:2; Attempted Theft:1,November,Saturday,13,7595036.52,165109.49,0,0.3904761904761905,0.7267748527435434,0.5586,False,,,,,,,,,,,
SEA POINT,78,Theft,74,Theft:74; Armed Robbery:2; Attempted Theft:1; Windscreen/ Motor glass damage:1,July,Sunday,0,4340393.73,55646.07,0,0.6952380952380952,0.4138197154294214,0.5545,False,,,,,,,,,,,
DURBAN CENTRAL,64,Theft,59,Theft:59; Hijack:3; Armed Robbery:1; Attempted Theft:1,August,Wednesday,17,5720531.83,90802.09,1,0.5619047619047619,0.546528997666183,0.5542,False,,,,,,,,,,,
BEDFORDVIEW,50,Theft,47,Theft:47; Armed Robbery:1; Burglary:1; Hijack:1,September,Friday,1,6873699.78,140279.59,1,0.4285714285714285,0.6574136192435005,0.543,False,,,,,,,,,,,
WATERKLOOF,28,Theft,27,Theft:27; Armed Robbery:1,April,Saturday,10,9017411.34,333978.2,1,0.219047619047619,0.8635454711576305,0.5413,False,,,,,,,,,,,
BROOKLYN,46,Theft,45,Theft:45; Hijack:1,January,Tuesday,11,7193253.35,156375.07,0,0.3904761904761905,0.688140779743522,0.5393,False,,,,,,,,,,,
FAUNA,87,Theft,84,Theft:84; Attempted Theft:1; Burglary:1; Armed Robbery:1,August,Wednesday,12,2759915.32,31723.16,0,0.780952380952381,0.2618464053803775,0.5214,False,,,,,,,,,,,
CAPE TOWN CITY CENTRE,93,Theft,88,Theft:88; Armed Robbery:2; Hijack:1; Attempted Theft:1; Accidental Damage:1,June,Thursday,16,1343332.83,14761.9,2,0.8380952380952381,0.125632757284535,0.4819,False,,,,,,,,,,,
DURBANVILLE,75,Theft,74,Theft:74; Armed Robbery:1,April,Monday,12,3123511.79,42787.83,2,0.6666666666666666,0.2968085780481129,0.4817,False,,,,,,,,,,,
CLAREMONT,82,Theft,78,Theft:78; Armed Robbery:2; Windscreen/ Motor glass damage:1; Burglary:1,October,Saturday,0,2140231.49,26422.61,1,0.7333333333333333,0.2022597623531127,0.4678,False,,,,,,,,,,,
PRETORIA CENTRAL,60,Theft,57,Theft:57; Armed Robbery:2; Hijack:1,February,Wednesday,18,4099814.05,68330.23,0,0.5238095238095238,0.3906864096728816,0.4572,False,,,,,,,,,,,
HAZELWOOD,29,Theft,29,Theft:29,December,Friday,17,7153398.39,246668.91,0,0.2285714285714285,0.6843084653286277,0.4564,False,,,,,,,,,,,
FOURWAYS,56,Theft,56,Theft:56,November,Sunday,17,4261937.47,76106.03,0,0.4857142857142857,0.4062756341874204,0.446,True,Douglasdale,56.0,Decreased,62.0,Decreased,35.0,Increased,10.0,Decreased,0.0,Stabilized
NORTHOME CONTENTSLIFF,44,Theft,42,Theft:42; Burglary:1; Hijack:1,September,Wednesday,0,5006455.45,113783.08,0,0.3714285714285714,0.4778658951462069,0.4246,False,,,,,,,,,,,
STELLENBOSCH,75,Theft,74,Theft:74; Armed Robbery:1,April,Friday,22,1837745.39,24503.27,0,0.6666666666666666,0.1731737504405386,0.4199,False,,,,,,,,,,,
PINELANDS,54,Theft,54,Theft:54,July,Friday,0,3725561.3,68991.88,0,0.4666666666666667,0.3546995661623415,0.4107,False,,,,,,,,,,,
BLAIRGOWRIE,41,Theft,40,Theft:40; Armed Robbery:1,April,Friday,14,4922288.61,120055.82,0,0.3428571428571428,0.4697727043817926,0.4063,False,,,,,,,,,,,
OBSERVATORY,56,Theft,55,Theft:55; Armed Robbery:1,May,Friday,17,3152129.78,56288.03,0,0.4857142857142857,0.2995603844883226,0.3926,False,,,,,,,,,,,
WIERDAPARK,43,Theft,38,Theft:38; Burglary:3; Hijack:2,October,Saturday,6,4406463.0,102475.88,0,0.3619047619047619,0.4201727067710898,0.391,False,,,,,,,,,,,
NOORDHEUWEL,45,Theft,44,Theft:44; Armed Robbery:1,April,Tuesday,14,4133341.83,91852.04,0,0.3809523809523809,0.3939103244527084,0.3874,False,,,,,,,,,,,
FAERIE GLEN,32,Theft,32,Theft:32,October,Thursday,12,5324010.79,166375.34,0,0.2571428571428571,0.5084009127954195,0.3828,False,,,,,,,,,,,
PAARL,66,Theft,66,Theft:66,October,Saturday,0,1868886.56,28316.46,0,0.580952380952381,0.1761681770987934,0.3786,False,,,,,,,,,,,
MELVILLE,39,Theft,39,Theft:39,October,Sunday,15,4536499.39,116320.5,0,0.3238095238095238,0.4326765540176513,0.3782,False,,,,,,,,,,,
WELTEVREDENPARK,42,Theft,38,Theft:38; Burglary:3; Armed Robbery:1,November,Friday,14,4193212.2,99838.39,0,0.3523809523809524,0.3996672511181989,0.376,False,,,,,,,,,,,
CENTURION CENTRAL,50,Theft,44,Theft:44; Armed Robbery:3; Hijack:2; Attempted Theft:1,May,Saturday,14,3190783.0,63815.66,0,0.4285714285714285,0.3032771437621515,0.3659,False,,,,,,,,,,,
LINDEN,37,Theft,36,Theft:36; Hijack:1,April,Tuesday,18,4379856.6,118374.5,0,0.3047619047619048,0.4176143278328487,0.3612,False,,,,,,,,,,,
NORTHMEAD,44,Theft,44,Theft:44,January,Friday,0,3662866.88,83246.97,0,0.3714285714285714,0.3486710886654518,0.36,False,,,,,,,,,,,
ROOIHUISKRAAL,42,Theft,40,Theft:40; Armed Robbery:2,April,Saturday,9,3745960.09,89189.53,0,0.3523809523809524,0.3566610429010812,0.3545,False,,,,,,,,,,,
SANDOWN,29,Theft,26,Theft:26; Hijack:2; Armed Robbery:1,August,Friday,12,5017274.52,173009.47,0,0.2285714285714285,0.4789062193095418,0.3537,True,Sandton,81.0,Decreased,60.0,Decreased,48.0,Decreased,17.0,Decreased,4.0,Increased
MORELETAPARK,44,Theft,42,Theft:42; Burglary:1; Attempted Theft:1,March,Wednesday,2,3371003.69,76613.72,0,0.3714285714285714,0.320606538852479,0.346,False,,,,,,,,,,,
EDENVALE,38,Theft,33,Theft:33; Hijack:3; Burglary:2,December,Wednesday,0,3952526.05,104013.84,0,0.3142857142857143,0.3765237075765565,0.3454,False,,,,,,,,,,,
SUNNINGHILL,33,Theft,30,Theft:30; Hijack:2; Burglary:1,October,Thursday,19,4338227.72,131461.45,0,0.2666666666666666,0.4136114394370278,0.3401,False,,,,,,,,,,,
TABLE VIEW,57,Theft,56,Theft:56; Hijack:1,January,Tuesday,3,1941403.06,34059.7,0,0.4952380952380952,0.1831411116662269,0.3392,False,,,,,,,,,,,
CONSTANTIA KLOOF,20,Theft,18,Theft:18; Armed Robbery:2,March,Monday,13,5573195.8,278659.79,0,0.1428571428571428,0.5323616771720137,0.3376,False,,,,,,,,,,,
ARCADIA,24,Theft,19,Theft:19; Hijack:3; Burglary:2,September,Friday,10,5103927.58,212663.65,0,0.1809523809523809,0.4872384763468768,0.3341,False,,,,,,,,,,,
MENLYN,31,Theft,30,Theft:30; Attempted Theft:1,February,Tuesday,11,4318824.53,139316.92,0,0.2476190476190476,0.411745696133511,0.3297,False,,,,,,,,,,,
WAVERLEY,30,Theft,30,Theft:30,November,Saturday,16,4391806.67,146393.56,0,0.238095238095238,0.4187634050247464,0.3284,False,,,,,,,,,,,
DURBAN NORTH,48,Theft,45,Theft:45; Armed Robbery:2; Hijack:1,April,Thursday,0,2606072.19,54293.17,0,0.4095238095238095,0.2470533847693554,0.3283,False,,,,,,,,,,,
PARKLANDS,56,Theft,54,Theft:54; Attempted Theft:1; Armed Robbery:1,December,Friday,20,1667649.77,29779.46,0,0.4857142857142857,0.15681794688594,0.3213,False,,,,,,,,,,,
GREENSIDE,27,Theft,26,Theft:26; Burglary:1,December,Thursday,17,4535416.6,167978.39,0,0.2095238095238095,0.4325724366951072,0.321,False,,,,,,,,,,,
GLENWOOD,41,Theft,41,Theft:41,February,Tuesday,11,3138354.56,76545.23,0,0.3428571428571428,0.2982358072167775,0.3205,False,,,,,,,,,,,
WOODMEAD,20,Theft,15,Theft:15; Hijack:2; Stolen and recovered:2; Armed Robbery:1,April,Wednesday,15,5005282.46,250264.12,0,0.1428571428571428,0.4777531045052045,0.3103,False,,,,,,,,,,,
MILNERTON,41,Theft,39,Theft:39; Burglary:2,March,Friday,19,2779335.2,67788.66,0,0.3428571428571428,0.2637137535362787,0.3033,False,,,,,,,,,,,
NIEUW MUCKLENEUK,15,Theft,14,Theft:14; Stolen and recovered:1,November,Wednesday,14,5048049.05,336536.6,0,0.0952380952380952,0.4818653911398636,0.2886,False,,,,,,,,,,,
SCHOEMANSVILLE,17,Theft,17,Theft:17,November,Saturday,3,4845792.55,285046.62,0,0.1142857142857142,0.4624171091579955,0.2884,False,,,,,,,,,,,
PARKHURST,31,Theft,31,Theft:31,September,Saturday,21,3400707.06,109700.23,0,0.2476190476190476,0.3234627116606299,0.2855,False,,,,,,,,,,,
RYNFIELD,26,Theft,23,Theft:23; Armed Robbery:2; Burglary:1,July,Tuesday,13,3855284.24,154211.37,1,0.2,0.3671732731464777,0.2836,False,,,,,,,,,,,
MUSGRAVE,32,Theft,27,Theft:27; Hijack:5,January,Sunday,13,3254381.34,101699.42,0,0.2571428571428571,0.3093925390641503,0.2833,False,,,,,,,,,,,
WATERKLOOF GLEN,18,Theft,17,Theft:17; Attempted Theft:1,May,Saturday,13,4561100.95,253394.5,0,0.1238095238095238,0.4350421545104604,0.2794,False,,,,,,,,,,,
BALLITO,27,Theft,26,Theft:26; Burglary:1,January,Saturday,19,3603208.26,133452.16,0,0.2095238095238095,0.3429345231439031,0.2762,False,,,,,,,,,,,
HILLCREST,35,Theft,34,Theft:34; Burglary:1,October,Saturday,2,2795580.13,79873.72,0,0.2857142857142857,0.2652758095365344,0.2755,False,,,,,,,,,,,
HEIDELBERG,31,Theft,23,Theft:23; Hijack:8,October,Friday,22,3190234.48,102910.79,0,0.2476190476190476,0.3032243999856465,0.2754,False,,,,,,,,,,,
DIE HOEWES,26,Theft,26,Theft:26,October,Saturday,10,3619102.97,139196.27,0,0.2,0.3444629032063487,0.2722,False,,,,,,,,,,,
GARDENS,50,Theft,49,Theft:49; Windscreen/ Motor glass damage:1,May,Sunday,20,1189246.5,23784.93,0,0.4285714285714285,0.1108163514068936,0.2697,False,,,,,,,,,,,
LYNNWOOD,29,Theft,25,Theft:25; Hijack:1; Armed Robbery:1; Stolen and recovered:1; SOS:1,October,Wednesday,12,3261017.72,116464.92,1,0.2285714285714285,0.3100306702964164,0.2693,False,,,,,,,,,,,
FERNDALE,37,Theft,35,Theft:35; Hijack:1; Armed Robbery:1,June,Wednesday,11,2466557.71,66663.72,0,0.3047619047619048,0.233638157334916,0.2692,False,,,,,,,,,,,
CONSTANTIA,34,Theft,34,Theft:34,May,Saturday,3,2739581.43,80575.92,0,0.2761904761904762,0.2598911692000407,0.268,False,,,,,,,,,,,
STAMFORD HILL,19,Theft,19,Theft:19,January,Sunday,17,4196026.08,220843.48,0,0.1333333333333333,0.3999378240377497,0.2666,False,,,,,,,,,,,
KENSINGTON,42,Theft,36,Theft:36; Hijack:2; Armed Robbery:2; Burglary:1; SOS:1,April,Sunday,0,1879159.59,46978.99,2,0.3523809523809524,0.1771559959538027,0.2648,False,,,,,,,,,,,
LONE HILL,25,Theft,23,Theft:23; Burglary:1; Hijack:1,January,Friday,13,3558242.84,142329.71,0,0.1904761904761904,0.3386108046597351,0.2645,False,,,,,,,,,,,
THREE RIVERS,24,Theft,23,Theft:23; Stolen and recovered:1,March,Friday,5,3438697.88,143279.08,0,0.1809523809523809,0.3271157768530088,0.254,False,,,,,,,,,,,
MUIZENBERG,32,Theft,31,Theft:31; Attempted Theft:1,May,Saturday,8,2601506.88,81297.09,0,0.2571428571428571,0.2466144004291011,0.2519,False,,,,,,,,,,,
WESTDENE,25,Theft,19,Theft:19; Hijack:5; Stolen and recovered:1,July,Friday,0,3214558.94,128582.36,0,0.1904761904761904,0.3055633555056751,0.248,False,,,,,,,,,,,
PARKVIEW,19,Theft,17,Theft:17; Armed Robbery:1; Windscreen/ Motor glass damage:1,February,Tuesday,14,3763099.41,198057.86,0,0.1333333333333333,0.358309100334773,0.2458,False,,,,,,,,,,,
KUILS RIVER,41,Theft,39,Theft:39; Burglary:1; Armed Robbery:1,March,Saturday,3,1560348.53,39008.71,1,0.3428571428571428,0.146500232634363,0.2447,False,,,,,,,,,,,
HATFIELD,24,Theft,23,Theft:23; Armed Robbery:1,November,Tuesday,21,3219351.5,134139.65,0,0.1809523809523809,0.3060241914159921,0.2435,False,,,,,,,,,,,
KRUGERSDORP,38,Theft,36,Theft:36; Armed Robbery:1; Burglary:1,December,Wednesday,0,1828266.09,48112.27,0,0.3142857142857143,0.1722622539032668,0.2433,False,,,,,,,,,,,
PRETORIA NORTH,35,Theft,32,Theft:32; Armed Robbery:2; Hijack:1,May,Tuesday,13,2091012.0,59743.2,0,0.2857142857142857,0.1975269872851978,0.2416,False,,,,,,,,,,,
KLOOF,34,Theft,32,Theft:32; Armed Robbery:1; Hijack:1,January,Saturday,12,2134005.42,62764.87,0,0.2761904761904762,0.2016610851041795,0.2389,False,,,,,,,,,,,
ROSEBANK,37,Theft,35,Theft:35; Hijack:2,August,Friday,22,1830012.03,50833.67,1,0.3047619047619048,0.1724301374246539,0.2386,False,,,,,,,,,,,
ERASMUSKLOOF,14,Theft,14,Theft:14,April,Wednesday,13,4084275.69,291733.98,0,0.0857142857142857,0.3891922949877379,0.2375,False,,,,,,,,,,,
ORANJEZICHT,32,Theft,30,Theft:30; Hijack:1; Windscreen/ Motor glass damage:1,November,Friday,10,2298243.7,71820.12,0,0.2571428571428571,0.217453667204913,0.2373,False,,,,,,,,,,,
TAMBOERSKLOOF,41,Theft,41,Theft:41,August,Wednesday,14,1400214.87,34151.58,0,0.3428571428571428,0.1311023365248754,0.237,False,,,,,,,,,,,
ILLOVO,19,Theft,19,Theft:19,January,Saturday,21,3504437.39,184444.07,0,0.1333333333333333,0.3334370596193468,0.2334,False,,,,,,,,,,,
CONSTANTIA PARK,17,Theft,17,Theft:17,October,Saturday,2,3673260.07,216074.12,0,0.1142857142857142,0.3496704616883763,0.232,False,,,,,,,,,,,
HELDERKRUIN,28,Theft,27,Theft:27; Burglary:1,October,Tuesday,0,2582764.55,92241.59,0,0.219047619047619,0.2448122031259874,0.2319,False,,,,,,,,,,,
KENILWORTH,37,Theft,33,Theft:33; Burglary:2; Hijack:2,December,Friday,20,1673049.86,45217.56,0,0.3047619047619048,0.1573372007692391,0.231,False,,,,,,,,,,,
SUNWARD PARK,18,Theft,17,Theft:17; Hijack:1,November,Saturday,18,3461269.35,203604.08,1,0.1238095238095238,0.3292861709481567,0.2265,False,,,,,,,,,,,
OLYMPUS AH,18,Theft,15,Theft:15; Burglary:1; Hijack:1; Stolen and recovered:1,February,Monday,15,3444611.58,191367.31,0,0.1238095238095238,0.3276844176885625,0.2257,False,,,,,,,,,,,
MONTANA,24,Theft,23,Theft:23; Burglary:1,May,Saturday,13,2725678.52,113569.94,0,0.1809523809523809,0.2585543137019552,0.2198,False,,,,,,,,,,,
HIGHVELD,15,Theft,15,Theft:15,October,Thursday,13,3590715.2,239381.01,0,0.0952380952380952,0.3417332339210777,0.2185,False,,,,,,,,,,,
GREEN POINT,37,Theft,36,Theft:36; Attempted Theft:1,April,Wednesday,18,1376653.85,37206.86,0,0.3047619047619048,0.1288367907414744,0.2168,False,,,,,,,,,,,
BOKSBURG,30,Theft,29,Theft:29; Hijack:1,December,Saturday,23,2059055.56,68635.19,0,0.238095238095238,0.1944541670976802,0.2163,False,,,,,,,,,,,
WYNBERG,35,Theft,29,Theft:29; Hijack:4; Accidental Damage:1; Windscreen/ Motor glass damage:1,November,Tuesday,0,1560092.5,44574.07,0,0.2857142857142857,0.1464756136795417,0.2161,False,,,,,,,,,,,
CASHAN,11,Theft,11,Theft:11,June,Friday,20,3921291.42,356481.04,0,0.0571428571428571,0.3735202941295755,0.2153,False,,,,,,,,,,,
WOODSTOCK,40,Theft,37,Theft:37; Attempted Theft:1; Hijack:1; Burglary:1,October,Friday,9,1028098.65,25702.47,0,0.3333333333333333,0.0953209343124034,0.2143,False,,,,,,,,,,,
BEACON BAY NORTH,34,Theft,34,Theft:34,December,Saturday,0,1591896.58,46820.49,0,0.2761904761904762,0.1495337834590736,0.2129,False,,,,,,,,,,,
TERGNIET,41,Theft,41,Theft:41,June,Friday,13,897613.14,21893.0,0,0.3428571428571428,0.0827739012478153,0.2128,False,,,,,,,,,,,
NOORDWYK,24,Theft,21,Theft:21; Hijack:2; Stolen and recovered:1,July,Thursday,12,2551382.7,106307.61,0,0.1809523809523809,0.2417946335155537,0.2114,False,,,,,,,,,,,
PRETORIA WEST,29,Theft,26,Theft:26; Hijack:3,October,Thursday,15,1973804.26,68062.22,0,0.2285714285714285,0.1862566984293268,0.2074,False,,,,,,,,,,,
CRAIGHALL PARK,24,Theft,23,Theft:23; Armed Robbery:1,August,Friday,2,2441892.84,101745.53,0,0.1809523809523809,0.231266469172577,0.2061,False,,,,,,,,,,,
ELDORAIGNE,26,Theft,22,Theft:22; Stolen and recovered:2; Burglary:1; Armed Robbery:1,May,Friday,15,2205734.94,88229.4,1,0.2,0.2085583464104122,0.2043,False,,,,,,,,,,,
MONDEOR,26,Theft,21,Theft:21; Hijack:3; Armed Robbery:2,September,Thursday,18,2203151.93,88126.08,1,0.2,0.2083099731475406,0.2042,False,,,,,,,,,,,
RESERVOIR HILLS,23,Theft,23,Theft:23,November,Monday,7,2488760.41,108206.97,0,0.1714285714285714,0.2357730917887349,0.2036,False,,,,,,,,,,,
GROENKLOOF,14,Theft,13,Theft:13; Hijack:1,July,Saturday,14,3379080.77,241362.91,0,0.0857142857142857,0.3213832027887684,0.2035,False,,,,,,,,,,,
MBOMBELA,33,Theft,33,Theft:33,July,Friday,8,1468308.93,44494.21,0,0.2666666666666666,0.1376500246346283,0.2022,False,,,,,,,,,,,
POTCHEFSTROOM,30,Theft,28,Theft:28; Hijack:1; Burglary:1,June,Saturday,20,1761988.54,58732.95,0,0.238095238095238,0.1658892350807946,0.202,False,,,,,,,,,,,
LYTTELTON MANOR,23,Theft,22,Theft:22; Armed Robbery:1,July,Sunday,11,2452668.32,106637.75,0,0.1714285714285714,0.232302601873034,0.2019,False,,,,,,,,,,,
CAMPS BAY,30,Theft,29,Theft:29; Burglary:1,January,Sunday,22,1717285.69,57242.86,0,0.238095238095238,0.1615907644151143,0.1998,False,,,,,,,,,,,
FAIRLAND,21,Theft,19,Theft:19; Armed Robbery:2,May,Friday,14,2601191.75,123866.27,0,0.1523809523809524,0.2465840986237157,0.1995,False,,,,,,,,,,,
TZANEEN,39,Theft,39,Theft:39,January,Saturday,9,815925.56,20921.17,0,0.3238095238095238,0.074919107506915,0.1994,False,,,,,,,,,,,
STELLENBOSCH CENTRAL,29,Theft,29,Theft:29,February,Friday,0,1801156.76,62108.85,0,0.2285714285714285,0.1696555149644465,0.1991,False,,,,,,,,,,,
STRUBENS VALLEY,20,Theft,18,Theft:18; Burglary:1; Hijack:1,December,Sunday,13,2685682.71,134284.14,0,0.1428571428571428,0.2547084556406656,0.1988,False,,,,,,,,,,,
ELARDUSPARK,29,Theft,26,Theft:26; Attempted Theft:2; Hijack:1,October,Monday,0,1754403.86,60496.68,0,0.2285714285714285,0.1651599186168874,0.1969,False,,,,,,,,,,,
ROODEPOORT,29,Theft,29,Theft:29,May,Wednesday,18,1742950.89,60101.75,0,0.2285714285714285,0.1640586408330344,0.1963,False,,,,,,,,,,,
MONUMENT PARK,20,Theft,18,Theft:18; Remote jamming:1; Burglary:1,August,Monday,15,2612871.74,130643.59,0,0.1428571428571428,0.2477072058616309,0.1953,False,,,,,,,,,,,
WALMER,32,Theft,30,Theft:30; Hijack:1; Armed Robbery:1,September,Saturday,0,1419759.25,45798.69,1,0.2571428571428571,0.1329816561680057,0.1951,False,,,,,,,,,,,
BRACKENHURST,26,Theft,25,Theft:25; Burglary:1,May,Saturday,14,2012895.48,77419.06,0,0.2,0.1900155742606362,0.195,False,,,,,,,,,,,
FAR EAST BANK,35,Theft,31,Theft:31; Attempted Theft:2; Hijack:1; Armed Robbery:1,May,Sunday,14,1054467.92,30127.65,0,0.2857142857142857,0.0978565116541254,0.1918,False,,,,,,,,,,,
WESTVILLE,22,Theft,21,Theft:21; Armed Robbery:1,January,Friday,10,2332623.99,106028.36,0,0.1619047619047619,0.2207595563829538,0.1913,False,,,,,,,,,,,
VORNA VALLEY,20,Theft,18,Theft:18; Armed Robbery:2,January,Saturday,16,2502055.36,125102.77,0,0.1428571428571428,0.2370514879665331,0.19,False,,,,,,,,,,,
VOSLOORUS,15,Hijack,7,Hijack:7; Theft:7; Stolen and recovered:1,August,Thursday,21,2989696.72,199313.11,0,0.0952380952380952,0.2839413860677147,0.1896,False,,,,,,,,,,,
EMALAHLENI,18,Theft,16,Theft:16; Hijack:2,November,Friday,16,2686929.6,149273.87,0,0.1238095238095238,0.2548283522487863,0.1893,False,,,,,,,,,,,
MIDDELBURG,35,Theft,35,Theft:35,October,Monday,0,977997.14,27942.78,0,0.2857142857142857,0.0905033472672534,0.1881,False,,,,,,,,,,,
PAULSHOF,30,Theft,30,Theft:30,November,Wednesday,3,1458874.37,48629.15,0,0.238095238095238,0.136742830140237,0.1874,False,,,,,,,,,,,
PARKTOWN,21,Theft,21,Theft:21,August,Sunday,8,2252916.49,107281.74,0,0.1523809523809524,0.2130951602519531,0.1827,False,,,,,,,,,,,
LENASIA SOUTH,16,Theft,14,Theft:14; Hijack:2,December,Tuesday,5,2745714.32,171607.14,0,0.1047619047619047,0.2604808865840742,0.1826,False,,,,,,,,,,,
BENONI,29,Theft,28,Theft:28; Hijack:1,May,Saturday,10,1426784.75,49199.47,0,0.2285714285714285,0.1336572038268627,0.1811,False,,,,,,,,,,,
DAWNCLIFFE,19,Theft,18,Theft:18; Armed Robbery:1,March,Tuesday,6,2414737.15,127091.43,0,0.1333333333333333,0.2286552724173074,0.181,False,,,,,,,,,,,
ESSENWOOD,18,Theft,17,Theft:17; Stolen and recovered:1,November,Saturday,9,2482043.45,137891.3,0,0.1238095238095238,0.2351272122637707,0.1795,False,,,,,,,,,,,
WILRO PARK,22,Theft,20,Theft:20; Armed Robbery:1; Stolen and recovered:1,November,Saturday,6,2018696.92,96128.42,1,0.1619047619047619,0.1905734205648138,0.1762,False,,,,,,,,,,,
SECUNDA,30,Theft,30,Theft:30,May,Thursday,4,1212665.22,40422.17,0,0.238095238095238,0.1130682141169396,0.1756,False,,,,,,,,,,,
SUNDOWNER,22,Theft,18,Theft:18; Armed Robbery:2; Attempted Theft:1; Burglary:1,December,Friday,15,1980600.55,94314.31,1,0.1619047619047619,0.1869102060513342,0.1744,False,,,,,,,,,,,
HOUGHTON ESTATE,13,Theft,12,Theft:12; Hijack:1,November,Wednesday,19,2851278.18,219329.09,0,0.0761904761904762,0.2706315404141091,0.1734,False,,,,,,,,,,,
WENDYWOOD,22,Theft,17,Theft:17; Hijack:3; Armed Robbery:1; Stolen and recovered:1,April,Thursday,0,1953107.03,88777.59,0,0.1619047619047619,0.184266524737586,0.1731,False,,,,,,,,,,,
GLENMARAIS,19,Theft,16,Theft:16; Hijack:1; Armed Robbery:1; Burglary:1,August,Tuesday,6,2233005.76,117526.62,0,0.1333333333333333,0.2111806136662816,0.1723,False,,,,,,,,,,,
GLENVISTA,27,Theft,25,Theft:25; Armed Robbery:1; Burglary:1,February,Wednesday,10,1426417.89,52830.29,0,0.2095238095238095,0.1336219278444944,0.1716,False,,,,,,,,,,,
VREDEHOEK,34,Theft,32,Theft:32; Burglary:1; Malicious Damage:1,September,Tuesday,0,724486.18,21308.42,0,0.2761904761904762,0.0661266145759724,0.1712,False,,,,,,,,,,,
PLUMSTEAD,31,Theft,31,Theft:31,December,Sunday,14,1019972.45,32902.34,0,0.2476190476190476,0.0945395471676587,0.1711,False,,,,,,,,,,,
DIE WILGERS,23,Theft,22,Theft:22; Hijack:1,December,Friday,0,1798181.91,78181.82,0,0.1714285714285714,0.1693694637292389,0.1704,False,,,,,,,,,,,
UMKOMAAS,13,Theft,12,Theft:12; Burglary:1,February,Saturday,11,2764658.02,212666.0,0,0.0761904761904762,0.2623024469264114,0.1692,False,,,,,,,,,,,
POLOKWANE CENTRAL,32,Theft,30,Theft:30; Burglary:2,August,Friday,2,873503.67,27296.99,0,0.2571428571428571,0.080455618418866,0.1688,False,,,,,,,,,,,
EMMARENTIA,14,Theft,12,Theft:12; Burglary:2,November,Tuesday,21,2642877.91,188776.99,0,0.0857142857142857,0.2505924948652271,0.1682,False,,,,,,,,,,,
CROYDON,22,Theft,18,Theft:18; Hijack:2; Armed Robbery:1; Burglary:1,March,Wednesday,15,1841283.32,83694.7,0,0.1619047619047619,0.1735139454912397,0.1677,False,,,,,,,,,,,
ATHOLL,8,Theft,8,Theft:8,February,Wednesday,14,3211538.91,401442.36,0,0.0285714285714285,0.3052729599187165,0.1669,False,,,,,,,,,,,
GLEN AUSTIN AH,21,Theft,18,Theft:18; Hijack:2; Burglary:1,January,Monday,3,1916010.5,91238.6,0,0.1523809523809524,0.1806994513629907,0.1665,False,,,,,,,,,,,
HENNOPSPARK,14,Theft,14,Theft:14,May,Wednesday,0,2593037.57,185216.97,0,0.0857142857142857,0.2458000210194314,0.1658,False,,,,,,,,,,,
BRAKPAN,22,Theft,21,Theft:21; Accidental Damage:1,August,Friday,11,1783317.51,81059.89,0,0.1619047619047619,0.1679401546949618,0.1649,False,,,,,,,,,,,
BULWER,23,Theft,15,Theft:15; Hijack:3; Armed Robbery:2; Stolen and recovered:2; Windscreen/ Motor glass damage:1,July,Monday,4,1684736.34,80225.54,2,0.1714285714285714,0.1584609320629946,0.1649,False,,,,,,,,,,,
BELLVILLE,26,Theft,22,Theft:22; Burglary:2; Remote jamming:1; Armed Robbery:1,February,Friday,10,1319967.26,50767.97,0,0.2,0.1233860052937358,0.1617,False,,,,,,,,,,,
FARRARMERE,19,Theft,19,Theft:19,February,Wednesday,16,1971851.83,103781.68,0,0.1333333333333333,0.1860689595473138,0.1597,False,,,,,,,,,,,
LENASIA,25,Theft,21,Theft:21; Hijack:4,December,Friday,13,1359536.5,54381.46,0,0.1904761904761904,0.1271908458666134,0.1588,False,,,,,,,,,,,
MALVERN,15,Theft,12,Theft:12; Hijack:3,March,Wednesday,16,2340835.86,156055.72,0,0.0952380952380952,0.2215491812571034,0.1584,False,,,,,,,,,,,
BLOEMFONTEIN,29,Theft,26,Theft:26; Remote jamming:1; Armed Robbery:1; Burglary:1,April,Monday,18,950049.48,32760.33,0,0.2285714285714285,0.0878159974297284,0.1582,False,,,,,,,,,,,
MEYERTON,19,Theft,18,Theft:18; Hijack:1,July,Tuesday,3,1939103.87,102058.1,0,0.1333333333333333,0.1829200295479767,0.1581,False,,,,,,,,,,,
MARLBORO,16,Hijack,10,Hijack:10; Theft:5; Armed Robbery:1,October,Wednesday,7,2229363.46,148624.23,1,0.1047619047619047,0.2108303827591783,0.1578,False,,,,,,,,,,,
PLETTENBERG BAY,28,Theft,28,Theft:28,September,Saturday,8,1024445.42,36587.34,0,0.219047619047619,0.0949696524144934,0.157,False,,,,,,,,,,,
RANDPARK,27,Theft,23,Theft:23; Stolen and recovered:2; Armed Robbery:1; Hijack:1,April,Wednesday,0,1101139.53,40782.95,0,0.2095238095238095,0.1023442914378544,0.1559,False,,,,,,,,,,,
HENLEY ON KLIP,24,Theft,23,Theft:23; Burglary:1,July,Friday,0,1382443.81,60106.25,1,0.1809523809523809,0.1293935331687573,0.1552,False,,,,,,,,,,,
THE REEDS,26,Theft,26,Theft:26,June,Tuesday,5,1171928.4,45074.17,0,0.2,0.109151103109854,0.1546,False,,,,,,,,,,,
MOWBRAY,28,Theft,26,Theft:26; Hijack:1; Armed Robbery:1,December,Saturday,2,969283.16,35899.38,1,0.219047619047619,0.0896654412408742,0.1544,False,,,,,,,,,,,
UMHLANGA,22,Theft,21,Theft:21; Burglary:1,September,Wednesday,18,1563973.41,71089.7,0,0.1619047619047619,0.1468487884948195,0.1544,False,,,,,,,,,,,
ROODEKRANS,18,Theft,18,Theft:18,December,Saturday,15,1938992.2,107721.79,0,0.1238095238095238,0.1829092917489496,0.1534,False,,,,,,,,,,,
EAST LONDON,24,Theft,23,Theft:23; Hijack:1,August,Saturday,17,1310725.39,54613.56,0,0.1809523809523809,0.1224973391999402,0.1517,False,,,,,,,,,,,
QUEENSWOOD,18,Theft,18,Theft:18,October,Thursday,16,1866906.5,103717.03,0,0.1238095238095238,0.1759777814120242,0.1499,False,,,,,,,,,,,
WINDERMERE,19,Theft,19,Theft:19,March,Saturday,18,1767831.92,93043.79,0,0.1333333333333333,0.1664511141895857,0.1499,False,,,,,,,,,,,
PORT ELIZABETH CENTRAL,31,Theft,28,Theft:28; Armed Robbery:2; Hijack:1,October,Friday,15,579660.17,19322.01,1,0.2476190476190476,0.0522006488799931,0.1499,False,,,,,,,,,,,
LAKEFIELD,7,Theft,6,Theft:6; Armed Robbery:1,August,Friday,20,2956924.96,422417.85,0,0.019047619047619,0.280790167543108,0.1499,False,,,,,,,,,,,
PARKTOWN NORTH,17,Theft,15,Theft:15; Stolen and recovered:1; Burglary:1,December,Monday,12,1943362.72,114315.45,0,0.1142857142857142,0.1833295457599079,0.1488,False,,,,,,,,,,,
PRIMROSE,18,Theft,18,Theft:18,October,Friday,11,1783962.55,99109.03,0,0.1238095238095238,0.1680021794991563,0.1459,False,,,,,,,,,,,
BENDOR PARK,23,Theft,23,Theft:23,October,Wednesday,2,1272087.06,55308.13,0,0.1714285714285714,0.1187820116967526,0.1451,False,,,,,,,,,,,
PARKMORE,14,Theft,11,Theft:11; Malicious Damage:2; Armed Robbery:1,January,Friday,13,2137880.12,152705.72,0,0.0857142857142857,0.2020336627874439,0.1439,False,,,,,,,,,,,
SILVERTON,19,Theft,16,Theft:16; Burglary:2; Hijack:1,October,Wednesday,0,1619650.88,85244.78,0,0.1333333333333333,0.1522025404711318,0.1428,False,,,,,,,,,,,
WILGEHEUWEL,20,Theft,19,Theft:19; Hijack:1,August,Sunday,15,1470377.41,73518.87,0,0.1428571428571428,0.1378489224812431,0.1404,False,,,,,,,,,,,
VERULAM,23,Theft,23,Theft:23,January,Friday,14,1170330.17,50883.92,0,0.1714285714285714,0.1089974228686164,0.1402,False,,,,,,,,,,,
SIMON'S TOWN,11,Theft,11,Theft:11,March,Saturday,0,2358176.22,214379.66,0,0.0571428571428571,0.2232165699983656,0.1402,False,,,,,,,,,,,
LOMBARDY EAST,15,Hijack,8,Hijack:8; Theft:6; Stolen and recovered:1,October,Tuesday,13,1943029.82,129535.32,0,0.0952380952380952,0.1832975352530923,0.1393,False,,,,,,,,,,,
FLORIDA PARK,15,Theft,14,Theft:14; Burglary:1,December,Sunday,22,1916410.25,127760.68,0,0.0952380952380952,0.1807378899334309,0.138,False,,,,,,,,,,,
NORTH BEACH,13,Theft,13,Theft:13,September,Saturday,17,2065298.43,158869.11,0,0.0761904761904762,0.1950544597762153,0.1356,False,,,,,,,,,,,
BRITS,28,Theft,27,Theft:27; Remote jamming:1,April,Saturday,4,532079.67,19002.85,0,0.219047619047619,0.0476254733932311,0.1333,False,,,,,,,,,,,
HURLINGHAM,20,Theft,20,Theft:20,July,Saturday,2,1311568.37,65578.42,0,0.1428571428571428,0.1225783972264812,0.1327,False,,,,,,,,,,,
WINGATE PARK,22,Theft,20,Theft:20; Burglary:1; Armed Robbery:1,February,Monday,3,1087770.18,49444.1,0,0.1619047619047619,0.101058741214676,0.1315,False,,,,,,,,,,,
RUIMSIG,12,Theft,11,Theft:11; Armed Robbery:1,July,Sunday,11,2071673.98,172639.5,0,0.0666666666666666,0.1956675105023453,0.1312,False,,,,,,,,,,,
SINOVILLE,19,Theft,19,Theft:19,May,Sunday,1,1348958.15,70997.8,0,0.1333333333333333,0.1261736685017183,0.1298,False,,,,,,,,,,,
SUNNYSIDE,18,Theft,14,Theft:14; Hijack:4,September,Monday,0,1434830.65,79712.81,0,0.1238095238095238,0.1344308696027359,0.1291,False,,,,,,,,,,,
SUNNINGDALE,24,Theft,24,Theft:24,February,Thursday,2,818427.51,34101.15,0,0.1809523809523809,0.0751596863219569,0.1281,False,,,,,,,,,,,
MAYFAIR WEST,12,Theft,11,Theft:11; Hijack:1,November,Saturday,16,1984015.02,165334.58,0,0.0666666666666666,0.1872385296175911,0.127,False,,,,,,,,,,,
FLORIDA,16,Theft,16,Theft:16,January,Friday,15,1585839.24,99114.95,0,0.1047619047619047,0.1489513307004228,0.1269,False,,,,,,,,,,,
NASREC,11,Theft,9,Theft:9; Hijack:2,April,Saturday,23,2076677.38,188788.85,0,0.0571428571428571,0.1961486200541672,0.1266,False,,,,,,,,,,,
PARKRAND,14,Theft,14,Theft:14,November,Saturday,0,1742813.91,124486.71,0,0.0857142857142857,0.1640454693123867,0.1249,False,,,,,,,,,,,
COLBYN,7,Theft,5,Theft:5; Armed Robbery:2,April,Saturday,17,2431122.66,347303.24,0,0.019047619047619,0.2302308461016969,0.1246,False,,,,,,,,,,,
SUMMERSTRAND,21,Theft,20,Theft:20; Burglary:1,May,Tuesday,20,1037374.45,49398.78,0,0.1523809523809524,0.0962128629970558,0.1243,False,,,,,,,,,,,
MORNINGSIDE MANOR,14,Theft,12,Theft:12; Hijack:1; Burglary:1,August,Friday,15,1700845.78,121488.98,0,0.0857142857142857,0.1600099598158232,0.1229,False,,,,,,,,,,,
RANDHART,15,Theft,15,Theft:15,January,Monday,13,1589941.27,105996.08,0,0.0952380952380952,0.1493457676462717,0.1223,False,,,,,,,,,,,
SASOLBURG,17,Theft,16,Theft:16; Burglary:1,November,Wednesday,0,1384094.81,81417.34,0,0.1142857142857142,0.1295522875897626,0.1219,False,,,,,,,,,,,
BROMHOF,18,Theft,18,Theft:18,April,Friday,14,1279669.52,71092.75,0,0.1238095238095238,0.1195111146931766,0.1217,False,,,,,,,,,,,
GROOTFONTEIN COUNTRY ESTATES,16,Theft,16,Theft:16,November,Saturday,2,1474461.91,92153.87,0,0.1047619047619047,0.1382416738032275,0.1215,False,,,,,,,,,,,
LYNNWOOD GLEN,13,Theft,11,Theft:11; Burglary:1; Armed Robbery:1,January,Tuesday,11,1771135.63,136241.2,0,0.0761904761904762,0.1667687874592522,0.1215,False,,,,,,,,,,,
KYALAMI ESTATE,9,Theft,7,Theft:7; Hijack:2,November,Saturday,14,2165497.9,240610.88,0,0.0380952380952381,0.2046892925108554,0.1214,False,,,,,,,,,,,
NORTH RIDING,19,Theft,18,Theft:18; Armed Robbery:1,September,Saturday,0,1173404.03,61758.11,0,0.1333333333333333,0.1092929945612581,0.1213,False,,,,,,,,,,,
FOCHVILLE,12,Theft,11,Theft:11; Hijack:1,April,Saturday,16,1864592.68,155382.72,0,0.0666666666666666,0.1757552925238289,0.1212,False,,,,,,,,,,,
WESTCLIFF,16,Theft,16,Theft:16,April,Saturday,18,1438240.4,89890.02,0,0.1047619047619047,0.1347587393101998,0.1198,False,,,,,,,,,,,
PRETORIUSPARK,7,Theft,7,Theft:7,May,Saturday,12,2297047.63,328149.66,0,0.019047619047619,0.2173386572713383,0.1182,False,,,,,,,,,,,
LITTLE FALLS,18,Theft,16,Theft:16; Burglary:1; Armed Robbery:1,January,Friday,13,1205032.9,66946.27,0,0.1238095238095238,0.1123343167562325,0.1181,False,,,,,,,,,,,
FISH HOEK,19,Theft,19,Theft:19,January,Monday,8,1100223.4,57906.49,0,0.1333333333333333,0.1022561995615881,0.1178,False,,,,,,,,,,,
MAGALIESSIG,8,Theft,8,Theft:8,July,Thursday,14,2169716.25,271214.53,0,0.0285714285714285,0.2050949143835676,0.1168,False,,,,,,,,,,,
ALBERTON,21,Theft,21,Theft:21,December,Saturday,10,876781.89,41751.52,0,0.1523809523809524,0.0807708406587376,0.1166,False,,,,,,,,,,,
GORDONS BAY,19,Theft,19,Theft:19,October,Friday,4,1042026.2,54843.48,0,0.1333333333333333,0.0966601591072385,0.115,False,,,,,,,,,,,
GREENSTONE HILL,12,Theft,9,Theft:9; Hijack:3,April,Saturday,1,1728844.02,144070.34,0,0.0666666666666666,0.1627021732503285,0.1147,False,,,,,,,,,,,
LANGEBAAN,19,Theft,17,Theft:17; Armed Robbery:2,October,Saturday,0,1028066.14,54108.74,0,0.1333333333333333,0.0953178082638105,0.1143,False,,,,,,,,,,,
ROODEPLAAT,13,Theft,13,Theft:13,October,Friday,0,1598385.83,122952.76,0,0.0761904761904762,0.1501577671819741,0.1132,False,,,,,,,,,,,
UMHLANGA RIDGE,9,Theft,9,Theft:9,September,Wednesday,15,1986361.48,220706.83,0,0.0380952380952381,0.1874641570547275,0.1128,False,,,,,,,,,,,
SILVERGLEN,10,Theft,7,Theft:7; Armed Robbery:2; Stolen and recovered:1,January,Saturday,16,1876682.45,187668.25,0,0.0476190476190476,0.1769178027821193,0.1123,False,,,,,,,,,,,
WATERVAL CITY,5,Theft,5,Theft:5,July,Wednesday,9,2370878.48,474175.7,0,0.0,0.2244379751659968,0.1122,False,,,,,,,,,,,
KRUGERSDORP NORTH,13,Theft,13,Theft:13,February,Tuesday,22,1536437.46,118187.5,0,0.0761904761904762,0.144201027259761,0.1102,False,,,,,,,,,,,
SHEFFIELD BEACH,5,Theft,5,Theft:5,February,Friday,13,2326245.01,465249.0,0,0.0,0.2201461758399467,0.1101,False,,,,,,,,,,,
UMHLANGA ROCKS,15,Theft,15,Theft:15,November,Sunday,4,1332432.47,88828.83,0,0.0952380952380952,0.1245846165573699,0.1099,False,,,,,,,,,,,
GONUBIE,22,Theft,22,Theft:22,November,Monday,4,622528.73,28296.76,0,0.1619047619047619,0.0563227405953972,0.1091,False,,,,,,,,,,,
IRENE,8,Theft,8,Theft:8,August,Sunday,16,2006598.07,250824.76,0,0.0285714285714285,0.1894100372052861,0.109,False,,,,,,,,,,,
KARENPARK,8,Theft,8,Theft:8,October,Tuesday,11,1997404.17,249675.52,0,0.0285714285714285,0.1885259837399433,0.1085,False,,,,,,,,,,,
GEORGE,21,Theft,21,Theft:21,August,Friday,0,701606.4,33409.83,0,0.1523809523809524,0.0639265744629323,0.1082,False,,,,,,,,,,,
HARTEBEESPOORT,17,Theft,17,Theft:17,December,Saturday,23,1092951.87,64291.29,0,0.1142857142857142,0.1015569945131491,0.1079,False,,,,,,,,,,,
DOORNPOORT,18,Theft,17,Theft:17; Stolen and recovered:1,October,Sunday,11,977822.35,54323.46,0,0.1238095238095238,0.090486540068436,0.1071,False,,,,,,,,,,,
BUCCLEUCH,15,Theft,12,Theft:12; Hijack:3,November,Friday,0,1272893.07,84859.54,0,0.0952380952380952,0.1188595148166039,0.107,False,,,,,,,,,,,
SYDENHAM,19,Theft,19,Theft:19,September,Tuesday,11,862318.99,45385.21,0,0.1333333333333333,0.0793801384688176,0.1064,False,,,,,,,,,,,
MONAVONI,8,Theft,6,Theft:6; Hijack:2,August,Wednesday,3,1945881.34,243235.17,0,0.0285714285714285,0.1835717275042038,0.1061,False,,,,,,,,,,,
KIBLER PARK,12,Theft,9,Theft:9; Hijack:3,March,Monday,14,1533162.09,127763.51,0,0.0666666666666666,0.1438860790659826,0.1053,False,,,,,,,,,,,
RIVONIA,13,Theft,13,Theft:13,December,Wednesday,8,1432928.22,110225.25,0,0.0761904761904762,0.1342479385469194,0.1052,False,,,,,,,,,,,
ORANGE GROVE,13,Theft,12,Theft:12; Burglary:1,September,Tuesday,12,1406400.2,108184.63,0,0.0761904761904762,0.1316970963570237,0.1039,False,,,,,,,,,,,
CLUBVIEW,13,Theft,13,Theft:13,December,Saturday,15,1405242.72,108095.59,0,0.0761904761904762,0.1315857971037074,0.1039,False,,,,,,,,,,,
EQUESTRIA,15,Theft,12,Theft:12; Armed Robbery:3,January,Wednesday,14,1204411.69,86029.41,1,0.0952380952380952,0.1122745833620031,0.1038,False,,,,,,,,,,,
KENMARE,10,Theft,10,Theft:10,November,Wednesday,8,1697511.1,169751.11,0,0.0476190476190476,0.1596893085786106,0.1037,False,,,,,,,,,,,
PRETORIA,21,Theft,20,Theft:20; Armed Robbery:1,April,Thursday,11,598463.58,28498.27,0,0.1523809523809524,0.0540087194235884,0.1032,False,,,,,,,,,,,
BEYERS PARK,12,Theft,12,Theft:12,June,Tuesday,3,1485777.8,123814.82,0,0.0666666666666666,0.1393297704507805,0.103,False,,,,,,,,,,,
PANORAMA,19,Theft,15,Theft:15; Burglary:2; Armed Robbery:2,October,Monday,4,772084.9,40636.05,0,0.1333333333333333,0.0707035420346003,0.102,False,,,,,,,,,,,
TOKAI,19,Theft,17,Theft:17; Armed Robbery:2,June,Tuesday,3,748955.02,39418.69,0,0.1333333333333333,0.0684794531749258,0.1009,False,,,,,,,,,,,
ALEXANDRA,14,Hijack,8,Hijack:8; Theft:4; Armed Robbery:2,November,Monday,18,1242486.6,103540.55,2,0.0857142857142857,0.1159357343564792,0.1008,False,,,,,,,,,,,
HAVENSIDE,9,Theft,7,Theft:7; Hijack:2,December,Thursday,14,1733055.44,192561.72,0,0.0380952380952381,0.1631071287583299,0.1006,False,,,,,,,,,,,
AMANZIMTOTI,22,Theft,22,Theft:22,August,Saturday,0,438913.63,19950.62,0,0.1619047619047619,0.0386669508386828,0.1003,False,,,,,,,,,,,
PROTEA PARK,15,Theft,15,Theft:15,December,Sunday,7,1126294.67,75086.31,0,0.0952380952380952,0.1047631222591796,0.1,False,,,,,,,,,,,
MIDSTREAM ESTATE,13,Theft,11,Theft:11; Hijack:2,September,Thursday,15,1317579.33,101352.26,0,0.0761904761904762,0.1231563902455522,0.0997,False,,,,,,,,,,,
CRAIGHALL,13,Theft,11,Theft:11; Burglary:1; Attempted Theft:1,September,Saturday,7,1316532.06,101271.7,0,0.0761904761904762,0.1230556884027379,0.0996,False,,,,,,,,,,,
LYME PARK,10,Theft,10,Theft:10,December,Wednesday,0,1598495.88,159849.59,0,0.0476190476190476,0.1501683492074324,0.0989,False,,,,,,,,,,,
ASHLEA GARDENS,7,Theft,6,Theft:6; Burglary:1,May,Saturday,22,1894343.21,270620.46,0,0.019047619047619,0.1786160000736482,0.0988,False,,,,,,,,,,,
POMONA,12,Theft,11,Theft:11; Hijack:1,May,Thursday,7,1397079.33,116423.28,0,0.0666666666666666,0.1308008338978378,0.0987,False,,,,,,,,,,,
MONUMENT,13,Theft,12,Theft:12; Burglary:1,February,Tuesday,7,1296043.25,99695.63,0,0.0761904761904762,0.1210855556537142,0.0986,False,,,,,,,,,,,
NORWOOD,16,Theft,16,Theft:16,August,Tuesday,18,995577.24,62223.58,0,0.1047619047619047,0.0921937885735621,0.0985,False,,,,,,,,,,,
BONAERO PARK,16,Theft,16,Theft:16,December,Thursday,13,995767.65,62235.48,0,0.1047619047619047,0.0922120977372833,0.0985,False,,,,,,,,,,,
HOUT BAY,20,Theft,19,Theft:19; Malicious Damage:1,November,Saturday,18,589582.14,29479.11,0,0.1428571428571428,0.0531547110257122,0.098,False,,,,,,,,,,,
WOODHURST,14,Theft,12,Theft:12; Burglary:2,October,Thursday,15,1165067.5,83219.11,0,0.0857142857142857,0.1084913828148356,0.0971,False,,,,,,,,,,,
DORINGKLOOF,10,Theft,9,Theft:9; Burglary:1,October,Monday,9,1550900.9,155090.09,0,0.0476190476190476,0.1455917813742039,0.0966,False,,,,,,,,,,,
KHAYELITSHA,12,Theft,10,Theft:10; Hijack:1; Armed Robbery:1,December,Friday,4,1337243.67,121567.61,1,0.0666666666666666,0.1250472448252929,0.0959,False,,,,,,,,,,,
HONEYDEW,15,Theft,13,Theft:13; Armed Robbery:1; Hijack:1,January,Saturday,13,1041188.23,69412.55,0,0.0952380952380952,0.0965795828248824,0.0959,False,,,,,,,,,,,
BOTHASIG,16,Theft,14,Theft:14; Hijack:1; Burglary:1,July,Saturday,0,927801.52,57987.6,0,0.1047619047619047,0.0856767109316365,0.0952,False,,,,,,,,,,,
SAFARI TUINE,10,Theft,10,Theft:10,August,Saturday,12,1516463.65,151646.36,0,0.0476190476190476,0.1422804151205602,0.0949,False,,,,,,,,,,,
EDGEMEAD,20,Theft,19,Theft:19; Burglary:1,January,Wednesday,15,524714.25,26235.71,0,0.1428571428571428,0.0469172402087605,0.0949,False,,,,,,,,,,,
GOODWOOD ESTATE,20,Theft,19,Theft:19; Burglary:1,May,Tuesday,6,522380.83,26119.04,0,0.1428571428571428,0.0466928666526961,0.0948,False,,,,,,,,,,,
MOSSEL BAY,18,Theft,18,Theft:18,December,Sunday,0,717796.83,39877.6,0,0.1238095238095238,0.0654833899326338,0.0946,False,,,,,,,,,,,
KELVIN,18,Theft,13,Theft:13; Hijack:4; Armed Robbery:1,September,Sunday,17,707721.22,39317.85,0,0.1238095238095238,0.0645145542985784,0.0942,False,,,,,,,,,,,
ISIPINGO BEACH,6,Theft,4,Theft:4; Flood:1; Hijack:1,March,Sunday,13,1895767.53,315961.26,0,0.0095238095238095,0.1787529577338095,0.0941,False,,,,,,,,,,,
FRESNAYE,10,Theft,10,Theft:10,January,Wednesday,9,1497175.57,149717.56,0,0.0476190476190476,0.1404257403945127,0.094,False,,,,,,,,,,,
MEYERSPARK,13,Theft,12,Theft:12; Hijack:1,August,Friday,13,1189573.43,91505.65,0,0.0761904761904762,0.1108477878592615,0.0935,False,,,,,,,,,,,
RIVERCLUB,11,Theft,10,Theft:10; Armed Robbery:1,December,Tuesday,12,1376629.07,125148.1,0,0.0571428571428571,0.1288344079828115,0.093,False,,,,,,,,,,,
KRAAIFONTEIN,21,Theft,21,Theft:21,February,Saturday,13,378767.32,18036.54,0,0.1523809523809524,0.0328834907419796,0.0926,False,,,,,,,,,,,
DAVEYTON,13,Hijack,7,Hijack:7; Theft:6,February,Friday,20,1171359.22,90104.56,0,0.0761904761904762,0.1090963727395646,0.0926,False,,,,,,,,,,,
GREENHILLS,16,Theft,16,Theft:16,May,Thursday,0,870588.83,54411.8,0,0.1047619047619047,0.0801753375366593,0.0925,False,,,,,,,,,,,
GLENHAZEL,11,Theft,10,Theft:10; Stolen and recovered:1,March,Friday,22,1363822.95,123983.9,0,0.0571428571428571,0.1276030159986051,0.0924,False,,,,,,,,,,,
BLOUBERGSTRAND,14,Theft,14,Theft:14,December,Friday,17,1041274.25,74376.73,0,0.0857142857142857,0.0965878542090707,0.0912,False,,,,,,,,,,,
FLORA PARK,17,Theft,17,Theft:17,March,Thursday,3,739405.38,43494.43,0,0.1142857142857142,0.0675611929877608,0.0909,False,,,,,,,,,,,
MEYERSDAL,11,Theft,10,Theft:10; Stolen and recovered:1,November,Wednesday,14,1325958.57,120541.69,0,0.0571428571428571,0.1239621088371116,0.0906,False,,,,,,,,,,,
VINCENT,18,Theft,18,Theft:18,July,Sunday,10,623637.0,34646.5,0,0.1238095238095238,0.056429307986171,0.0901,False,,,,,,,,,,,
AUCKLAND PARK,10,Theft,6,Theft:6; Hijack:2; Stolen and recovered:2,July,Wednesday,14,1406717.14,140671.71,0,0.0476190476190476,0.1317275722057174,0.0897,False,,,,,,,,,,,
VALHALLA,12,Theft,12,Theft:12,May,Wednesday,3,1181560.98,98463.42,0,0.0666666666666666,0.1100773385191136,0.0884,False,,,,,,,,,,,
KEMPTON PARK,17,Theft,17,Theft:17,May,Saturday,16,683578.25,40210.49,0,0.1142857142857142,0.0621930502260775,0.0882,False,,,,,,,,,,,
EDENBURG,12,Theft,12,Theft:12,December,Sunday,19,1171709.69,97642.47,0,0.0666666666666666,0.1091300727165057,0.0879,False,,,,,,,,,,,
VANDERBIJLPARK S. W. 5,12,Theft,12,Theft:12,July,Friday,13,1171287.25,97607.27,0,0.0666666666666666,0.1090894523545375,0.0879,False,,,,,,,,,,,
DURBAN BEACH,13,Theft,13,Theft:13,May,Wednesday,14,1064260.55,81866.2,0,0.0761904761904762,0.0987981369150397,0.0875,False,,,,,,,,,,,
LORRAINE,18,Theft,18,Theft:18,August,Tuesday,16,570145.82,31674.77,0,0.1238095238095238,0.0512857820565576,0.0875,False,,,,,,,,,,,
SELBORNE,5,Theft,5,Theft:5,July,Saturday,0,1848845.27,369769.05,0,0.0,0.1742410763173579,0.0871,False,,,,,,,,,,,
MOUNT VERNON,7,Theft,7,Theft:7,November,Thursday,21,1644441.18,234920.17,0,0.019047619047619,0.1545862895462671,0.0868,False,,,,,,,,,,,
GALLO MANOR,10,Theft,6,Theft:6; Burglary:2; Armed Robbery:1; Hijack:1,September,Wednesday,15,1324451.76,132445.18,0,0.0476190476190476,0.1238172192252915,0.0857,False,,,,,,,,,,,
LYNNWOOD RIDGE,14,Theft,13,Theft:13; Stolen and recovered:1,January,Friday,13,917201.9,65514.42,0,0.0857142857142857,0.0846574883174775,0.0852,False,,,,,,,,,,,
PHILIPPI,17,Theft,7,Theft:7; Hijack:6; Armed Robbery:4,August,Saturday,12,609580.88,40638.73,2,0.1142857142857142,0.0550777203470545,0.0847,False,,,,,,,,,,,
WILLOWBROOK,6,Theft,5,Theft:5; Armed Robbery:1,December,Sunday,18,1692746.07,338549.21,1,0.0095238095238095,0.1592311198573974,0.0844,False,,,,,,,,,,,
WELLINGTON,19,Theft,17,Theft:17; Burglary:2,November,Tuesday,8,400835.93,21096.63,0,0.1333333333333333,0.035005531567505,0.0842,False,,,,,,,,,,,
MULBARTON,14,Theft,14,Theft:14,December,Saturday,3,884404.25,63171.73,0,0.0857142857142857,0.0815037803004664,0.0836,False,,,,,,,,,,,
MARLBORO GARDENS,7,Hijack,6,Hijack:6; Armed Robbery:1,February,Wednesday,19,1572383.13,224626.16,0,0.019047619047619,0.1476574379372283,0.0834,False,,,,,,,,,,,
RADIOKOP,14,Theft,14,Theft:14,September,Wednesday,18,874273.01,62448.07,0,0.0857142857142857,0.0805295954789848,0.0831,False,,,,,,,,,,,
STELLENBOSCH NU,17,Theft,14,Theft:14; Armed Robbery:1; Windscreen/ Motor glass damage:1; Remote jamming:1,July,Friday,0,570403.57,33553.15,0,0.1142857142857142,0.0513105664006,0.0828,False,,,,,,,,,,,
WENTWORTH,10,Theft,9,Theft:9; Hijack:1,July,Saturday,5,1262323.99,126232.4,0,0.0476190476190476,0.1178432288226857,0.0827,False,,,,,,,,,,,
KNYSNA,18,Theft,17,Theft:17; Armed Robbery:1,December,Sunday,7,465089.95,25838.33,0,0.1238095238095238,0.041183974779113,0.0825,False,,,,,,,,,,,
WEST ACRES,18,Theft,17,Theft:17; Burglary:1,May,Thursday,0,458636.86,25479.83,0,0.1238095238095238,0.0405634680761177,0.0822,False,,,,,,,,,,,
BIRCHLEIGH,10,Theft,9,Theft:9; Burglary:1,July,Wednesday,11,1240941.98,124094.2,0,0.0476190476190476,0.1157872090664894,0.0817,False,,,,,,,,,,,
MAMELODI,8,Hijack,5,Hijack:5; Theft:3,July,Friday,22,1421748.72,177718.59,0,0.0285714285714285,0.1331729566876649,0.0809,False,,,,,,,,,,,
OLIVEDALE,12,Theft,12,Theft:12,June,Wednesday,1,1010462.61,84205.22,0,0.0666666666666666,0.0936251140101461,0.0801,False,,,,,,,,,,,
PIETERMARITZBURG,16,Theft,15,Theft:15; Hijack:1,October,Friday,15,585603.85,36600.24,0,0.1047619047619047,0.0527721724881342,0.0788,False,,,,,,,,,,,
RIVIERA,12,Theft,11,Theft:11; Armed Robbery:1,January,Tuesday,18,979867.08,81655.59,0,0.0666666666666666,0.0906831541976075,0.0787,False,,,,,,,,,,,
BANTRY BAY,16,Theft,16,Theft:16,December,Tuesday,15,576897.65,36056.1,0,0.1047619047619047,0.0519350145595112,0.0783,False,,,,,,,,,,,
CARLSWALD AH,12,Theft,11,Theft:11; Armed Robbery:1,February,Saturday,17,970963.59,80913.63,0,0.0666666666666666,0.0898270255483787,0.0782,False,,,,,,,,,,,
BORDEAUX,12,Theft,12,Theft:12,March,Saturday,3,966389.27,80532.44,0,0.0666666666666666,0.0893871748378438,0.078,False,,,,,,,,,,,
BRACKENFELL SOUTH,13,Theft,12,Theft:12; Armed Robbery:1,November,Thursday,0,862303.85,66331.07,0,0.0761904761904762,0.0793786826590453,0.0778,False,,,,,,,,,,,
LA MONTAGNE,9,Theft,9,Theft:9,February,Friday,15,1255212.07,139468.01,0,0.0380952380952381,0.1171593713170308,0.0776,False,,,,,,,,,,,
WONDERBOOM,11,Theft,10,Theft:10; Hijack:1,December,Monday,14,1034746.59,94067.87,0,0.0571428571428571,0.0959601771140861,0.0766,False,,,,,,,,,,,
ROBINDALE,11,Theft,8,Theft:8; Armed Robbery:3,November,Tuesday,13,1030071.43,93642.86,0,0.0571428571428571,0.0955106299796783,0.0763,False,,,,,,,,,,,
GRASSY PARK,14,Theft,14,Theft:14,October,Tuesday,9,731348.38,52239.17,0,0.0857142857142857,0.066786459874472,0.0763,False,,,,,,,,,,,
EVERTON,11,Theft,11,Theft:11,August,Friday,7,1024347.46,93122.5,0,0.0571428571428571,0.0949602329214094,0.0761,False,,,,,,,,,,,
MOUNT EDGECOMBE,10,Theft,9,Theft:9; Attempted Theft:1,February,Monday,12,1123599.42,112359.94,0,0.0476190476190476,0.1045039563880624,0.0761,False,,,,,,,,,,,
HIGHLANDS NORTH,13,Theft,13,Theft:13,April,Wednesday,19,816083.83,62775.68,0,0.0761904761904762,0.0749343261999571,0.0756,False,,,,,,,,,,,
MELROSE,10,Theft,6,Theft:6; Hijack:3; Armed Robbery:1,August,Wednesday,9,1102327.25,110232.72,0,0.0476190476190476,0.1024584984644543,0.075,False,,,,,,,,,,,
WINCHESTER HILLS,9,Theft,7,Theft:7; Hijack:1; Burglary:1,March,Sunday,2,1195678.4,132853.16,0,0.0380952380952381,0.1114348205531469,0.0748,False,,,,,,,,,,,
NORTHWOLD,13,Theft,12,Theft:12; Armed Robbery:1,November,Wednesday,15,797447.22,61342.09,0,0.0761904761904762,0.073142294564553,0.0747,False,,,,,,,,,,,
HERMANUS,17,Theft,17,Theft:17,December,Wednesday,2,396350.53,23314.74,0,0.1142857142857142,0.0345742310950778,0.0744,False,,,,,,,,,,,
GLENFERNESS AH,8,Theft,8,Theft:8,April,Friday,1,1280442.55,160055.32,0,0.0285714285714285,0.1195854465708688,0.0741,False,,,,,,,,,,,
ATTERIDGEVILLE,7,Theft,6,Theft:6; Hijack:1,July,Saturday,14,1370873.44,195839.06,0,0.019047619047619,0.1282809666089951,0.0737,False,,,,,,,,,,,
MTHATHA CENTRAL,9,Theft,8,Theft:8; Armed Robbery:1,December,Tuesday,0,1172917.59,130324.18,0,0.0380952380952381,0.1092462201817585,0.0737,False,,,,,,,,,,,
BENDOR,15,Theft,15,Theft:15,May,Wednesday,15,567920.93,37861.4,0,0.0952380952380952,0.0510718443680351,0.0732,False,,,,,,,,,,,
KENSINGTON B,11,Theft,11,Theft:11,July,Friday,0,964817.85,87710.71,0,0.0571428571428571,0.0892360725530127,0.0732,False,,,,,,,,,,,
VILLIERIA,13,Theft,11,Theft:11; Stolen and recovered:1; Burglary:1,December,Tuesday,16,757333.08,58256.39,0,0.0761904761904762,0.069285058301787,0.0727,False,,,,,,,,,,,
CHATSWORTH,8,Theft,7,Theft:7; Hijack:1,May,Friday,20,1252162.9,156520.36,0,0.0285714285714285,0.1168661737289649,0.0727,False,,,,,,,,,,,
WITPOORTJIE,14,Theft,14,Theft:14,November,Monday,8,652964.1,46640.29,0,0.0857142857142857,0.0592492999790634,0.0725,False,,,,,,,,,,,
ATLASVILLE,11,Theft,11,Theft:11,April,Wednesday,13,948252.93,86204.81,0,0.0571428571428571,0.0876432474266653,0.0724,False,,,,,,,,,,,
KYALAMI AH,17,Theft,16,Theft:16; Armed Robbery:1,April,Friday,0,353148.44,20773.44,0,0.1142857142857142,0.030420068294248,0.0724,False,,,,,,,,,,,
NINAPARK,9,Theft,9,Theft:9,August,Saturday,20,1143110.34,127012.26,0,0.0380952380952381,0.106380058633902,0.0722,False,,,,,,,,,,,
DOUGLASDALE,10,Theft,10,Theft:10,June,Friday,4,1042745.14,104274.51,0,0.0476190476190476,0.0967292898785514,0.0722,False,,,,,,,,,,,
VERWOERDPARK,7,Theft,5,Theft:5; Hijack:2,December,Tuesday,4,1335054.72,190722.1,0,0.019047619047619,0.1248367630022404,0.0719,False,,,,,,,,,,,
HALFWAY GARDENS,16,Theft,16,Theft:16,August,Sunday,17,414659.89,25916.24,0,0.1047619047619047,0.0363347955080264,0.0705,False,,,,,,,,,,,
SONSTRAAL HEIGHTS,12,Theft,12,Theft:12,July,Thursday,17,787282.23,65606.85,0,0.0666666666666666,0.0721648644603889,0.0694,False,,,,,,,,,,,
PARYS,10,Theft,9,Theft:9; Hijack:1,February,Sunday,0,985293.33,98529.33,0,0.0476190476190476,0.0912049235355725,0.0694,False,,,,,,,,,,,
TSAKANE,5,Theft,4,Theft:4; Hijack:1,July,Monday,21,1477946.57,369486.64,1,0.0,0.1385767465958989,0.0693,False,,,,,,,,,,,
WITBANK EXT,13,Theft,12,Theft:12; Hijack:1,May,Thursday,8,676788.47,52060.65,0,0.0761904761904762,0.0615401685830408,0.0689,False,,,,,,,,,,,
PAROW,14,Theft,12,Theft:12; Hijack:1; Armed Robbery:1,November,Friday,11,576976.89,41212.64,0,0.0857142857142857,0.0519426340024672,0.0688,False,,,,,,,,,,,
MONTFORD,11,Theft,11,Theft:11,November,Saturday,10,871331.6,79211.96,0,0.0571428571428571,0.0802467597179374,0.0687,False,,,,,,,,,,,
PINETOWN,9,Theft,9,Theft:9,February,Tuesday,11,1064583.76,118287.08,0,0.0380952380952381,0.0988292156651385,0.0685,False,,,,,,,,,,,
JANSEN PARK,5,Theft,5,Theft:5,November,Friday,17,1456276.96,291255.39,0,0.0,0.1364930722234208,0.0682,False,,,,,,,,,,,
NEWTON PARK,13,Theft,12,Theft:12; Burglary:1,January,Wednesday,17,655330.88,50410.07,0,0.0761904761904762,0.059476881316766,0.0678,False,,,,,,,,,,,
VAALPARK,6,Theft,5,Theft:5; Hijack:1,April,Friday,3,1346836.41,224472.74,0,0.0095238095238095,0.1259696493586391,0.0677,False,,,,,,,,,,,
MOOINOOI,9,Theft,9,Theft:9,March,Wednesday,15,1049602.63,116622.51,0,0.0380952380952381,0.0973886822798232,0.0677,False,,,,,,,,,,,
DALPARK,7,Theft,7,Theft:7,September,Saturday,18,1246914.01,178130.57,0,0.019047619047619,0.1163614587120838,0.0677,False,,,,,,,,,,,
HYDE PARK,10,Theft,9,Theft:9; Armed Robbery:1,May,Friday,8,947311.38,105256.82,1,0.0476190476190476,0.0875527112515608,0.0676,False,,,,,,,,,,,
ISIPINGO HILLS,7,Theft,6,Theft:6; Hijack:1,August,Saturday,16,1214975.21,173567.89,0,0.019047619047619,0.1132903347256483,0.0662,False,,,,,,,,,,,
BOSKRUIN,13,Theft,13,Theft:13,February,Friday,1,586409.89,45108.45,0,0.0761904761904762,0.0528496784926812,0.0645,False,,,,,,,,,,,
MEREBANK EAST,9,Theft,8,Theft:8; Hijack:1,April,Friday,9,974288.75,108254.31,0,0.0380952380952381,0.0901467613754836,0.0641,False,,,,,,,,,,,
MELKBOSSTRAND,12,Theft,11,Theft:11; Burglary:1,December,Saturday,23,673753.29,56146.11,0,0.0666666666666666,0.0612483162247447,0.064,False,,,,,,,,,,,
BARBEQUE DOWNS,7,Theft,6,Theft:6; Hijack:1,December,Tuesday,18,1167640.45,166805.78,0,0.019047619047619,0.1087387887430765,0.0639,False,,,,,,,,,,,
UMBILO,10,Theft,10,Theft:10,February,Saturday,12,870433.63,87043.36,0,0.0476190476190476,0.0801604140441457,0.0639,False,,,,,,,,,,,
BRAAMPARK,5,Theft,4,Theft:4; Hijack:1,May,Saturday,11,1361824.92,272364.98,0,0.0,0.127410892379101,0.0637,False,,,,,,,,,,,
MEREWENT,7,Theft,4,Theft:4; Hijack:3,December,Saturday,0,1159654.15,165664.88,0,0.019047619047619,0.1079708538960293,0.0635,False,,,,,,,,,,,
BROADACRES AH,8,Theft,6,Theft:6; Hijack:2,September,Wednesday,9,1056063.76,132007.97,0,0.0285714285714285,0.0980099620812709,0.0633,False,,,,,,,,,,,
LANGENHOVEN PARK,11,Theft,11,Theft:11,November,Monday,15,754384.61,68580.42,0,0.0571428571428571,0.0690015436756806,0.0631,False,,,,,,,,,,,
HONINGKLIP,6,Theft,4,Theft:4; Armed Robbery:1; Hijack:1,January,Saturday,14,1246188.46,249237.69,1,0.0095238095238095,0.1162916923461478,0.0629,False,,,,,,,,,,,
WESTRIDGE,10,Theft,10,Theft:10,September,Wednesday,7,844007.56,84400.76,0,0.0476190476190476,0.0776193750118645,0.0626,False,,,,,,,,,,,
ROOIHUISKRAAL NORTH,6,Theft,3,Theft:3; Armed Robbery:1; Hijack:1; Attempted Hijack:1,December,Friday,12,1235139.49,247027.9,1,0.0095238095238095,0.1152292617979617,0.0624,False,,,,,,,,,,,
MOKOPANE,15,Theft,15,Theft:15,October,Friday,0,345108.67,23007.24,0,0.0952380952380952,0.0296469919578664,0.0624,False,,,,,,,,,,,
GLENDINNINGVALE,7,Theft,7,Theft:7,December,Saturday,4,1130347.79,161478.26,0,0.019047619047619,0.1051528561894432,0.0621,False,,,,,,,,,,,
DAN PIENAAR,13,Theft,13,Theft:13,January,Friday,3,529175.84,40705.83,0,0.0761904761904762,0.0473462511943529,0.0618,False,,,,,,,,,,,
CROFTDENE,8,Theft,8,Theft:8,September,Tuesday,20,1012287.85,126535.98,0,0.0285714285714285,0.0938006227438806,0.0612,False,,,,,,,,,,,
ELANDIA,7,Theft,7,Theft:7,June,Friday,12,1108528.69,158361.24,0,0.019047619047619,0.1030548073782031,0.0611,False,,,,,,,,,,,
ELDORADO PARK,10,Theft,9,Theft:9; Hijack:1,February,Saturday,13,808764.68,80876.47,0,0.0476190476190476,0.0742305421778486,0.0609,False,,,,,,,,,,,
LYDENBURG,10,Theft,10,Theft:10,May,Friday,3,806069.44,80606.94,0,0.0476190476190476,0.0739713772682965,0.0608,False,,,,,,,,,,,
ELSPARK,14,Theft,13,Theft:13; Burglary:1,October,Wednesday,6,407062.32,29075.88,0,0.0857142857142857,0.0356042395865258,0.0607,False,,,,,,,,,,,
SHALLCROSS,10,Theft,9,Theft:9; Hijack:1,February,Saturday,15,804888.42,80488.84,0,0.0476190476190476,0.0738578144904069,0.0607,False,,,,,,,,,,,
SOUTH BEACH,10,Theft,10,Theft:10,July,Saturday,16,796801.0,79680.1,0,0.0476190476190476,0.0730801562956602,0.0603,False,,,,,,,,,,,
FLORIDA GLEN,9,Theft,9,Theft:9,March,Friday,12,892275.27,99141.7,0,0.0380952380952381,0.0822606302234351,0.0602,False,,,,,,,,,,,
KIMBERLEY,13,Theft,12,Theft:12; Hijack:1,October,Thursday,14,494055.27,38004.25,0,0.0761904761904762,0.0439691792647787,0.0601,False,,,,,,,,,,,
SANDHURST,11,Theft,10,Theft:10; Hijack:1,October,Thursday,13,686482.23,62407.48,0,0.0571428571428571,0.0624722868484343,0.0598,False,,,,,,,,,,,
ATHLONE,11,Theft,11,Theft:11,July,Wednesday,14,681617.45,61965.22,0,0.0571428571428571,0.0620045065139592,0.0596,False,,,,,,,,,,,
FONTAINEBLEAU,13,Theft,12,Theft:12; Burglary:1,March,Tuesday,16,482898.33,37146.03,0,0.0761904761904762,0.0428963666967041,0.0595,False,,,,,,,,,,,
VICTORY PARK,12,Theft,12,Theft:12,May,Thursday,0,578470.58,48205.88,0,0.0666666666666666,0.0520862620406934,0.0594,False,,,,,,,,,,,
MAROELANA,8,Theft,6,Theft:6; Stolen and recovered:2,September,Sunday,20,970525.39,121315.67,0,0.0285714285714285,0.0897848897595934,0.0592,False,,,,,,,,,,,
FLORACLIFFE,5,Theft,4,Theft:4; Armed Robbery:1,January,Tuesday,13,1266285.63,253257.13,0,0.0,0.1182241663541403,0.0591,False,,,,,,,,,,,
GERMISTON,9,Theft,7,Theft:7; Armed Robbery:1; Hijack:1,October,Saturday,21,867463.08,96384.79,0,0.0380952380952381,0.079874776281991,0.059,False,,,,,,,,,,,
ST FRANCIS BAY,15,Theft,15,Theft:15,February,Friday,11,263658.49,17577.23,0,0.0952380952380952,0.0218150257757466,0.0585,False,,,,,,,,,,,
BRAMLEY,11,Theft,8,Theft:8; Hijack:3,November,Sunday,12,657994.77,59817.71,0,0.0571428571428571,0.0597330317192929,0.0584,False,,,,,,,,,,,
DAWN PARK,11,Theft,10,Theft:10; Armed Robbery:1,October,Friday,19,656285.03,59662.28,0,0.0571428571428571,0.059568629064072,0.0584,False,,,,,,,,,,,
RANT-EN-DAL,10,Theft,10,Theft:10,August,Monday,13,754424.5,75442.45,0,0.0476190476190476,0.0690053793594202,0.0583,False,,,,,,,,,,,
LIEFDE EN VREDE,9,Theft,8,Theft:8; Hijack:1,December,Wednesday,19,852433.42,94714.82,0,0.0380952380952381,0.0784295764205695,0.0583,False,,,,,,,,,,,
KEMPTON PARK OTHER,10,Theft,7,Theft:7; Armed Robbery:2; Hijack:1,December,Tuesday,10,750274.3,93784.29,2,0.0476190476190476,0.0686063105538137,0.0581,False,,,,,,,,,,,
BASSONIA,8,Theft,8,Theft:8,September,Tuesday,22,944673.71,118084.21,0,0.0285714285714285,0.0872990820730913,0.0579,False,,,,,,,,,,,
BREAUNANDA,9,Theft,9,Theft:9,August,Saturday,12,842736.65,93637.41,0,0.0380952380952381,0.077497168724039,0.0578,False,,,,,,,,,,,
ANNLIN,9,Theft,8,Theft:8; Burglary:1,March,Thursday,13,835653.12,92850.35,0,0.0380952380952381,0.0768160411020984,0.0575,False,,,,,,,,,,,
BAILEY`S MUCKLENEUK,8,Theft,7,Theft:7; Hijack:1,February,Thursday,3,927523.6,115940.45,0,0.0285714285714285,0.0856499871105064,0.0571,False,,,,,,,,,,,
POLOKWANE SCHOOLS,14,Theft,14,Theft:14,May,Friday,14,329424.76,23530.34,0,0.0857142857142857,0.0281388816906649,0.0569,False,,,,,,,,,,,
BAYVIEW,8,Theft,8,Theft:8,July,Friday,11,916715.46,114589.43,0,0.0285714285714285,0.0846107139379779,0.0566,False,,,,,,,,,,,
KALK BAY,10,Theft,10,Theft:10,August,Saturday,9,716807.59,71680.76,0,0.0476190476190476,0.0653882680529032,0.0565,False,,,,,,,,,,,
JUKSKEI PARK,12,Theft,12,Theft:12,June,Monday,14,507659.61,42304.97,0,0.0666666666666666,0.045277325309515,0.056,False,,,,,,,,,,,
DUDUZA,5,Hijack,4,Hijack:4; Theft:1,July,Sunday,20,1199978.61,239995.72,0,0.0,0.1118483137989079,0.0559,False,,,,,,,,,,,
ZWARTKOP,9,Theft,9,Theft:9,February,Tuesday,17,801122.4,89013.6,0,0.0380952380952381,0.0734956870981632,0.0558,False,,,,,,,,,,,
SHERWOOD,13,Theft,13,Theft:13,March,Thursday,1,405830.53,31217.73,0,0.0761904761904762,0.0354857949419164,0.0558,False,,,,,,,,,,,
KAGISO,8,Theft,7,Theft:7; Hijack:1,October,Tuesday,12,897238.06,112154.76,0,0.0285714285714285,0.0827378348588203,0.0557,False,,,,,,,,,,,
LYTTELTON AH,8,Theft,8,Theft:8,January,Sunday,11,896168.12,112021.02,0,0.0285714285714285,0.0826349531476087,0.0556,False,,,,,,,,,,,
MONTANA PARK,9,Theft,7,Theft:7; Stolen and recovered:2,November,Thursday,19,794959.82,88328.87,0,0.0380952380952381,0.0729031148269342,0.0555,False,,,,,,,,,,,
UMDLOTI BEACH,5,Theft,5,Theft:5,April,Friday,23,1177951.45,235590.29,0,0.0,0.1097302586612993,0.0549,False,,,,,,,,,,,
RUSTENBURG OOS-EINDE,7,Theft,6,Theft:6; Hijack:1,October,Saturday,7,980944.66,140134.95,0,0.019047619047619,0.090786770544662,0.0549,False,,,,,,,,,,,
GUGULETU,10,Theft,8,Theft:8; Hijack:1; Armed Robbery:1,February,Thursday,10,684381.22,76042.36,1,0.0476190476190476,0.0622702610300961,0.0549,False,,,,,,,,,,,
NOORDHOEK,15,Theft,15,Theft:15,May,Monday,8,172078.52,11471.9,0,0.0952380952380952,0.013009014199105,0.0541,False,,,,,,,,,,,
BRACKENDOWNS,13,Theft,13,Theft:13,December,Sunday,10,367505.5,28269.65,0,0.0761904761904762,0.0318005932776754,0.054,False,,,,,,,,,,,
LOEVENSTEIN,13,Theft,13,Theft:13,January,Friday,7,365218.82,28093.76,0,0.0761904761904762,0.0315807140775395,0.0539,False,,,,,,,,,,,
PIERRE VAN RYNEVELD,13,Theft,13,Theft:13,May,Friday,2,350472.29,26959.41,0,0.0761904761904762,0.0301627390127377,0.0532,False,,,,,,,,,,,
MOORTEN,9,Theft,8,Theft:8; Hijack:1,September,Friday,13,740208.89,82245.43,0,0.0380952380952381,0.0676384557163023,0.0529,False,,,,,,,,,,,
RANDFONTEIN,10,Theft,10,Theft:10,November,Friday,0,628460.55,62846.06,0,0.0476190476190476,0.0568931237871645,0.0523,False,,,,,,,,,,,
BRONKHORSTSPRUIT,9,Theft,9,Theft:9,December,Saturday,11,713269.67,79252.19,0,0.0380952380952381,0.0650480739637674,0.0516,False,,,,,,,,,,,
FRANKLIN ROOSEVELT PARK,10,Theft,6,Theft:6; Burglary:1; Attempted Theft:1; SOS:1; Armed Robbery:1,November,Tuesday,4,609480.14,60948.01,0,0.0476190476190476,0.0550680335388339,0.0513,False,,,,,,,,,,,
SPRINGFIELD,11,Theft,10,Theft:10; Hijack:1,December,Wednesday,7,500213.76,45473.98,0,0.0571428571428571,0.0445613582558248,0.0509,False,,,,,,,,,,,
MNANDI AH,10,Theft,9,Theft:9; Hijack:1,July,Friday,2,596771.04,59677.1,0,0.0476190476190476,0.0538459706605791,0.0507,False,,,,,,,,,,,
AIRPORT AREA,13,Theft,11,Theft:11; Armed Robbery:2,February,Friday,9,297040.5,22849.27,0,0.0761904761904762,0.0250249238190804,0.0506,False,,,,,,,,,,,
SEBENZA,5,Theft,5,Theft:5,November,Saturday,9,1084704.68,216940.94,0,0.0,0.1007639733905743,0.0504,False,,,,,,,,,,,
OVERPORT,7,Theft,6,Theft:6; Armed Robbery:1,January,Sunday,18,883612.42,126230.35,0,0.019047619047619,0.0814276406801244,0.0502,False,,,,,,,,,,,
LANGEBERG RIDGE,10,Theft,10,Theft:10,September,Saturday,19,585866.98,58586.7,0,0.0476190476190476,0.0527974741542754,0.0502,False,,,,,,,,,,,
ESCOMBE,10,Theft,9,Theft:9; Burglary:1,October,Tuesday,9,584911.37,58491.14,0,0.0476190476190476,0.0527055860184444,0.0502,False,,,,,,,,,,,
SALT ROCK,12,Theft,9,Theft:9; Attempted Hijack:2; Armed Robbery:1,March,Monday,4,383245.31,31937.11,0,0.0666666666666666,0.0333140786945645,0.05,False,,,,,,,,,,,
BAYSWATER,10,Theft,9,Theft:9; Burglary:1,October,Saturday,13,580241.24,58024.12,0,0.0476190476190476,0.052256522551352,0.0499,False,,,,,,,,,,,
HELDERVUE,12,Theft,12,Theft:12,March,Sunday,0,379385.97,31615.5,0,0.0666666666666666,0.0329429779755078,0.0498,False,,,,,,,,,,,
VIERLANDEN,11,Theft,9,Theft:9; Burglary:2,February,Monday,2,475988.67,43271.7,0,0.0571428571428571,0.0422319578095789,0.0497,False,,,,,,,,,,,
BRACKENFELL CENTRAL,12,Theft,12,Theft:12,July,Monday,0,357506.47,29792.21,0,0.0666666666666666,0.0308391213102224,0.0488,False,,,,,,,,,,,
WELGEMOED,10,Theft,10,Theft:10,June,Friday,11,553846.83,55384.68,0,0.0476190476190476,0.0497185278346184,0.0487,False,,,,,,,,,,,
KEW,12,Theft,9,Theft:9; Hijack:3,August,Tuesday,18,352079.11,29339.93,0,0.0666666666666666,0.0303172452385159,0.0485,False,,,,,,,,,,,
YELLOW WOOD PARK,11,Theft,11,Theft:11,September,Sunday,13,451517.43,41047.04,0,0.0571428571428571,0.0398788884349681,0.0485,False,,,,,,,,,,,
DOBSONVILLE,5,Theft,3,Theft:3; Hijack:1; Attempted Hijack:1,April,Sunday,23,1045748.27,209149.65,0,0.0,0.0970180604202556,0.0485,False,,,,,,,,,,,
SUIDEROORD,10,Theft,10,Theft:10,September,Saturday,4,545032.83,54503.28,0,0.0476190476190476,0.0488710042327159,0.0482,False,,,,,,,,,,,
WALKERVILLE,11,Theft,11,Theft:11,July,Friday,23,437000.76,39727.34,0,0.0571428571428571,0.0384830159087564,0.0478,False,,,,,,,,,,,
ALLEN'S NEK,10,Theft,9,Theft:9; Armed Robbery:1,October,Sunday,7,530220.16,53022.02,0,0.0476190476190476,0.0474466693754215,0.0475,False,,,,,,,,,,,
HOWICK,11,Theft,11,Theft:11,August,Saturday,23,430745.61,39158.69,0,0.0571428571428571,0.0378815424281075,0.0475,False,,,,,,,,,,,
ALBEMARLE,5,Theft,5,Theft:5,June,Monday,13,1021675.63,204335.13,0,0.0,0.0947033190360826,0.0474,False,,,,,,,,,,,
NEWCASTLE,10,Theft,10,Theft:10,March,Friday,7,515365.76,51536.58,0,0.0476190476190476,0.0460183219063837,0.0468,False,,,,,,,,,,,
EASTLEIGH,9,Theft,8,Theft:8; Hijack:1,March,Friday,13,604085.66,67120.63,0,0.0380952380952381,0.0545493190936342,0.0463,False,,,,,,,,,,,
DISCOVERY,10,Theft,10,Theft:10,September,Wednesday,5,497862.39,49786.24,0,0.0476190476190476,0.0443352586901559,0.046,False,,,,,,,,,,,
MALANSHOF,9,Theft,9,Theft:9,September,Wednesday,11,593852.79,65983.64,0,0.0380952380952381,0.0535653618846258,0.0458,False,,,,,,,,,,,
MODELPARK,7,Theft,7,Theft:7,December,Tuesday,17,791938.8,113134.11,0,0.019047619047619,0.0726126240450169,0.0458,False,,,,,,,,,,,
BROWNS FARMS,10,Hijack,5,Hijack:5; Theft:3; Armed Robbery:1; Stolen and recovered:1,April,Thursday,14,483085.11,48308.51,0,0.0476190476190476,0.0429143268122434,0.0453,False,,,,,,,,,,,
LINKSFIELD,6,Theft,5,Theft:5; Hijack:1,January,Wednesday,18,877020.44,146170.07,0,0.0095238095238095,0.0807937787975206,0.0452,False,,,,,,,,,,,
ST JAMES,6,Theft,6,Theft:6,March,Wednesday,23,852477.85,142079.64,0,0.0095238095238095,0.0784338486549276,0.044,False,,,,,,,,,,,
EERSTERUST,12,Theft,12,Theft:12,October,Sunday,9,253942.36,21161.86,0,0.0666666666666666,0.0208807564889129,0.0438,False,,,,,,,,,,,
UITENHAGE,10,Theft,8,Theft:8; Hijack:1; Armed Robbery:1,December,Wednesday,1,450816.16,45081.62,0,0.0476190476190476,0.039811456749433,0.0437,False,,,,,,,,,,,
CLAYVILLE,6,Theft,5,Theft:5; Hijack:1,May,Wednesday,13,828854.04,138142.34,0,0.0095238095238095,0.0761622652033892,0.0428,False,,,,,,,,,,,
GROSVENOR,9,Theft,9,Theft:9,December,Monday,13,531615.95,59068.44,0,0.0380952380952381,0.0475808836899552,0.0428,False,,,,,,,,,,,
BOSTON,12,Theft,11,Theft:11; Burglary:1,August,Wednesday,20,233895.52,19491.29,0,0.0666666666666666,0.0189531220387696,0.0428,False,,,,,,,,,,,
KANONKOP,11,Theft,11,Theft:11,October,Saturday,14,326705.26,29700.48,0,0.0571428571428571,0.0278773840238424,0.0425,False,,,,,,,,,,,
EVERSDAL,11,Theft,11,Theft:11,September,Monday,18,319524.93,29047.72,0,0.0571428571428571,0.0271869484503855,0.0422,False,,,,,,,,,,,
BENONI AH,9,Theft,9,Theft:9,March,Thursday,2,514902.91,57211.43,0,0.0380952380952381,0.0459738158592835,0.042,False,,,,,,,,,,,
PORT ALFRED,7,Theft,6,Theft:6; Burglary:1,April,Friday,4,709092.86,101298.98,0,0.019047619047619,0.0646464464330592,0.0418,False,,,,,,,,,,,
ORLANDO WEST,5,Theft,4,Theft:4; Hijack:1,December,Saturday,19,905087.72,181017.54,0,0.0,0.0834926308784379,0.0417,False,,,,,,,,,,,
KRUGERSDORP WEST,7,Theft,7,Theft:7,November,Wednesday,9,704053.82,100579.12,0,0.019047619047619,0.0641619098627244,0.0416,False,,,,,,,,,,,
PROTEA HEIGHTS,12,Theft,11,Theft:11; Burglary:1,April,Thursday,2,207481.48,17290.12,0,0.0666666666666666,0.0164132397694713,0.0415,False,,,,,,,,,,,
MEREDALE,8,Theft,6,Theft:6; Hijack:2,December,Wednesday,0,591625.61,73953.2,0,0.0285714285714285,0.0533512039976636,0.041,False,,,,,,,,,,,
ASHLEY,9,Theft,9,Theft:9,January,Sunday,0,489965.57,54440.62,0,0.0380952380952381,0.0435759279288698,0.0408,False,,,,,,,,,,,
AMALINDA,10,Theft,9,Theft:9; Burglary:1,September,Tuesday,7,389516.76,38951.68,0,0.0476190476190476,0.0339171195265535,0.0408,False,,,,,,,,,,,
BENMORE GARDENS,5,Theft,5,Theft:5,June,Wednesday,14,884337.11,176867.42,0,0.0,0.0814973243514498,0.0407,False,,,,,,,,,,,
BERGVLIET,11,Theft,11,Theft:11,October,Thursday,1,288519.28,26229.03,0,0.0571428571428571,0.0242055529242536,0.0407,False,,,,,,,,,,,
HEUWELOORD,11,Theft,11,Theft:11,February,Tuesday,10,283878.27,25807.12,0,0.0571428571428571,0.0237592895351379,0.0405,False,,,,,,,,,,,
NAHOON,10,Theft,8,Theft:8; Armed Robbery:1; Burglary:1,August,Saturday,8,377533.56,41948.17,1,0.0476190476190476,0.0327648566690181,0.0402,False,,,,,,,,,,,
LAKESIDE,10,Theft,10,Theft:10,February,Friday,0,378069.2,37806.92,0,0.0476190476190476,0.0328163619494949,0.0402,False,,,,,,,,,,,
FLORENTIA,6,Theft,6,Theft:6,December,Sunday,12,772049.93,128674.99,0,0.0095238095238095,0.0707001794409586,0.0401,False,,,,,,,,,,,
RASLOUW AH,5,Theft,4,Theft:4; Burglary:1,April,Saturday,20,863715.11,172743.02,0,0.0,0.0795143845150041,0.0398,False,,,,,,,,,,,
OAKDENE,8,Theft,5,Theft:5; Attempted Theft:1; Burglary:1; Hijack:1,January,Saturday,14,561039.43,70129.93,0,0.0285714285714285,0.0504101432486238,0.0395,False,,,,,,,,,,,
FLAMWOOD,11,Theft,10,Theft:10; Burglary:1,November,Wednesday,8,251702.47,22882.04,0,0.0571428571428571,0.0206653764525315,0.0389,False,,,,,,,,,,,
RIDGEWAY,11,Theft,9,Theft:9; Armed Robbery:1; Burglary:1,September,Wednesday,12,244734.36,22248.58,0,0.0571428571428571,0.0199953472165827,0.0386,False,,,,,,,,,,,
IMPALA PARK,9,Theft,6,Theft:6; Armed Robbery:1; Hijack:1; Accidental Loss:1,October,Wednesday,12,443256.06,49250.67,0,0.0380952380952381,0.039084503812884,0.0386,False,,,,,,,,,,,
STANDERTON,6,Theft,6,Theft:6,October,Tuesday,2,735676.15,122612.69,0,0.0095238095238095,0.0672026031940324,0.0384,False,,,,,,,,,,,
PROTEA GLEN,10,Theft,9,Theft:9; Armed Robbery:1,June,Friday,0,341242.85,34124.28,0,0.0476190476190476,0.0292752681445346,0.0384,False,,,,,,,,,,,
ROUXVILLE,9,Theft,9,Theft:9,September,Saturday,16,437320.63,48591.18,0,0.0380952380952381,0.0385137734960653,0.0383,False,,,,,,,,,,,
RIDGEWORTH,7,Theft,7,Theft:7,April,Thursday,20,632336.57,90333.8,0,0.019047619047619,0.0572658283970404,0.0382,False,,,,,,,,,,,
HORIZON VIEW,5,Theft,5,Theft:5,February,Sunday,14,820432.01,164086.4,0,0.0,0.0753524320741708,0.0377,False,,,,,,,,,,,
GLEN ASHLEY,7,Theft,6,Theft:6; Windscreen/ Motor glass damage:1,August,Thursday,1,623042.5,89006.07,0,0.019047619047619,0.0563721429326957,0.0377,False,,,,,,,,,,,
CHARLO,9,Theft,7,Theft:7; Burglary:2,August,Saturday,0,425267.8,47251.98,0,0.0380952380952381,0.0373548152597687,0.0377,False,,,,,,,,,,,
MILL PARK,8,Theft,8,Theft:8,October,Saturday,13,517191.33,64648.92,0,0.0285714285714285,0.0461938623717711,0.0374,False,,,,,,,,,,,
KLOOFENDAL,8,Theft,7,Theft:7; Armed Robbery:1,January,Friday,3,516676.0,64584.5,0,0.0285714285714285,0.0461443100302952,0.0374,False,,,,,,,,,,,
WATERKLOOF HEIGHTS,6,Theft,6,Theft:6,August,Tuesday,1,706657.19,117776.2,0,0.0095238095238095,0.0644122408724232,0.037,False,,,,,,,,,,,
CROSSMOOR,8,Theft,5,Theft:5; Hijack:3,April,Thursday,21,504125.55,63015.69,0,0.0285714285714285,0.0449375023845615,0.0368,False,,,,,,,,,,,
ROBIN HILLS,6,Theft,6,Theft:6,August,Wednesday,11,698168.08,116361.35,0,0.0095238095238095,0.0635959575635797,0.0366,False,,,,,,,,,,,
DENNEOORD,5,Theft,5,Theft:5,May,Wednesday,4,794592.96,158918.59,0,0.0,0.0728678388445659,0.0364,False,,,,,,,,,,,
PETERVALE,8,Theft,7,Theft:7; Burglary:1,July,Monday,22,496485.37,62060.67,0,0.0285714285714285,0.0442028492335764,0.0364,False,,,,,,,,,,,
OAKDALE,10,Theft,9,Theft:9; Attempted Theft:1,November,Friday,5,290668.32,29066.83,0,0.0476190476190476,0.0244121971404361,0.036,False,,,,,,,,,,,
CARLETONVILLE,10,Theft,9,Theft:9; Hijack:1,November,Sunday,0,291100.65,29110.06,0,0.0476190476190476,0.0244537684904259,0.036,False,,,,,,,,,,,
MURRAYFIELD,5,Theft,5,Theft:5,March,Friday,14,786401.61,157280.32,0,0.0,0.0720801871022873,0.036,False,,,,,,,,,,,
PARKWOOD,8,Theft,7,Theft:7; Armed Robbery:1,October,Thursday,20,483461.45,60432.68,0,0.0285714285714285,0.0429505143584585,0.0358,False,,,,,,,,,,,
SILVER LAKES GOLF ESTATE,9,Theft,9,Theft:9,July,Friday,17,382812.96,42534.77,0,0.0380952380952381,0.0332725054214442,0.0357,False,,,,,,,,,,,
CULLINAN,10,Theft,10,Theft:10,June,Sunday,9,284112.36,28411.24,0,0.0476190476190476,0.0237817988158243,0.0357,False,,,,,,,,,,,
CAPE TOWN,10,Theft,10,Theft:10,October,Saturday,19,282582.74,28258.27,0,0.0476190476190476,0.0236347158736933,0.0356,False,,,,,,,,,,,
RETREAT,10,Theft,10,Theft:10,November,Wednesday,3,280786.96,28078.7,0,0.0476190476190476,0.0234620399111537,0.0355,False,,,,,,,,,,,
HAZEL PARK,5,Theft,3,Theft:3; Burglary:1; Armed Robbery:1,September,Saturday,17,773260.8,154652.16,0,0.0,0.0708166124910874,0.0354,False,,,,,,,,,,,
BAYSVILLE,8,Theft,8,Theft:8,December,Monday,18,469017.25,58627.16,0,0.0285714285714285,0.0415616102955359,0.0351,False,,,,,,,,,,,
HELIKON PARK,6,Theft,4,Theft:4; Armed Robbery:2,November,Wednesday,11,667936.88,111322.81,0,0.0095238095238095,0.0606890304574039,0.0351,False,,,,,,,,,,,
NEW GERMANY,8,Theft,8,Theft:8,May,Wednesday,2,467596.02,58449.5,0,0.0285714285714285,0.0414249497590335,0.035,False,,,,,,,,,,,
ROBERTSHAM,6,Theft,6,Theft:6,August,Friday,14,664634.78,110772.46,0,0.0095238095238095,0.0603715119997409,0.0349,False,,,,,,,,,,,
MBOMBELA CENTRAL,11,Theft,11,Theft:11,April,Friday,10,166411.83,15128.35,0,0.0571428571428571,0.0124641249865267,0.0348,False,,,,,,,,,,,
RIETFONTEIN,8,Theft,7,Theft:7; Burglary:1,June,Wednesday,20,464444.36,58055.54,0,0.0285714285714285,0.0411218970888302,0.0348,False,,,,,,,,,,,
RAVENSWOOD,7,Theft,7,Theft:7,June,Thursday,3,560188.27,80026.9,0,0.019047619047619,0.0503282986617171,0.0347,False,,,,,,,,,,,
WITFIELD,10,Theft,9,Theft:9; Burglary:1,April,Sunday,2,263941.79,26394.18,0,0.0476190476190476,0.0218422669189754,0.0347,False,,,,,,,,,,,
SHARONLEA,6,Theft,6,Theft:6,July,Wednesday,1,656333.71,109388.95,0,0.0095238095238095,0.0595733099636568,0.0345,False,,,,,,,,,,,
PAROW NORTH,10,Theft,8,Theft:8; Burglary:1; Armed Robbery:1,May,Wednesday,20,256589.95,25659.0,0,0.0476190476190476,0.0211353395400997,0.0344,False,,,,,,,,,,,
LEPHALALE,10,Theft,10,Theft:10,February,Friday,3,257212.47,25721.25,0,0.0476190476190476,0.0211951988993755,0.0344,False,,,,,,,,,,,
BERARIO,9,Theft,8,Theft:8; Armed Robbery:1,December,Monday,14,354032.9,39336.99,0,0.0380952380952381,0.0305051148934014,0.0343,False,,,,,,,,,,,
SIR LOWRYS PASS,9,Theft,9,Theft:9,May,Monday,0,354472.42,39385.82,0,0.0380952380952381,0.0305473776087983,0.0343,False,,,,,,,,,,,
REDFERN,8,Theft,8,Theft:8,December,Friday,19,452585.71,56573.21,0,0.0285714285714285,0.03998161052635,0.0343,False,,,,,,,,,,,
FYNNLANDS,9,Theft,8,Theft:8; Burglary:1,August,Monday,13,349205.5,38800.61,0,0.0380952380952381,0.0300409288897908,0.0341,False,,,,,,,,,,,
MARIANNHILL,5,Hijack,3,Hijack:3; Theft:2,February,Friday,10,746527.52,149305.5,0,0.0,0.0682460332130902,0.0341,False,,,,,,,,,,,
BEREA WEST,9,Theft,7,Theft:7; Burglary:1; Armed Robbery:1,February,Wednesday,0,348653.36,38739.26,0,0.0380952380952381,0.0299878370266691,0.034,False,,,,,,,,,,,
HARTSWATER,10,Theft,10,Theft:10,January,Sunday,12,247502.1,24750.21,0,0.0476190476190476,0.0202614834741195,0.0339,False,,,,,,,,,,,
LINDHAVEN,10,Theft,8,Theft:8; Stolen and recovered:1; Attempted Theft:1,September,Wednesday,18,242423.17,24242.32,0,0.0476190476190476,0.0197731112200453,0.0337,False,,,,,,,,,,,
SANDTON,6,Theft,6,Theft:6,January,Thursday,19,635997.69,105999.62,0,0.0095238095238095,0.0576178689699241,0.0336,True,Sandton,81.0,Decreased,60.0,Decreased,48.0,Decreased,17.0,Decreased,4.0,Increased
VALMARY PARK,6,Theft,5,Theft:5; Burglary:1,October,Sunday,18,631494.03,105249.0,0,0.0095238095238095,0.05718481267937,0.0334,False,,,,,,,,,,,
NORTHDALE,8,Theft,7,Theft:7; Armed Robbery:1,May,Sunday,10,432871.61,54108.95,0,0.0285714285714285,0.0380859711979786,0.0333,False,,,,,,,,,,,
KILNER PARK,7,Theft,7,Theft:7,December,Sunday,13,531286.44,75898.06,0,0.019047619047619,0.0475491991537556,0.0333,False,,,,,,,,,,,
BEDFORD GARDENS,5,Theft,5,Theft:5,November,Friday,13,730248.78,146049.76,0,0.0,0.0666807261607606,0.0333,False,,,,,,,,,,,
IFAFI,7,Theft,7,Theft:7,September,Friday,23,530171.5,75738.79,0,0.019047619047619,0.0474419903989672,0.0332,False,,,,,,,,,,,
HUMEWOOD,11,Theft,8,Theft:8; Attempted Theft:1; Burglary:1; Windscreen/ Motor glass damage:1,April,Friday,4,133458.93,12132.63,0,0.0571428571428571,0.0092954886691758,0.0332,False,,,,,,,,,,,
KING WILLIAM'S TOWN,10,Theft,8,Theft:8; Armed Robbery:2,September,Friday,1,229160.91,25462.32,1,0.0476190476190476,0.0184978583990143,0.0331,False,,,,,,,,,,,
ERASMUSRAND,7,Theft,7,Theft:7,September,Wednesday,0,524946.6,74992.37,0,0.019047619047619,0.0469395821770952,0.033,False,,,,,,,,,,,
SOUTHERNWOOD,9,Theft,8,Theft:8; Glass Damage:1,August,Thursday,14,315201.79,35022.42,0,0.0380952380952381,0.0267712503355309,0.0324,False,,,,,,,,,,,
BELA-BELA,11,Theft,11,Theft:11,February,Monday,2,114520.71,10410.97,0,0.0571428571428571,0.0074744552645897,0.0323,False,,,,,,,,,,,
NATURENA,7,Theft,6,Theft:6; Hijack:1,April,Thursday,8,503641.79,71948.83,0,0.019047619047619,0.0448909857045461,0.032,False,,,,,,,,,,,
ORMONDE,5,Theft,5,Theft:5,April,Thursday,16,700277.9,140055.58,0,0.0,0.0637988305208937,0.0319,False,,,,,,,,,,,
PARKDENE,8,Theft,8,Theft:8,December,Thursday,7,403067.85,50383.48,0,0.0285714285714285,0.0352201452363907,0.0319,False,,,,,,,,,,,
BELLAIR,8,Theft,8,Theft:8,June,Tuesday,17,400592.52,50074.06,0,0.0285714285714285,0.0349821261080157,0.0318,False,,,,,,,,,,,
SOUTHERN PAARL,9,Theft,8,Theft:8; Windscreen/ Motor glass damage:1,May,Friday,10,301668.42,33518.71,0,0.0380952380952381,0.0254699285192978,0.0318,False,,,,,,,,,,,
FREEWAY PARK,9,Theft,8,Theft:8; Burglary:1,May,Tuesday,4,299510.76,33278.97,0,0.0380952380952381,0.0252624554338791,0.0317,False,,,,,,,,,,,
BLOEMFONTEIN CENTRAL,11,Theft,11,Theft:11,October,Monday,11,98086.28,8916.93,0,0.0571428571428571,0.0058941776030497,0.0315,False,,,,,,,,,,,
UNIVERSITAS,8,Theft,6,Theft:6; Burglary:1; Attempted Theft:1,December,Sunday,0,385860.49,48232.56,0,0.0285714285714285,0.0335655453128109,0.0311,False,,,,,,,,,,,
OTTERY,10,Theft,10,Theft:10,August,Saturday,13,180222.41,18022.24,0,0.0476190476190476,0.013792102352758,0.0307,False,,,,,,,,,,,
JEFFREY'S BAY,8,Theft,8,Theft:8,January,Saturday,18,375843.37,46980.42,0,0.0285714285714285,0.03260233387384,0.0306,False,,,,,,,,,,,
CASTLE HILL,6,Theft,3,Theft:3; Burglary:1; Hijack:1; Stolen and recovered:1,May,Sunday,13,570077.6,95012.93,0,0.0095238095238095,0.0512792222584952,0.0304,False,,,,,,,,,,,
BLACKHEATH,5,Theft,4,Theft:4; Windscreen/ Motor glass damage:1,April,Wednesday,8,665989.6,133197.92,0,0.0,0.0605017867814891,0.0303,False,,,,,,,,,,,
DURBANVILLE HILLS,7,Theft,7,Theft:7,March,Saturday,9,466500.91,66642.99,0,0.019047619047619,0.0413196477881146,0.0302,False,,,,,,,,,,,
FLAMINGO VLEI,8,Theft,7,Theft:7; Burglary:1,December,Saturday,13,363983.38,45497.92,0,0.0285714285714285,0.0314619184616177,0.03,False,,,,,,,,,,,
DELMAS,9,Theft,7,Theft:7; Hijack:1; Armed Robbery:1,April,Tuesday,0,262953.79,29217.09,0,0.0380952380952381,0.0217472642733345,0.0299,False,,,,,,,,,,,
ZONNEBLOEM,10,Theft,10,Theft:10,December,Friday,5,162672.08,16267.21,0,0.0476190476190476,0.0121045236261665,0.0299,False,,,,,,,,,,,
CENTURY CITY,9,Theft,9,Theft:9,November,Saturday,17,260783.44,28975.94,0,0.0380952380952381,0.0215385709616271,0.0298,False,,,,,,,,,,,
ERASMUS,6,Theft,5,Theft:5; Hijack:1,September,Tuesday,3,557042.46,92840.41,0,0.0095238095238095,0.0500258085071788,0.0298,False,,,,,,,,,,,
STRANDFONTEIN,8,Theft,8,Theft:8,October,Tuesday,7,357966.24,44745.78,0,0.0285714285714285,0.0308833311952289,0.0297,False,,,,,,,,,,,
KENRIDGE,7,Theft,7,Theft:7,September,Saturday,13,439561.02,62794.43,0,0.019047619047619,0.0387292016107087,0.0289,False,,,,,,,,,,,
NAHOON VALLEY PARK,8,Theft,8,Theft:8,February,Thursday,11,336674.07,42084.26,0,0.0285714285714285,0.0288359501411422,0.0287,False,,,,,,,,,,,
PROTEA VALLEY,6,Theft,6,Theft:6,April,Sunday,2,532290.0,88715.0,0,0.0095238095238095,0.0476456979949089,0.0286,False,,,,,,,,,,,
MAGALIESBURG,6,Theft,5,Theft:5; Armed Robbery:1,March,Saturday,21,532996.79,88832.8,0,0.0095238095238095,0.0477136604644561,0.0286,False,,,,,,,,,,,
LA LUCIA,9,Theft,9,Theft:9,June,Tuesday,17,233368.31,25929.81,0,0.0380952380952381,0.0189024273577895,0.0285,False,,,,,,,,,,,
BAKOVEN,8,Theft,8,Theft:8,January,Monday,11,329836.39,41229.55,0,0.0285714285714285,0.0281784626006094,0.0284,False,,,,,,,,,,,
TONGAAT,9,Theft,6,Theft:6; Hijack:1; Armed Robbery:1; Burglary:1,February,Saturday,8,229182.18,28647.77,1,0.0380952380952381,0.0184999036482783,0.0283,False,,,,,,,,,,,
LAMBTON,8,Theft,6,Theft:6; Armed Robbery:1; Burglary:1,June,Saturday,0,322286.29,40285.79,0,0.0285714285714285,0.0274524712292997,0.028,False,,,,,,,,,,,
VEREENIGING,7,Theft,5,Theft:5; Hijack:1; Burglary:1,March,Wednesday,12,418590.07,59798.58,0,0.019047619047619,0.0367127079552382,0.0279,False,,,,,,,,,,,
HALFWAY HOUSE,9,Theft,6,Theft:6; Hijack:3,March,Sunday,6,220237.23,27529.65,1,0.0380952380952381,0.0176397883495674,0.0279,False,,,,,,,,,,,
WOODLANDS,8,Theft,7,Theft:7; Armed Robbery:1,December,Wednesday,14,312788.39,39098.55,0,0.0285714285714285,0.0265391861806828,0.0276,False,,,,,,,,,,,
REMBRANDTPARK,7,Theft,6,Theft:6; Armed Robbery:1,May,Wednesday,10,405859.57,57979.94,0,0.019047619047619,0.0354885873273713,0.0273,False,,,,,,,,,,,
TERENURE,8,Theft,8,Theft:8,January,Monday,2,305964.25,38245.53,0,0.0285714285714285,0.025883000599484,0.0272,False,,,,,,,,,,,
KRAMERVILLE,5,Theft,4,Theft:4; Hijack:1,December,Monday,8,599523.32,119904.66,0,0.0,0.0541106203382559,0.0271,False,,,,,,,,,,,
NYANGA,7,Theft,6,Theft:6; Hijack:1,March,Friday,19,401847.8,57406.83,0,0.019047619047619,0.0351028294693722,0.0271,False,,,,,,,,,,,
ONRUS RIVER,9,Theft,9,Theft:9,May,Friday,13,200039.62,22226.62,0,0.0380952380952381,0.0156976563803116,0.0269,False,,,,,,,,,,,
RANGEVIEW,8,Theft,8,Theft:8,November,Tuesday,14,295167.87,36895.98,0,0.0285714285714285,0.0248448582276769,0.0267,False,,,,,,,,,,,
LEVALLIA,9,Theft,9,Theft:9,August,Monday,12,190992.46,21221.38,0,0.0380952380952381,0.01482771292329,0.0265,False,,,,,,,,,,,
HEUWELSIG,8,Theft,8,Theft:8,February,Thursday,0,289035.77,36129.47,0,0.0285714285714285,0.0242552168072972,0.0264,False,,,,,,,,,,,
MAKHADO,7,Theft,7,Theft:7,December,Tuesday,23,385320.12,55045.73,0,0.019047619047619,0.0335135852119758,0.0263,False,,,,,,,,,,,
DEVIL`S PEAK ESTATE,8,Theft,8,Theft:8,April,Friday,3,287681.81,35960.23,0,0.0285714285714285,0.0241250247201595,0.0263,False,,,,,,,,,,,
BOKSBURG NORTH,9,Theft,7,Theft:7; Armed Robbery:2,September,Friday,13,184139.49,23017.44,1,0.0380952380952381,0.0141687551495063,0.0261,False,,,,,,,,,,,
RISIVILLE,7,Theft,7,Theft:7,January,Sunday,0,382488.32,54641.19,0,0.019047619047619,0.0332412891675162,0.0261,False,,,,,,,,,,,
PAREL VALLEI,7,Theft,7,Theft:7,September,Sunday,9,376910.95,53844.42,0,0.019047619047619,0.0327049886556552,0.0259,False,,,,,,,,,,,
UPINGTON,8,Theft,8,Theft:8,October,Thursday,9,274762.67,34345.33,0,0.0285714285714285,0.0228827651256188,0.0257,False,,,,,,,,,,,
CARLSWALD NORTH ESTATE,6,Theft,5,Theft:5; Hijack:1,August,Thursday,1,471216.49,78536.08,0,0.0095238095238095,0.0417730815692196,0.0256,False,,,,,,,,,,,
NORTHERN PAARL,6,Theft,6,Theft:6,March,Saturday,4,456012.96,76002.16,0,0.0095238095238095,0.0403111629729827,0.0249,False,,,,,,,,,,,
PHOENIX INDUSTRIAL,7,Theft,7,Theft:7,May,Wednesday,3,349548.01,49935.43,0,0.019047619047619,0.0300738634608014,0.0246,False,,,,,,,,,,,
THERESAPARK,8,Theft,8,Theft:8,October,Friday,10,250241.63,31280.2,0,0.0285714285714285,0.0205249071561163,0.0245,False,,,,,,,,,,,
MALMESBURY,9,Theft,8,Theft:8; Burglary:1,September,Friday,2,149438.01,16604.22,0,0.0380952380952381,0.0108319814575451,0.0245,False,,,,,,,,,,,
MILNERTON RIDGE,6,Theft,4,Theft:4; Armed Robbery:2,May,Friday,4,444341.73,74056.96,0,0.0095238095238095,0.0391888980662171,0.0244,False,,,,,,,,,,,
DEL JUDOR,5,Theft,5,Theft:5,April,Friday,23,540472.6,108094.52,0,0.0,0.0484325083676032,0.0242,False,,,,,,,,,,,
KWADUKUZA,8,Theft,8,Theft:8,January,Tuesday,14,240544.85,30068.11,0,0.0285714285714285,0.0195924984980206,0.0241,False,,,,,,,,,,,
VAN RIEBEECKPARK,8,Theft,7,Theft:7; Armed Robbery:1,November,Friday,3,239886.51,34269.5,1,0.0285714285714285,0.0195291948120578,0.0241,False,,,,,,,,,,,
SHERE,5,Theft,4,Theft:4; Armed Robbery:1,August,Wednesday,12,533307.11,106661.42,0,0.0,0.0477434997569614,0.0239,False,,,,,,,,,,,
PHALABORWA,8,Theft,8,Theft:8,June,Friday,2,237586.65,29698.33,0,0.0285714285714285,0.0193080482689365,0.0239,False,,,,,,,,,,,
CENTURION RURAL,5,Theft,5,Theft:5,December,Wednesday,12,525150.41,105030.08,0,0.0,0.046959179838237,0.0235,False,,,,,,,,,,,
NORTHGATE,9,Theft,8,Theft:8; Attempted Hijack:1,February,Wednesday,14,124669.44,13852.16,0,0.0380952380952381,0.0084503218636748,0.0233,False,,,,,,,,,,,
HELENA HEIGHTS,5,Theft,5,Theft:5,July,Thursday,19,521579.44,104315.89,0,0.0,0.0466158077759853,0.0233,False,,,,,,,,,,,
FRANSCHHOEK,8,Theft,8,Theft:8,June,Saturday,0,221905.93,27738.24,0,0.0285714285714285,0.0178002447410463,0.0232,False,,,,,,,,,,,
MOUNT CROIX,8,Theft,8,Theft:8,October,Wednesday,16,223097.6,27887.2,0,0.0285714285714285,0.0179148315859157,0.0232,False,,,,,,,,,,,
PIET RETIEF,5,Theft,5,Theft:5,April,Wednesday,1,516953.91,103390.78,0,0.0,0.0461710328898601,0.0231,False,,,,,,,,,,,
ELANDSPARK,8,Theft,8,Theft:8,May,Friday,2,216156.53,27019.57,0,0.0285714285714285,0.0172474024223739,0.0229,False,,,,,,,,,,,
SUNNYRIDGE,7,Theft,7,Theft:7,December,Monday,14,311939.22,44562.75,0,0.019047619047619,0.0264575329452588,0.0228,False,,,,,,,,,,,
HORISON,5,Theft,5,Theft:5,December,Saturday,3,508327.95,101665.59,0,0.0,0.0453415905607171,0.0227,False,,,,,,,,,,,
WORCESTER,8,Theft,8,Theft:8,December,Wednesday,6,211573.84,26446.73,0,0.0285714285714285,0.0168067468817338,0.0227,False,,,,,,,,,,,
PARADYSKLOOF,7,Theft,7,Theft:7,December,Saturday,2,307824.27,43974.9,0,0.019047619047619,0.0260618536571207,0.0226,False,,,,,,,,,,,
WAPADRAND,6,Theft,6,Theft:6,December,Sunday,15,408280.43,68046.74,0,0.0095238095238095,0.0357213688098879,0.0226,False,,,,,,,,,,,
LAUDIUM,7,Theft,6,Theft:6; Armed Robbery:1,January,Friday,16,304227.42,43461.06,0,0.019047619047619,0.0257159930640299,0.0224,False,,,,,,,,,,,
EVERTON H C,7,Theft,6,Theft:6; Hijack:1,April,Thursday,4,304927.53,43561.08,0,0.019047619047619,0.0257833132079972,0.0224,False,,,,,,,,,,,
SELECTION PARK,5,Theft,3,Theft:3; Armed Robbery:2,July,Tuesday,20,503705.82,100741.16,0,0.0,0.0448971426067732,0.0224,False,,,,,,,,,,,
BLUE HILLS,7,Theft,7,Theft:7,June,Wednesday,1,303175.41,43310.77,0,0.019047619047619,0.0256148354392923,0.0223,False,,,,,,,,,,,
UVONGO,6,Theft,6,Theft:6,August,Thursday,4,401842.59,66973.76,0,0.0095238095238095,0.0351023284938825,0.0223,False,,,,,,,,,,,
STRATHAVON,5,Theft,5,Theft:5,June,Tuesday,15,500910.28,100182.06,0,0.0,0.0446283331978712,0.0223,False,,,,,,,,,,,
KYALAMI GARDENS,8,Theft,6,Theft:6; Hijack:1; Armed Robbery:1,November,Monday,18,201136.06,28733.72,1,0.0285714285714285,0.0158030862394073,0.0222,False,,,,,,,,,,,
NEWLANDS EAST,8,Theft,7,Theft:7; Burglary:1,June,Saturday,2,201377.39,25172.17,0,0.0285714285714285,0.0158262916933269,0.0222,False,,,,,,,,,,,
NORKEM PARK,6,Theft,5,Theft:5; Stolen and recovered:1,October,Friday,16,393309.55,65551.59,0,0.0095238095238095,0.0342818210289429,0.0219,False,,,,,,,,,,,
GEZINA,6,Theft,6,Theft:6,April,Wednesday,21,391641.1,65273.52,0,0.0095238095238095,0.034121388676595,0.0218,False,,,,,,,,,,,
AERORAND,8,Theft,7,Theft:7; Burglary:1,October,Friday,15,189718.19,23714.77,0,0.0285714285714285,0.0147051835495441,0.0216,False,,,,,,,,,,,
MOSELEY PARK,5,Theft,5,Theft:5,January,Saturday,4,475083.65,95016.73,0,0.0,0.0421449342322935,0.0211,False,,,,,,,,,,,
VERMONT,5,Theft,5,Theft:5,July,Saturday,5,476018.44,95203.69,0,0.0,0.0422348203892962,0.0211,False,,,,,,,,,,,
WONDERBOOM SOUTH,5,Theft,5,Theft:5,November,Monday,11,472778.2,94555.64,0,0.0,0.0419232501742034,0.021,False,,,,,,,,,,,
THEESCOMBE AH,8,Theft,8,Theft:8,June,Friday,0,174633.12,21829.14,0,0.0285714285714285,0.0132546556551318,0.0209,False,,,,,,,,,,,
KAMMA HEIGHTS,5,Theft,3,Theft:3; Burglary:1; Armed Robbery:1,August,Saturday,4,470370.49,94074.1,0,0.0,0.0416917331499764,0.0208,False,,,,,,,,,,,
MONTE VISTA,7,Theft,5,Theft:5; Collision:1; Burglary:1,December,Friday,3,268425.82,38346.55,0,0.019047619047619,0.0222734356569649,0.0207,False,,,,,,,,,,,
NELLMAPIUS,5,Hijack,2,Hijack:2; Theft:2; Armed Robbery:1,February,Monday,13,454801.22,90960.24,0,0.0,0.040194646266678,0.0201,False,,,,,,,,,,,
RUSTENBURG NORTH,7,Theft,7,Theft:7,October,Friday,14,257187.09,36741.01,0,0.019047619047619,0.0211927584467982,0.0201,False,,,,,,,,,,,
WATERFALL COUNTRY LIFESTYLE ESTATE,7,Theft,7,Theft:7,April,Monday,12,254792.22,36398.89,0,0.019047619047619,0.0209624760723384,0.02,False,,,,,,,,,,,
KATHU,8,Theft,8,Theft:8,February,Friday,10,151905.64,18988.21,0,0.0285714285714285,0.0110692601806859,0.0198,False,,,,,,,,,,,
NORTHOME CONTENTSROFT,7,Theft,7,Theft:7,May,Wednesday,12,251295.03,35899.29,0,0.019047619047619,0.0206261984384222,0.0198,False,,,,,,,,,,,
THE DE DEUR ESTATES,5,Theft,5,Theft:5,January,Thursday,10,446918.95,89383.79,0,0.0,0.0394367145828151,0.0197,False,,,,,,,,,,,
BETTY'S BAY,6,Theft,5,Theft:5; Burglary:1,December,Saturday,15,337576.65,56262.78,0,0.0095238095238095,0.0289227390965093,0.0192,False,,,,,,,,,,,
RUGBY,5,Theft,4,Theft:4; Hijack:1,January,Saturday,7,433775.84,86755.17,0,0.0,0.0381729188116102,0.0191,False,,,,,,,,,,,
SILVERFIELDS,5,Theft,5,Theft:5,September,Sunday,14,433973.34,86794.67,0,0.0,0.038191909725086,0.0191,False,,,,,,,,,,,
DIEP RIVER,7,Theft,7,Theft:7,July,Wednesday,15,236708.45,33815.49,0,0.019047619047619,0.0192236036096228,0.0191,False,,,,,,,,,,,
MAYVILLE,5,Theft,5,Theft:5,July,Tuesday,17,434203.58,86840.72,0,0.0,0.0382140488031552,0.0191,False,,,,,,,,,,,
ELSIES RIVER INDUSTRIAL,5,Theft,3,Theft:3; Hijack:2,May,Friday,12,430832.55,86166.51,0,0.0,0.0378899022762978,0.0189,False,,,,,,,,,,,
BROEDERSTROOM,6,Theft,4,Theft:4; Hijack:1; Armed Robbery:1,October,Friday,10,329500.94,54916.82,0,0.0095238095238095,0.0281462068946577,0.0188,False,,,,,,,,,,,
BRIGHTON BEACH,6,Theft,6,Theft:6,March,Sunday,3,328590.28,54765.05,0,0.0095238095238095,0.0280586409945773,0.0188,False,,,,,,,,,,,
WILKOPPIES,7,Theft,7,Theft:7,November,Saturday,22,227495.04,32499.29,0,0.019047619047619,0.0183376741304982,0.0187,False,,,,,,,,,,,
STEENBERG,8,Theft,8,Theft:8,December,Sunday,1,120889.22,15111.15,0,0.0285714285714285,0.0080868290487912,0.0183,False,,,,,,,,,,,
GEORGE SOUTH,7,Theft,6,Theft:6; Burglary:1,September,Wednesday,21,216265.46,30895.07,0,0.019047619047619,0.0172578767525254,0.0182,False,,,,,,,,,,,
PELLISSIER,6,Theft,6,Theft:6,September,Friday,8,314718.52,52453.09,0,0.0095238095238095,0.0267247807722122,0.0181,False,,,,,,,,,,,
DERDEPOORTPARK,5,Theft,4,Theft:4; Burglary:1,May,Wednesday,1,408847.0,81769.4,0,0.0,0.0357758482116499,0.0179,False,,,,,,,,,,,
SONLAND PARK,5,Theft,5,Theft:5,September,Thursday,6,406692.45,81338.49,0,0.0,0.0355686741730205,0.0178,False,,,,,,,,,,,
BARDENE,6,Theft,5,Theft:5; Stolen and recovered:1,December,Thursday,23,303062.68,50510.45,0,0.0095238095238095,0.0256039957143498,0.0176,False,,,,,,,,,,,
SCOTTSVILLE,5,Theft,5,Theft:5,January,Thursday,19,396252.25,79250.45,0,0.0,0.0345647808319062,0.0173,False,,,,,,,,,,,
JAMESTOWN,6,Theft,6,Theft:6,April,Tuesday,3,296867.19,49477.86,0,0.0095238095238095,0.0250082589319184,0.0173,False,,,,,,,,,,,
MOSSEL BAY CENTRAL,7,Theft,7,Theft:7,October,Thursday,3,193602.92,27657.56,0,0.019047619047619,0.0150787256827434,0.0171,False,,,,,,,,,,,
MEER EN SEE,6,Theft,6,Theft:6,November,Thursday,17,293179.13,48863.19,0,0.0095238095238095,0.0246536279022801,0.0171,False,,,,,,,,,,,
CAPITAL PARK,7,Theft,7,Theft:7,March,Friday,12,193339.5,27619.93,0,0.019047619047619,0.0150533961312103,0.0171,False,,,,,,,,,,,
BEZUIDENHOUT VALLEY,6,Theft,6,Theft:6,November,Monday,19,291248.44,48541.41,0,0.0095238095238095,0.0244679794630973,0.017,False,,,,,,,,,,,
VANDERBIJLPARK C. C.,7,Theft,7,Theft:7,March,Sunday,0,189205.65,27029.38,0,0.019047619047619,0.01465589948477,0.0169,False,,,,,,,,,,,
FLORIDA HILLS,6,Theft,5,Theft:5; Burglary:1,April,Saturday,0,287095.09,47849.18,0,0.0095238095238095,0.0240686077644404,0.0168,False,,,,,,,,,,,
VANDERBIJLPARK N. E. 3,6,Theft,6,Theft:6,May,Tuesday,5,282721.57,47120.26,0,0.0095238095238095,0.0236480652839103,0.0166,False,,,,,,,,,,,
BLOUBOSRAND,5,Theft,5,Theft:5,August,Sunday,12,381879.11,76375.82,0,0.0,0.0331827096515739,0.0166,False,,,,,,,,,,,
MARLOTH PARK,8,Theft,8,Theft:8,March,Tuesday,0,83414.66,10426.83,0,0.0285714285714285,0.0044834056234554,0.0165,False,,,,,,,,,,,
MINDALORE,5,Theft,5,Theft:5,July,Monday,14,376912.72,75382.54,0,0.0,0.0327051588527025,0.0164,False,,,,,,,,,,,
CHARTWELL,8,Theft,8,Theft:8,December,Sunday,0,78467.73,9808.47,0,0.0285714285714285,0.0040077260305397,0.0163,False,,,,,,,,,,,
CLIFTON,7,Theft,7,Theft:7,November,Sunday,17,173511.64,24787.38,0,0.019047619047619,0.0131468180366769,0.0161,False,,,,,,,,,,,
ILLIONDALE,5,Theft,5,Theft:5,February,Sunday,0,370861.6,74172.32,0,0.0,0.0321233041876306,0.0161,False,,,,,,,,,,,
DIE BOORD,6,Theft,4,Theft:4; Burglary:1; Attempted Theft:1,September,Sunday,17,272719.3,45453.22,0,0.0095238095238095,0.0226862817693198,0.0161,False,,,,,,,,,,,
SWELLENDAM,7,Theft,7,Theft:7,February,Sunday,11,171854.94,24550.71,0,0.019047619047619,0.0129875155234851,0.016,False,,,,,,,,,,,
STRUBENVALE,7,Theft,7,Theft:7,September,Wednesday,0,171372.44,24481.78,0,0.019047619047619,0.0129411200006898,0.016,False,,,,,,,,,,,
ORANJEVILLE,5,Theft,5,Theft:5,June,Monday,12,369764.63,73952.93,0,0.0,0.0320178233655772,0.016,False,,,,,,,,,,,
HONEYDEW RIDGE,6,Theft,5,Theft:5; Malicious Damage:1,October,Friday,16,265277.77,44212.96,0,0.0095238095238095,0.0219707301118129,0.0157,False,,,,,,,,,,,
CENTURION GOLF ESTATE,7,Theft,6,Theft:6; Hijack:1,December,Tuesday,10,165253.47,23607.64,0,0.019047619047619,0.0123527411154694,0.0157,False,,,,,,,,,,,
SOUTHDALE,5,Theft,5,Theft:5,November,Wednesday,12,360494.01,72098.8,0,0.0,0.0311263927717187,0.0156,False,,,,,,,,,,,
LANSDOWNE,7,Theft,7,Theft:7,May,Thursday,12,162483.41,23211.92,0,0.019047619047619,0.012086381774797,0.0156,False,,,,,,,,,,,
NORTHPINE,6,Theft,6,Theft:6,September,Thursday,4,256783.38,42797.23,0,0.0095238095238095,0.0211539390965231,0.0153,False,,,,,,,,,,,
SEA COW LAKE,5,Theft,4,Theft:4; Hijack:1,April,Sunday,16,349072.78,69814.56,0,0.0,0.0300281669959351,0.015,False,,,,,,,,,,,
KLERKSDORP INDUSTRIAL,5,Theft,5,Theft:5,December,Monday,6,349285.54,69857.11,0,0.0,0.030048625257966,0.015,False,,,,,,,,,,,
GEELHOUTPARK,5,Theft,5,Theft:5,December,Wednesday,1,348333.7,69666.74,0,0.0,0.0299570996322303,0.015,False,,,,,,,,,,,
ERMELO,6,Theft,6,Theft:6,March,Friday,11,247730.0,41288.33,0,0.0095238095238095,0.0202833975459228,0.0149,False,,,,,,,,,,,
ROWALLAN PARK,7,Theft,7,Theft:7,June,Friday,20,147785.79,21112.26,0,0.019047619047619,0.0106731097255806,0.0149,False,,,,,,,,,,,
PYRAMID,6,Theft,6,Theft:6,September,Tuesday,6,246198.66,41033.11,0,0.0095238095238095,0.0201361492145707,0.0148,False,,,,,,,,,,,
CAPE FARMS,5,Theft,5,Theft:5,April,Wednesday,14,340118.24,68023.65,0,0.0,0.0291671295561598,0.0146,False,,,,,,,,,,,
BOKSBURG SOUTH,7,Theft,4,Theft:4; Accidental Loss:1; Hijack:1; Armed Robbery:1,October,Tuesday,17,140071.75,23345.29,1,0.019047619047619,0.0099313544537381,0.0145,False,,,,,,,,,,,
DANA BAY,7,Theft,7,Theft:7,October,Wednesday,5,138796.24,19828.03,0,0.019047619047619,0.0098087058459026,0.0144,False,,,,,,,,,,,
MITCHELLS PLAIN CENTRE,7,Theft,7,Theft:7,September,Monday,18,134567.73,19223.96,0,0.019047619047619,0.0094021070229073,0.0142,False,,,,,,,,,,,
ONTDEKKERSPARK,5,Theft,5,Theft:5,January,Friday,15,331380.89,66276.18,0,0.0,0.0283269763518164,0.0142,False,,,,,,,,,,,
BOOYSENS,5,Theft,5,Theft:5,October,Wednesday,13,329032.65,65806.53,0,0.0,0.0281011777560674,0.0141,False,,,,,,,,,,,
CRESTA,7,Theft,7,Theft:7,May,Thursday,16,130772.95,18681.85,0,0.019047619047619,0.0090372141690353,0.014,False,,,,,,,,,,,
TYGER VALLEY,7,Theft,7,Theft:7,May,Wednesday,20,129807.66,18543.95,0,0.019047619047619,0.0089443952380527,0.014,False,,,,,,,,,,,
SUNNYDALE,5,Theft,5,Theft:5,December,Sunday,5,325043.57,65008.71,0,0.0,0.0277176016895962,0.0139,False,,,,,,,,,,,
BERGSIG,7,Theft,7,Theft:7,December,Friday,4,128095.57,18299.37,0,0.019047619047619,0.0087797666150006,0.0139,False,,,,,,,,,,,
EERSTE RIVER,7,Theft,7,Theft:7,August,Tuesday,11,124225.67,17746.52,0,0.019047619047619,0.0084076504830512,0.0137,False,,,,,,,,,,,
SANDTON COUNTRY CLUB ESTATE,7,Theft,7,Theft:7,July,Thursday,9,122140.27,17448.61,0,0.019047619047619,0.0082071256680515,0.0136,False,,,,,,,,,,,
WEST BEACH,5,Theft,5,Theft:5,October,Monday,15,308957.54,61791.51,0,0.0,0.0261708249609928,0.0131,False,,,,,,,,,,,
LENTEGEUR,5,Theft,4,Theft:4; Hijack:1,August,Monday,10,307303.6,61460.72,0,0.0,0.0260117878398071,0.013,False,,,,,,,,,,,
STRUIS BAY,7,Theft,7,Theft:7,December,Tuesday,21,107166.63,15309.52,0,0.019047619047619,0.0067673124951004,0.0129,False,,,,,,,,,,,
LOTUS PARK,7,Theft,6,Theft:6; Hijack:1,May,Tuesday,4,107119.27,15302.75,0,0.019047619047619,0.0067627585221272,0.0129,False,,,,,,,,,,,
GROBLERSDAL,7,Theft,7,Theft:7,September,Saturday,12,102733.72,14676.25,0,0.019047619047619,0.0063410592786142,0.0127,False,,,,,,,,,,,
MAMELODI EAST OPEN AREA,6,Theft,6,Theft:6,October,Wednesday,12,200583.8,33430.63,0,0.0095238095238095,0.0157499828375028,0.0126,False,,,,,,,,,,,
SOUTHRIDGE,7,Theft,6,Theft:6; Burglary:1,May,Thursday,13,98088.91,14012.7,0,0.019047619047619,0.0058944304947076,0.0125,False,,,,,,,,,,,
BONNIE DOON,7,Theft,7,Theft:7,October,Thursday,10,93511.9,13358.84,0,0.019047619047619,0.0054543211231234,0.0123,False,,,,,,,,,,,
RICHMOND,7,Theft,7,Theft:7,March,Wednesday,10,95203.81,13600.54,0,0.019047619047619,0.0056170093075226,0.0123,False,,,,,,,,,,,
NORTHDENE,6,Theft,5,Theft:5; Malicious Damage:1,July,Tuesday,19,188632.41,31438.73,0,0.0095238095238095,0.0146007787189935,0.0121,False,,,,,,,,,,,
VIRGINIA,6,Theft,6,Theft:6,July,Monday,8,189261.29,31543.55,0,0.0095238095238095,0.0146612496337614,0.0121,False,,,,,,,,,,,
HEATHER PARK,6,Theft,6,Theft:6,November,Sunday,9,185963.85,30993.98,0,0.0095238095238095,0.0143441792654998,0.0119,False,,,,,,,,,,,
CERES,7,Theft,6,Theft:6; Hijack:1,August,Monday,0,83412.65,11916.09,0,0.019047619047619,0.0044832123488423,0.0118,False,,,,,,,,,,,
GREYTON,6,Theft,6,Theft:6,January,Saturday,3,183299.83,30549.97,0,0.0095238095238095,0.0140880163626248,0.0118,False,,,,,,,,,,,
SONEIKE,7,Theft,6,Theft:6; Armed Robbery:1,March,Friday,3,82962.54,13827.09,1,0.019047619047619,0.004439931335857,0.0117,False,,,,,,,,,,,
IVYPARK,5,Theft,5,Theft:5,February,Monday,0,277894.01,55578.8,0,0.0,0.0231838638952558,0.0116,False,,,,,,,,,,,
OR TAMBO INTERNATIONAL AIRPORT,7,Theft,7,Theft:7,February,Friday,12,80269.58,11467.08,0,0.019047619047619,0.0041809856631795,0.0116,False,,,,,,,,,,,
RAISETHORPE,5,Theft,5,Theft:5,December,Monday,13,277060.29,55412.06,0,0.0,0.0231036962781265,0.0116,False,,,,,,,,,,,
WALMER ESTATE,6,Theft,6,Theft:6,August,Sunday,7,174144.55,29024.09,0,0.0095238095238095,0.0132076764622362,0.0114,False,,,,,,,,,,,
NELSPRUIT 312-JT,6,Theft,6,Theft:6,June,Friday,23,166497.55,27749.59,0,0.0095238095238095,0.0124723675237579,0.011,False,,,,,,,,,,,
THREE RIVERS EAST,5,Theft,5,Theft:5,December,Sunday,9,264813.39,52962.68,0,0.0,0.0219260769452312,0.011,False,,,,,,,,,,,
VASCO ESTATE,6,Theft,6,Theft:6,May,Tuesday,14,164795.85,27465.98,0,0.0095238095238095,0.0123087379669894,0.0109,False,,,,,,,,,,,
BIRCH ACRES,6,Theft,6,Theft:6,October,Wednesday,20,162705.34,27117.56,0,0.0095238095238095,0.0121077217921524,0.0108,False,,,,,,,,,,,
ZINKWAZI BEACH,6,Theft,6,Theft:6,May,Wednesday,2,161204.49,26867.41,0,0.0095238095238095,0.0119634052732149,0.0107,False,,,,,,,,,,,
THORNTON,6,Theft,6,Theft:6,November,Monday,2,157878.38,26313.06,0,0.0095238095238095,0.0116435780974123,0.0106,False,,,,,,,,,,,
LINCOLN MEADE,5,Theft,4,Theft:4; Hijack:1,July,Sunday,7,254340.76,50868.15,0,0.0,0.0209190652480458,0.0105,False,,,,,,,,,,,
GREENBURY,5,Theft,4,Theft:4; Burglary:1,April,Monday,11,254056.23,50811.25,0,0.0,0.0208917058322926,0.0104,False,,,,,,,,,,,
RIVERTON,7,Theft,7,Theft:7,October,Saturday,20,52027.09,7432.44,0,0.019047619047619,0.0014652859977048,0.0103,False,,,,,,,,,,,
ORKNEY,6,Theft,6,Theft:6,September,Saturday,0,151015.33,25169.22,0,0.0095238095238095,0.0109836510658674,0.0103,False,,,,,,,,,,,
FAIRVIEW,7,Theft,5,Theft:5; Armed Robbery:2,June,Wednesday,4,52756.96,8792.83,1,0.019047619047619,0.0015354677598242,0.0103,False,,,,,,,,,,,
MONTCLAIR,6,Theft,4,Theft:4; Hijack:1; Armed Robbery:1,October,Saturday,8,148724.37,29744.87,1,0.0095238095238095,0.0107633603158091,0.0101,False,,,,,,,,,,,
FAIRWAYS,5,Theft,5,Theft:5,May,Saturday,6,243082.54,48616.51,0,0.0,0.0198365139472278,0.0099,False,,,,,,,,,,,
TASBET PARK,5,Theft,4,Theft:4; Burglary:1,December,Friday,6,242322.56,48464.51,0,0.0,0.0197634369121729,0.0099,False,,,,,,,,,,,
FRAMESBY,6,Theft,6,Theft:6,June,Tuesday,2,140600.41,23433.4,0,0.0095238095238095,0.009982188561678,0.0098,False,,,,,,,,,,,
EDELWEISS,5,Theft,4,Theft:4; Burglary:1,February,Tuesday,8,240340.82,48068.16,0,0.0,0.0195728796824436,0.0098,False,,,,,,,,,,,
BISHOPSCOURT,5,Theft,5,Theft:5,May,Thursday,6,237672.74,47534.55,0,0.0,0.0193163263840814,0.0097,False,,,,,,,,,,,
LANGA,5,Theft,5,Theft:5,September,Thursday,17,237111.95,47422.39,0,0.0,0.0192624027670278,0.0096,False,,,,,,,,,,,
HARTENBOS,6,Theft,6,Theft:6,December,Monday,8,136129.89,22688.32,0,0.0095238095238095,0.0095523188983268,0.0095,False,,,,,,,,,,,
SOUTHGATE,5,Theft,5,Theft:5,February,Monday,14,225163.17,45032.63,0,0.0,0.0181134496170459,0.0091,False,,,,,,,,,,,
BONNIE BRAE,6,Theft,6,Theft:6,February,Thursday,23,124780.97,20796.83,0,0.0095238095238095,0.0084610462007885,0.009,False,,,,,,,,,,,
PLATTEKLOOF GLEN,6,Theft,6,Theft:6,June,Wednesday,3,125236.12,20872.69,0,0.0095238095238095,0.0085048118426544,0.009,False,,,,,,,,,,,
BLUEWATER BAY,6,Theft,5,Theft:5; Burglary:1,January,Wednesday,22,119433.35,19905.56,0,0.0095238095238095,0.0079468376503,0.0087,False,,,,,,,,,,,
GLEN HILLS,6,Theft,5,Theft:5; Burglary:1,January,Friday,0,114153.81,19025.63,0,0.0095238095238095,0.0074391754359605,0.0085,False,,,,,,,,,,,
VINCENT HEIGHTS,6,Theft,6,Theft:6,October,Thursday,4,113620.14,18936.69,0,0.0095238095238095,0.0073878595838358,0.0085,False,,,,,,,,,,,
LADYSMITH,5,Theft,5,Theft:5,June,Tuesday,10,208222.87,41644.57,0,0.0,0.0164845292547464,0.0082,False,,,,,,,,,,,
KLERKSDORP CENTRAL,6,Theft,6,Theft:6,November,Saturday,2,107692.59,17948.76,0,0.0095238095238095,0.0068178869804256,0.0082,False,,,,,,,,,,,
DUNNOTTAR,6,Theft,6,Theft:6,October,Thursday,2,101177.39,16862.9,0,0.0095238095238095,0.0061914079957292,0.0079,False,,,,,,,,,,,
DE BRON,5,Theft,5,Theft:5,December,Tuesday,1,199663.18,39932.64,0,0.0,0.0156614592184441,0.0078,False,,,,,,,,,,,
HILLBROW,5,Theft,4,Theft:4; Hijack:1,April,Saturday,14,196486.26,39297.25,0,0.0,0.0153559776344463,0.0077,False,,,,,,,,,,,
WARNER BEACH,6,Theft,6,Theft:6,July,Thursday,17,96196.29,16032.71,0,0.0095238095238095,0.0057124427343908,0.0076,False,,,,,,,,,,,
MAITLAND,5,Theft,4,Theft:4; Armed Robbery:1,June,Wednesday,11,194725.0,38945.0,0,0.0,0.0151866209951127,0.0076,False,,,,,,,,,,,
MODJADJISKLOOF,5,Theft,5,Theft:5,October,Wednesday,17,190240.35,38048.07,0,0.0,0.0147553926400785,0.0074,False,,,,,,,,,,,
LOCHNERHOF,6,Theft,6,Theft:6,November,Friday,16,89065.1,14844.18,0,0.0095238095238095,0.0050267322925198,0.0073,False,,,,,,,,,,,
TABLE MOUNTAIN (NATURE RESERVE),6,Theft,5,Theft:5; Attempted Theft:1,February,Sunday,7,87063.6,14510.6,0,0.0095238095238095,0.0048342750098777,0.0072,False,,,,,,,,,,,
GANS BAY,6,Theft,6,Theft:6,June,Sunday,7,85290.7,14215.12,0,0.0095238095238095,0.0046637991086055,0.0071,False,,,,,,,,,,,
WITKOPPEN,5,Theft,3,Theft:3; Accidental Loss:1; Burglary:1,September,Saturday,16,185304.82,37060.96,0,0.0,0.0142808092315355,0.0071,False,,,,,,,,,,,
LOERIE PARK,5,Theft,5,Theft:5,February,Friday,9,179705.9,35941.18,0,0.0,0.0137424365465839,0.0069,False,,,,,,,,,,,
WHITE RIVER AH,5,Theft,5,Theft:5,December,Wednesday,6,175373.17,35074.63,0,0.0,0.0133258162906648,0.0067,False,,,,,,,,,,,
PARK HILL,6,Theft,6,Theft:6,January,Saturday,0,77417.63,12902.94,0,0.0095238095238095,0.0039067520647627,0.0067,False,,,,,,,,,,,
PRETORIA GARDENS,5,Theft,5,Theft:5,January,Wednesday,18,169717.0,33943.4,0,0.0,0.0127819386447182,0.0064,False,,,,,,,,,,,
SODWANA BAY NATIONAL PARK,5,Theft,5,Theft:5,March,Saturday,3,169977.87,33995.57,0,0.0,0.0128070229971154,0.0064,False,,,,,,,,,,,
UMTENTWENI,5,Theft,5,Theft:5,February,Saturday,1,170104.84,34020.97,0,0.0,0.0128192319909585,0.0064,False,,,,,,,,,,,
MARAISBURG,5,Theft,3,Theft:3; Hijack:2,March,Tuesday,4,167101.5,33420.3,0,0.0,0.0125304412563842,0.0063,False,,,,,,,,,,,
COSMO CITY,5,Burglary,2,Burglary:2; Theft:2; Armed Robbery:1,July,Tuesday,2,166787.7,33357.54,0,0.0,0.0125002673391756,0.0063,False,,,,,,,,,,,
WINDSOR,5,Theft,3,Theft:3; Hijack:1; Armed Robbery:1,October,Thursday,4,166972.89,55657.63,2,0.0,0.0125180745658419,0.0063,False,,,,,,,,,,,
RYDALVALE,5,Theft,5,Theft:5,December,Sunday,21,164681.7,32936.34,0,0.0,0.012297761699783,0.0061,False,,,,,,,,,,,
KENTON-ON-SEA,5,Theft,5,Theft:5,November,Thursday,8,156027.3,31205.46,0,0.0,0.0114655846790994,0.0057,False,,,,,,,,,,,
ARBORETUM,5,Theft,5,Theft:5,November,Saturday,17,150665.97,30133.19,0,0.0,0.0109500578226679,0.0055,False,,,,,,,,,,,
SCOTTBURGH,5,Theft,5,Theft:5,January,Saturday,3,149393.88,29878.78,0,0.0,0.0108277380701442,0.0054,False,,,,,,,,,,,
VREDENBURG,5,Theft,5,Theft:5,August,Wednesday,14,146016.74,29203.35,0,0.0,0.0105030040269256,0.0053,False,,,,,,,,,,,
STILFONTEIN,6,Theft,5,Theft:5; Armed Robbery:1,October,Wednesday,4,48200.16,8033.36,0,0.0095238095238095,0.0010973017115886,0.0053,False,,,,,,,,,,,
FARNINGHAM RIDGE,5,Theft,5,Theft:5,January,Friday,15,145872.7,29174.54,0,0.0,0.0104891536412189,0.0052,False,,,,,,,,,,,
STELLENBOSCH FARMS,5,Theft,4,Theft:4; Attempted Theft:1,May,Wednesday,11,145530.55,29106.11,0,0.0,0.0104562536865569,0.0052,False,,,,,,,,,,,
ADAMAYVIEW,6,Theft,6,Theft:6,December,Tuesday,10,40743.41,6790.57,0,0.0095238095238095,0.0003802865517876,0.005,False,,,,,,,,,,,
OUDTSHOORN,6,Theft,6,Theft:6,November,Sunday,6,36788.54,6131.42,0,0.0095238095238095,0.0,0.0048,False,,,,,,,,,,,
MARBLE HALL,5,Theft,5,Theft:5,January,Monday,14,134172.71,26834.54,0,0.0,0.0093641232728252,0.0047,False,,,,,,,,,,,
FARMS PORT ELIZABETH,5,Theft,4,Theft:4; Armed Robbery:1,November,Saturday,7,132489.01,26497.8,0,0.0,0.0092022245334874,0.0046,False,,,,,,,,,,,
CASSELDALE,5,Theft,5,Theft:5,July,Sunday,5,131869.4,26373.88,0,0.0,0.0091426449896963,0.0046,False,,,,,,,,,,,
BRACKENFELL NORTH,5,Theft,5,Theft:5,August,Saturday,9,126426.0,25285.2,0,0.0,0.008619226567346,0.0043,False,,,,,,,,,,,
BRYANSTON EAST,5,Theft,5,Theft:5,August,Monday,2,123191.34,24638.27,0,0.0,0.0083081929056566,0.0042,False,,,,,,,,,,,
VELD EN VLEI,5,Theft,5,Theft:5,September,Sunday,3,122688.85,24537.77,0,0.0,0.008259875213948,0.0041,False,,,,,,,,,,,
MOUNT FRERE,5,Theft,5,Theft:5,November,Thursday,3,121786.61,24357.32,0,0.0,0.0081731189517991,0.0041,False,,,,,,,,,,,
DULLSTROOM,5,Theft,5,Theft:5,July,Saturday,22,118833.66,23766.73,0,0.0,0.0078891735444655,0.0039,False,,,,,,,,,,,
CENTURION,5,Theft,5,Theft:5,September,Saturday,15,112074.49,22414.9,0,0.0,0.0072392352526263,0.0036,False,,,,,,,,,,,
WHITE RIVER,5,Theft,5,Theft:5,December,Monday,21,109805.87,21961.17,0,0.0,0.0070210926393125,0.0035,False,,,,,,,,,,,
HAMMANSKRAAL,5,Theft,5,Theft:5,April,Saturday,10,102665.56,20533.11,0,0.0,0.0063345052499433,0.0032,False,,,,,,,,,,,
RAMSGATE,5,Theft,5,Theft:5,April,Monday,2,103920.05,20784.01,0,0.0,0.0064551326476459,0.0032,False,,,,,,,,,,,
SALT RIVER,5,Theft,5,Theft:5,May,Friday,18,98410.24,19682.05,0,0.0,0.0059253284705415,0.003,False,,,,,,,,,,,
KIRSTENHOF,5,Theft,5,Theft:5,March,Thursday,10,93085.52,18617.1,0,0.0,0.0054133219044509,0.0027,False,,,,,,,,,,,
HATTON ESTATE,5,Theft,5,Theft:5,December,Saturday,2,91305.95,18261.19,0,0.0,0.0052422046391641,0.0026,False,,,,,,,,,,,
VANDERBIJLPARK S. W. 1,5,Theft,5,Theft:5,November,Sunday,14,86334.95,17266.99,0,0.0,0.0047642105587175,0.0024,False,,,,,,,,,,,
THE ORCHARDS,5,Theft,4,Theft:4; Hijack:1,February,Sunday,4,73965.76,14793.15,0,0.0,0.003574832244511,0.0018,False,,,,,,,,,,,
WOODHAVEN,5,Theft,5,Theft:5,November,Saturday,6,72860.04,14572.01,0,0.0,0.0034685100528732,0.0017,False,,,,,,,,,,,
HAZELDEAN,5,Theft,4,Theft:4; Burglary:1,March,Thursday,13,63485.36,12697.07,0,0.0,0.0025670734111347,0.0013,False,,,,,,,,,,,
SAND BAY,5,Theft,5,Theft:5,April,Tuesday,16,61271.81,12254.36,0,0.0,0.0023542261375936,0.0012,False,,,,,,,,,,,
DOOR DE KRAAL,5,Theft,5,Theft:5,August,Thursday,17,60465.7,12093.14,0,0.0,0.0022767134020899,0.0011,False,,,,,,,,,,,
BROADWOOD,5,Theft,5,Theft:5,November,Friday,5,58243.47,11648.69,0,0.0,0.0020630314899211,0.001,False,,,,,,,,,,,
KROONSTAD,5,Theft,5,Theft:5,April,Tuesday,2,57053.0,11410.6,0,0.0,0.0019485600328804,0.001,False,,,,,,,,,,,
NORTH END,5,Theft,5,Theft:5,February,Tuesday,18,56309.84,11261.97,0,0.0,0.001877100350558,0.0009,False,,,,,,,,,,,
ODENDAALSRUS,5,Theft,5,Theft:5,August,Thursday,19,55228.1,11045.62,0,0.0,0.001773083992364,0.0009,False,,,,,,,,,,,
MOUILLE POINT,5,Theft,5,Theft:5,January,Wednesday,16,51849.75,10369.95,0,0.0,0.0014482335997514,0.0007,False,,,,,,,,,,,
BIRDSWOOD,5,Theft,5,Theft:5,October,Sunday,0,49355.65,9871.13,0,0.0,0.0012084096134223,0.0006,False,,,,,,,,,,,
PLATTEKLOOF 1,5,Theft,5,Theft:5,August,Wednesday,11,49265.71,9853.14,0,0.0,0.0011997612956602,0.0006,False,,,,,,,,,,,
DURMONTE,5,Theft,5,Theft:5,June,Thursday,2,46164.61,9232.92,0,0.0,0.0009015702993067,0.0005,False,,,,,,,,,,,
KLEINMOND,5,Theft,5,Theft:5,June,Thursday,18,40645.5,8129.1,0,0.0,0.0003708718665298,0.0002,False,,,,,,,,,,,
EAST LONDON CENTRAL,5,Theft,4,Theft:4; Armed Robbery:1,February,Friday,17,39655.15,7931.03,0,0.0,0.0002756432530575,0.0001,False,,,,,,,,,,,
