STATION,District,Province,total_q1_2026_incidents,top_crime_type,top_crime_count,top_crime_trend,crime_breakdown,saps_only_severity_score
Inanda,eThekwini District,KwaZulu-Natal,527,Robbery with aggravating circumstances,312,Increased,Robbery with aggravating circumstances:312; Burglary at residential premises:176; Theft of motor vehicle and motorcycle:19; Carjacking:20; Truck hijacking:0,1.0
Delft,City of Cape Town District,Western Cape,411,Robbery with aggravating circumstances,208,Increased,Robbery with aggravating circumstances:208; Burglary at residential premises:111; Theft of motor vehicle and motorcycle:31; Carjacking:61; Truck hijacking:0,0.7756
Tembisa,Ekurhuleni District,Gauteng,372,Robbery with aggravating circumstances,209,Decreased,Robbery with aggravating circumstances:209; Burglary at residential premises:88; Theft of motor vehicle and motorcycle:40; Carjacking:35; Truck hijacking:0,0.7002
Ivory Park,Ekurhuleni District,Gauteng,371,Robbery with aggravating circumstances,167,Decreased,Robbery with aggravating circumstances:167; Burglary at residential premises:90; Theft of motor vehicle and motorcycle:67; Carjacking:47; Truck hijacking:0,0.6983
Mfuleni,City of Cape Town District,Western Cape,370,Robbery with aggravating circumstances,211,Decreased,Robbery with aggravating circumstances:211; Burglary at residential premises:107; Theft of motor vehicle and motorcycle:26; Carjacking:26; Truck hijacking:0,0.6963
Plessislaer,Umgungundlovu District,KwaZulu-Natal,369,Burglary at residential premises,252,Increased,Robbery with aggravating circumstances:106; Burglary at residential premises:252; Theft of motor vehicle and motorcycle:7; Carjacking:4; Truck hijacking:0,0.6944
Mankweng,Capricorn District,Limpopo,363,Burglary at residential premises,261,Increased,Robbery with aggravating circumstances:94; Burglary at residential premises:261; Theft of motor vehicle and motorcycle:7; Carjacking:1; Truck hijacking:0,0.6828
Seshego,Capricorn District,Limpopo,333,Burglary at residential premises,198,Increased,Robbery with aggravating circumstances:119; Burglary at residential premises:198; Theft of motor vehicle and motorcycle:14; Carjacking:2; Truck hijacking:0,0.6248
Jeppe,Johannesburg District,Gauteng,328,Robbery with aggravating circumstances,218,Increased,Robbery with aggravating circumstances:218; Burglary at residential premises:37; Theft of motor vehicle and motorcycle:31; Carjacking:41; Truck hijacking:1,0.6151
Temba,Tshwane District,Gauteng,325,Burglary at residential premises,158,Increased,Robbery with aggravating circumstances:139; Burglary at residential premises:158; Theft of motor vehicle and motorcycle:5; Carjacking:22; Truck hijacking:1,0.6093
Umlazi,eThekwini District,KwaZulu-Natal,325,Robbery with aggravating circumstances,180,Decreased,Robbery with aggravating circumstances:180; Burglary at residential premises:79; Theft of motor vehicle and motorcycle:11; Carjacking:52; Truck hijacking:3,0.6093
JHB Central,Johannesburg District,Gauteng,322,Robbery with aggravating circumstances,235,Decreased,Robbery with aggravating circumstances:235; Burglary at residential premises:11; Theft of motor vehicle and motorcycle:62; Carjacking:12; Truck hijacking:2,0.6035
Witbank,Nkangala District,Mpumalanga,300,Burglary at residential premises,116,Decreased,Robbery with aggravating circumstances:111; Burglary at residential premises:116; Theft of motor vehicle and motorcycle:41; Carjacking:31; Truck hijacking:1,0.5609
Vanderbijlpark,Sedibeng District,Gauteng,293,Robbery with aggravating circumstances,125,Decreased,Robbery with aggravating circumstances:125; Burglary at residential premises:101; Theft of motor vehicle and motorcycle:45; Carjacking:13; Truck hijacking:9,0.5474
Lingelethu-West,City of Cape Town District,Western Cape,292,Robbery with aggravating circumstances,168,Decreased,Robbery with aggravating circumstances:168; Burglary at residential premises:51; Theft of motor vehicle and motorcycle:19; Carjacking:54; Truck hijacking:0,0.5455
Akasia,Tshwane District,Gauteng,292,Robbery with aggravating circumstances,120,Decreased,Robbery with aggravating circumstances:120; Burglary at residential premises:97; Theft of motor vehicle and motorcycle:37; Carjacking:34; Truck hijacking:4,0.5455
Midrand,Johannesburg District,Gauteng,284,Robbery with aggravating circumstances,150,Decreased,Robbery with aggravating circumstances:150; Burglary at residential premises:60; Theft of motor vehicle and motorcycle:38; Carjacking:28; Truck hijacking:8,0.53
Ntuzuma,eThekwini District,KwaZulu-Natal,283,Robbery with aggravating circumstances,162,Increased,Robbery with aggravating circumstances:162; Burglary at residential premises:88; Theft of motor vehicle and motorcycle:14; Carjacking:19; Truck hijacking:0,0.528
Empangeni,King Cetshwayo District,KwaZulu-Natal,279,Burglary at residential premises,141,Increased,Robbery with aggravating circumstances:110; Burglary at residential premises:141; Theft of motor vehicle and motorcycle:10; Carjacking:17; Truck hijacking:1,0.5203
Moroka,Johannesburg District,Gauteng,277,Robbery with aggravating circumstances,147,Decreased,Robbery with aggravating circumstances:147; Burglary at residential premises:77; Theft of motor vehicle and motorcycle:20; Carjacking:33; Truck hijacking:0,0.5164
Vosman,Nkangala District,Mpumalanga,276,Robbery with aggravating circumstances,130,Decreased,Robbery with aggravating circumstances:130; Burglary at residential premises:98; Theft of motor vehicle and motorcycle:23; Carjacking:25; Truck hijacking:0,0.5145
Springs,Ekurhuleni District,Gauteng,273,Robbery with aggravating circumstances,95,Increased,Robbery with aggravating circumstances:95; Burglary at residential premises:92; Theft of motor vehicle and motorcycle:65; Carjacking:21; Truck hijacking:0,0.5087
Protea,Johannesburg District,Gauteng,270,Robbery with aggravating circumstances,121,Increased,Robbery with aggravating circumstances:121; Burglary at residential premises:87; Theft of motor vehicle and motorcycle:26; Carjacking:36; Truck hijacking:0,0.5029
Phoenix,eThekwini District,KwaZulu-Natal,270,Robbery with aggravating circumstances,104,Decreased,Robbery with aggravating circumstances:104; Burglary at residential premises:75; Theft of motor vehicle and motorcycle:80; Carjacking:11; Truck hijacking:0,0.5029
Mamelodi East,Tshwane District,Gauteng,265,Robbery with aggravating circumstances,130,Decreased,Robbery with aggravating circumstances:130; Burglary at residential premises:74; Theft of motor vehicle and motorcycle:10; Carjacking:40; Truck hijacking:11,0.4932
Park Road,Mangaung District,Free State,249,Robbery with aggravating circumstances,121,Increased,Robbery with aggravating circumstances:121; Burglary at residential premises:113; Theft of motor vehicle and motorcycle:13; Carjacking:0; Truck hijacking:2,0.4623
Mountain Rise,Umgungundlovu District,KwaZulu-Natal,242,Burglary at residential premises,156,Decreased,Robbery with aggravating circumstances:74; Burglary at residential premises:156; Theft of motor vehicle and motorcycle:7; Carjacking:5; Truck hijacking:0,0.4487
Alexandra Road,Umgungundlovu District,KwaZulu-Natal,241,Burglary at residential premises,131,Decreased,Robbery with aggravating circumstances:86; Burglary at residential premises:131; Theft of motor vehicle and motorcycle:16; Carjacking:7; Truck hijacking:1,0.4468
Loate,Tshwane District,Gauteng,240,Robbery with aggravating circumstances,150,Decreased,Robbery with aggravating circumstances:150; Burglary at residential premises:57; Theft of motor vehicle and motorcycle:9; Carjacking:24; Truck hijacking:0,0.4449
Wierdabrug,Tshwane District,Gauteng,234,Burglary at residential premises,88,Decreased,Robbery with aggravating circumstances:73; Burglary at residential premises:88; Theft of motor vehicle and motorcycle:55; Carjacking:17; Truck hijacking:1,0.4333
Evaton,Sedibeng District,Gauteng,230,Robbery with aggravating circumstances,135,Increased,Robbery with aggravating circumstances:135; Burglary at residential premises:75; Theft of motor vehicle and motorcycle:6; Carjacking:12; Truck hijacking:2,0.4255
Mitchells Plain,City of Cape Town District,Western Cape,229,Robbery with aggravating circumstances,114,Increased,Robbery with aggravating circumstances:114; Burglary at residential premises:85; Theft of motor vehicle and motorcycle:17; Carjacking:13; Truck hijacking:0,0.4236
Thohoyandou,Vhembe District,Limpopo,228,Burglary at residential premises,118,Decreased,Robbery with aggravating circumstances:100; Burglary at residential premises:118; Theft of motor vehicle and motorcycle:5; Carjacking:5; Truck hijacking:0,0.4217
Orange Farms,Sedibeng District,Gauteng,225,Robbery with aggravating circumstances,129,Decreased,Robbery with aggravating circumstances:129; Burglary at residential premises:57; Theft of motor vehicle and motorcycle:8; Carjacking:18; Truck hijacking:13,0.4159
Harare,City of Cape Town District,Western Cape,219,Robbery with aggravating circumstances,130,Decreased,Robbery with aggravating circumstances:130; Burglary at residential premises:40; Theft of motor vehicle and motorcycle:9; Carjacking:40; Truck hijacking:0,0.4043
Rietgat,Tshwane District,Gauteng,218,Robbery with aggravating circumstances,89,Decreased,Robbery with aggravating circumstances:89; Burglary at residential premises:88; Theft of motor vehicle and motorcycle:9; Carjacking:31; Truck hijacking:1,0.4023
Nelspruit,Ehlanzeni District,Mpumalanga,218,Burglary at residential premises,129,Increased,Robbery with aggravating circumstances:62; Burglary at residential premises:129; Theft of motor vehicle and motorcycle:17; Carjacking:9; Truck hijacking:1,0.4023
Cape Town Central,City of Cape Town District,Western Cape,217,Robbery with aggravating circumstances,124,Decreased,Robbery with aggravating circumstances:124; Burglary at residential premises:48; Theft of motor vehicle and motorcycle:38; Carjacking:7; Truck hijacking:0,0.4004
Norkempark,Ekurhuleni District,Gauteng,212,Burglary at residential premises,86,Increased,Robbery with aggravating circumstances:77; Burglary at residential premises:86; Theft of motor vehicle and motorcycle:39; Carjacking:10; Truck hijacking:0,0.3907
Soshanguve,Tshwane District,Gauteng,209,Burglary at residential premises,119,Decreased,Robbery with aggravating circumstances:70; Burglary at residential premises:119; Theft of motor vehicle and motorcycle:9; Carjacking:11; Truck hijacking:0,0.3849
Kleinvlei,City of Cape Town District,Western Cape,206,Robbery with aggravating circumstances,86,Decreased,Robbery with aggravating circumstances:86; Burglary at residential premises:84; Theft of motor vehicle and motorcycle:21; Carjacking:15; Truck hijacking:0,0.3791
Ennerdale,Johannesburg District,Gauteng,205,Robbery with aggravating circumstances,104,Decreased,Robbery with aggravating circumstances:104; Burglary at residential premises:62; Theft of motor vehicle and motorcycle:4; Carjacking:35; Truck hijacking:0,0.3772
Olievenhoutbosch,Tshwane District,Gauteng,203,Robbery with aggravating circumstances,101,Decreased,Robbery with aggravating circumstances:101; Burglary at residential premises:37; Theft of motor vehicle and motorcycle:29; Carjacking:32; Truck hijacking:4,0.3733
Lyttelton,Tshwane District,Gauteng,202,Burglary at residential premises,80,Decreased,Robbery with aggravating circumstances:48; Burglary at residential premises:80; Theft of motor vehicle and motorcycle:60; Carjacking:11; Truck hijacking:3,0.3714
Kugompo,Buffalo City District,Eastern Cape,201,Burglary at residential premises,96,Increased,Robbery with aggravating circumstances:88; Burglary at residential premises:96; Theft of motor vehicle and motorcycle:11; Carjacking:6; Truck hijacking:0,0.3694
Orlando,Johannesburg District,Gauteng,199,Robbery with aggravating circumstances,108,Decreased,Robbery with aggravating circumstances:108; Burglary at residential premises:54; Theft of motor vehicle and motorcycle:25; Carjacking:12; Truck hijacking:0,0.3656
Moffatview,Johannesburg District,Gauteng,189,Robbery with aggravating circumstances,91,Decreased,Robbery with aggravating circumstances:91; Burglary at residential premises:53; Theft of motor vehicle and motorcycle:27; Carjacking:18; Truck hijacking:0,0.3462
Ikageng,Dr Kenneth Kaunda District,North West,189,Burglary at residential premises,145,Decreased,Robbery with aggravating circumstances:41; Burglary at residential premises:145; Theft of motor vehicle and motorcycle:3; Carjacking:0; Truck hijacking:0,0.3462
De Deur,Sedibeng District,Gauteng,189,Robbery with aggravating circumstances,81,Increased,Robbery with aggravating circumstances:81; Burglary at residential premises:63; Theft of motor vehicle and motorcycle:16; Carjacking:26; Truck hijacking:3,0.3462
Boitekong,Bojanala District,North West,187,Robbery with aggravating circumstances,110,Increased,Robbery with aggravating circumstances:110; Burglary at residential premises:50; Theft of motor vehicle and motorcycle:21; Carjacking:6; Truck hijacking:0,0.3424
Polokwane,Capricorn District,Limpopo,184,Robbery with aggravating circumstances,102,Increased,Robbery with aggravating circumstances:102; Burglary at residential premises:64; Theft of motor vehicle and motorcycle:16; Carjacking:2; Truck hijacking:0,0.3366
Klerksdorp,Dr Kenneth Kaunda District,North West,184,Burglary at residential premises,106,Increased,Robbery with aggravating circumstances:59; Burglary at residential premises:106; Theft of motor vehicle and motorcycle:14; Carjacking:5; Truck hijacking:0,0.3366
Cleveland,Johannesburg District,Gauteng,184,Robbery with aggravating circumstances,114,Increased,Robbery with aggravating circumstances:114; Burglary at residential premises:16; Theft of motor vehicle and motorcycle:27; Carjacking:23; Truck hijacking:4,0.3366
Letlhabile,Bojanala District,North West,181,Burglary at residential premises,101,Increased,Robbery with aggravating circumstances:78; Burglary at residential premises:101; Theft of motor vehicle and motorcycle:2; Carjacking:0; Truck hijacking:0,0.3308
Mmabatho,Ngaka Modiri Molema District,North West,180,Burglary at residential premises,119,Decreased,Robbery with aggravating circumstances:51; Burglary at residential premises:119; Theft of motor vehicle and motorcycle:6; Carjacking:0; Truck hijacking:4,0.3288
Kwamakhutha,eThekwini District,KwaZulu-Natal,176,Burglary at residential premises,86,Increased,Robbery with aggravating circumstances:71; Burglary at residential premises:86; Theft of motor vehicle and motorcycle:3; Carjacking:16; Truck hijacking:0,0.3211
Meadowlands,Johannesburg District,Gauteng,175,Robbery with aggravating circumstances,102,Increased,Robbery with aggravating circumstances:102; Burglary at residential premises:41; Theft of motor vehicle and motorcycle:15; Carjacking:17; Truck hijacking:0,0.3191
Randburg,Johannesburg District,Gauteng,172,Robbery with aggravating circumstances,70,Decreased,Robbery with aggravating circumstances:70; Burglary at residential premises:53; Theft of motor vehicle and motorcycle:33; Carjacking:12; Truck hijacking:4,0.3133
Diepsloot,Johannesburg District,Gauteng,172,Robbery with aggravating circumstances,94,Decreased,Robbery with aggravating circumstances:94; Burglary at residential premises:33; Theft of motor vehicle and motorcycle:24; Carjacking:21; Truck hijacking:0,0.3133
Port Shepstone,Ugu District,KwaZulu-Natal,171,Burglary at residential premises,127,Increased,Robbery with aggravating circumstances:37; Burglary at residential premises:127; Theft of motor vehicle and motorcycle:4; Carjacking:2; Truck hijacking:1,0.3114
Roodepan,Frances Baard District,Northern Cape,171,Burglary at residential premises,147,Increased,Robbery with aggravating circumstances:22; Burglary at residential premises:147; Theft of motor vehicle and motorcycle:2; Carjacking:0; Truck hijacking:0,0.3114
Middelburg Mpumalang,Nkangala District,Mpumalanga,169,Burglary at residential premises,98,Decreased,Robbery with aggravating circumstances:53; Burglary at residential premises:98; Theft of motor vehicle and motorcycle:15; Carjacking:3; Truck hijacking:0,0.3075
Makhaza,City of Cape Town District,Western Cape,168,Robbery with aggravating circumstances,114,Decreased,Robbery with aggravating circumstances:114; Burglary at residential premises:31; Theft of motor vehicle and motorcycle:12; Carjacking:11; Truck hijacking:0,0.3056
Kwadabeka,eThekwini District,KwaZulu-Natal,166,Robbery with aggravating circumstances,81,Decreased,Robbery with aggravating circumstances:81; Burglary at residential premises:62; Theft of motor vehicle and motorcycle:12; Carjacking:11; Truck hijacking:0,0.3017
Margate,Ugu District,KwaZulu-Natal,164,Burglary at residential premises,125,Increased,Robbery with aggravating circumstances:30; Burglary at residential premises:125; Theft of motor vehicle and motorcycle:8; Carjacking:0; Truck hijacking:1,0.2979
Richards Bay,King Cetshwayo District,KwaZulu-Natal,162,Burglary at residential premises,108,Decreased,Robbery with aggravating circumstances:42; Burglary at residential premises:108; Theft of motor vehicle and motorcycle:8; Carjacking:3; Truck hijacking:1,0.294
Brixton,Johannesburg District,Gauteng,162,Robbery with aggravating circumstances,73,Decreased,Robbery with aggravating circumstances:73; Burglary at residential premises:49; Theft of motor vehicle and motorcycle:39; Carjacking:1; Truck hijacking:0,0.294
Mogwase,Bojanala District,North West,160,Burglary at residential premises,84,Decreased,Robbery with aggravating circumstances:62; Burglary at residential premises:84; Theft of motor vehicle and motorcycle:10; Carjacking:4; Truck hijacking:0,0.2901
Osizweni,Amajuba District,KwaZulu-Natal,159,Burglary at residential premises,100,Decreased,Robbery with aggravating circumstances:55; Burglary at residential premises:100; Theft of motor vehicle and motorcycle:4; Carjacking:0; Truck hijacking:0,0.2882
Heidelberg (Gp),Sedibeng District,Gauteng,159,Robbery with aggravating circumstances,73,Increased,Robbery with aggravating circumstances:73; Burglary at residential premises:32; Theft of motor vehicle and motorcycle:24; Carjacking:26; Truck hijacking:4,0.2882
Galeshewe,Frances Baard District,Northern Cape,158,Burglary at residential premises,110,Stabilized,Robbery with aggravating circumstances:45; Burglary at residential premises:110; Theft of motor vehicle and motorcycle:3; Carjacking:0; Truck hijacking:0,0.2863
Mthatha,OR Tambo District,Eastern Cape,157,Burglary at residential premises,87,Decreased,Robbery with aggravating circumstances:52; Burglary at residential premises:87; Theft of motor vehicle and motorcycle:11; Carjacking:7; Truck hijacking:0,0.2843
Kwamhlanga,Nkangala District,Mpumalanga,157,Burglary at residential premises,82,Increased,Robbery with aggravating circumstances:56; Burglary at residential premises:82; Theft of motor vehicle and motorcycle:10; Carjacking:9; Truck hijacking:0,0.2843
Welkom,Lejweleputswa District,Free State,156,Burglary at residential premises,85,Decreased,Robbery with aggravating circumstances:55; Burglary at residential premises:85; Theft of motor vehicle and motorcycle:13; Carjacking:3; Truck hijacking:0,0.2824
Rabie Ridge,Ekurhuleni District,Gauteng,154,Robbery with aggravating circumstances,74,Decreased,Robbery with aggravating circumstances:74; Burglary at residential premises:40; Theft of motor vehicle and motorcycle:18; Carjacking:17; Truck hijacking:5,0.2785
Diepkloof,Johannesburg District,Gauteng,153,Robbery with aggravating circumstances,95,Decreased,Robbery with aggravating circumstances:95; Burglary at residential premises:31; Theft of motor vehicle and motorcycle:15; Carjacking:11; Truck hijacking:1,0.2766
Tembisa South,Ekurhuleni District,Gauteng,152,Robbery with aggravating circumstances,85,Decreased,Robbery with aggravating circumstances:85; Burglary at residential premises:32; Theft of motor vehicle and motorcycle:13; Carjacking:22; Truck hijacking:0,0.2747
Cato Manor,eThekwini District,KwaZulu-Natal,151,Robbery with aggravating circumstances,71,Increased,Robbery with aggravating circumstances:71; Burglary at residential premises:38; Theft of motor vehicle and motorcycle:28; Carjacking:14; Truck hijacking:0,0.2727
Greenwood Park,eThekwini District,KwaZulu-Natal,150,Robbery with aggravating circumstances,71,Decreased,Robbery with aggravating circumstances:71; Burglary at residential premises:45; Theft of motor vehicle and motorcycle:26; Carjacking:7; Truck hijacking:1,0.2708
Philippi East,City of Cape Town District,Western Cape,150,Robbery with aggravating circumstances,117,Decreased,Robbery with aggravating circumstances:117; Burglary at residential premises:13; Theft of motor vehicle and motorcycle:7; Carjacking:13; Truck hijacking:0,0.2708
Hercules,Tshwane District,Gauteng,149,Burglary at residential premises,57,Decreased,Robbery with aggravating circumstances:39; Burglary at residential premises:57; Theft of motor vehicle and motorcycle:39; Carjacking:10; Truck hijacking:4,0.2689
Gugulethu,City of Cape Town District,Western Cape,147,Robbery with aggravating circumstances,78,Decreased,Robbery with aggravating circumstances:78; Burglary at residential premises:49; Theft of motor vehicle and motorcycle:6; Carjacking:13; Truck hijacking:1,0.265
Kuilsrivier,City of Cape Town District,Western Cape,147,Burglary at residential premises,89,Decreased,Robbery with aggravating circumstances:39; Burglary at residential premises:89; Theft of motor vehicle and motorcycle:17; Carjacking:2; Truck hijacking:0,0.265
Mabopane,Tshwane District,Gauteng,145,Burglary at residential premises,74,Increased,Robbery with aggravating circumstances:59; Burglary at residential premises:74; Theft of motor vehicle and motorcycle:5; Carjacking:7; Truck hijacking:0,0.2611
Mohlakeng,West Rand District,Gauteng,142,Burglary at residential premises,68,Increased,Robbery with aggravating circumstances:54; Burglary at residential premises:68; Theft of motor vehicle and motorcycle:14; Carjacking:4; Truck hijacking:2,0.2553
Kwamashu E,eThekwini District,KwaZulu-Natal,142,Robbery with aggravating circumstances,80,Decreased,Robbery with aggravating circumstances:80; Burglary at residential premises:39; Theft of motor vehicle and motorcycle:13; Carjacking:10; Truck hijacking:0,0.2553
Sophia Town,Johannesburg District,Gauteng,140,Robbery with aggravating circumstances,65,Decreased,Robbery with aggravating circumstances:65; Burglary at residential premises:43; Theft of motor vehicle and motorcycle:27; Carjacking:5; Truck hijacking:0,0.2515
Giyani,Mopani District,Limpopo,138,Burglary at residential premises,73,Decreased,Robbery with aggravating circumstances:59; Burglary at residential premises:73; Theft of motor vehicle and motorcycle:1; Carjacking:5; Truck hijacking:0,0.2476
Doornkop,Johannesburg District,Gauteng,137,Robbery with aggravating circumstances,61,Increased,Robbery with aggravating circumstances:61; Burglary at residential premises:44; Theft of motor vehicle and motorcycle:11; Carjacking:21; Truck hijacking:0,0.2456
Kabega Park,Nelson Mandela District,Eastern Cape,137,Burglary at residential premises,90,Decreased,Robbery with aggravating circumstances:30; Burglary at residential premises:90; Theft of motor vehicle and motorcycle:16; Carjacking:1; Truck hijacking:0,0.2456
New Brighton,Nelson Mandela District,Eastern Cape,137,Robbery with aggravating circumstances,82,Decreased,Robbery with aggravating circumstances:82; Burglary at residential premises:28; Theft of motor vehicle and motorcycle:4; Carjacking:23; Truck hijacking:0,0.2456
Kwadwesi,Nelson Mandela District,Eastern Cape,136,Robbery with aggravating circumstances,97,Increased,Robbery with aggravating circumstances:97; Burglary at residential premises:24; Theft of motor vehicle and motorcycle:3; Carjacking:12; Truck hijacking:0,0.2437
Kwazakele,Nelson Mandela District,Eastern Cape,136,Robbery with aggravating circumstances,81,Decreased,Robbery with aggravating circumstances:81; Burglary at residential premises:27; Theft of motor vehicle and motorcycle:3; Carjacking:25; Truck hijacking:0,0.2437
Jouberton,Dr Kenneth Kaunda District,North West,134,Burglary at residential premises,75,Decreased,Robbery with aggravating circumstances:54; Burglary at residential premises:75; Theft of motor vehicle and motorcycle:3; Carjacking:2; Truck hijacking:0,0.2398
Mahikeng,Ngaka Modiri Molema District,North West,134,Burglary at residential premises,65,Decreased,Robbery with aggravating circumstances:60; Burglary at residential premises:65; Theft of motor vehicle and motorcycle:4; Carjacking:4; Truck hijacking:1,0.2398
Pienaar,Ehlanzeni District,Mpumalanga,134,Robbery with aggravating circumstances,70,Increased,Robbery with aggravating circumstances:70; Burglary at residential premises:54; Theft of motor vehicle and motorcycle:5; Carjacking:5; Truck hijacking:0,0.2398
Lwandle,City of Cape Town District,Western Cape,133,Robbery with aggravating circumstances,75,Decreased,Robbery with aggravating circumstances:75; Burglary at residential premises:38; Theft of motor vehicle and motorcycle:15; Carjacking:5; Truck hijacking:0,0.2379
Phokeng,Bojanala District,North West,133,Burglary at residential premises,63,Decreased,Robbery with aggravating circumstances:52; Burglary at residential premises:63; Theft of motor vehicle and motorcycle:16; Carjacking:2; Truck hijacking:0,0.2379
Kliptown,Johannesburg District,Gauteng,133,Robbery with aggravating circumstances,86,Decreased,Robbery with aggravating circumstances:86; Burglary at residential premises:29; Theft of motor vehicle and motorcycle:7; Carjacking:11; Truck hijacking:0,0.2379
Berea,eThekwini District,KwaZulu-Natal,132,Theft of motor vehicle and motorcycle,67,Increased,Robbery with aggravating circumstances:25; Burglary at residential premises:40; Theft of motor vehicle and motorcycle:67; Carjacking:0; Truck hijacking:0,0.236
Jabulani,Johannesburg District,Gauteng,131,Robbery with aggravating circumstances,58,Decreased,Robbery with aggravating circumstances:58; Burglary at residential premises:30; Theft of motor vehicle and motorcycle:20; Carjacking:23; Truck hijacking:0,0.234
Bhekithemba,eThekwini District,KwaZulu-Natal,130,Robbery with aggravating circumstances,64,Decreased,Robbery with aggravating circumstances:64; Burglary at residential premises:37; Theft of motor vehicle and motorcycle:7; Carjacking:18; Truck hijacking:4,0.2321
Hartbeespoortdam,Bojanala District,North West,130,Burglary at residential premises,61,Decreased,Robbery with aggravating circumstances:33; Burglary at residential premises:61; Theft of motor vehicle and motorcycle:30; Carjacking:6; Truck hijacking:0,0.2321
Sebokeng,Sedibeng District,Gauteng,128,Robbery with aggravating circumstances,73,Increased,Robbery with aggravating circumstances:73; Burglary at residential premises:32; Theft of motor vehicle and motorcycle:5; Carjacking:17; Truck hijacking:1,0.2282
Langlaagte,Johannesburg District,Gauteng,127,Robbery with aggravating circumstances,81,Increased,Robbery with aggravating circumstances:81; Burglary at residential premises:29; Theft of motor vehicle and motorcycle:7; Carjacking:9; Truck hijacking:1,0.2263
Kagisanong,Mangaung District,Free State,126,Burglary at residential premises,88,Increased,Robbery with aggravating circumstances:34; Burglary at residential premises:88; Theft of motor vehicle and motorcycle:3; Carjacking:1; Truck hijacking:0,0.2244
Duncan Village,Buffalo City District,Eastern Cape,126,Burglary at residential premises,86,Increased,Robbery with aggravating circumstances:37; Burglary at residential premises:86; Theft of motor vehicle and motorcycle:2; Carjacking:1; Truck hijacking:0,0.2244
Cambridge,Buffalo City District,Eastern Cape,125,Burglary at residential premises,91,Decreased,Robbery with aggravating circumstances:24; Burglary at residential premises:91; Theft of motor vehicle and motorcycle:8; Carjacking:2; Truck hijacking:0,0.2224
Mpumalanga KZN,eThekwini District,KwaZulu-Natal,125,Robbery with aggravating circumstances,74,Decreased,Robbery with aggravating circumstances:74; Burglary at residential premises:40; Theft of motor vehicle and motorcycle:3; Carjacking:8; Truck hijacking:0,0.2224
Edenpark,Ekurhuleni District,Gauteng,125,Burglary at residential premises,55,Increased,Robbery with aggravating circumstances:46; Burglary at residential premises:55; Theft of motor vehicle and motorcycle:12; Carjacking:10; Truck hijacking:2,0.2224
Thabong,Lejweleputswa District,Free State,125,Robbery with aggravating circumstances,59,Decreased,Robbery with aggravating circumstances:59; Burglary at residential premises:58; Theft of motor vehicle and motorcycle:4; Carjacking:4; Truck hijacking:0,0.2224
Sandringham,Johannesburg District,Gauteng,124,Robbery with aggravating circumstances,60,Decreased,Robbery with aggravating circumstances:60; Burglary at residential premises:19; Theft of motor vehicle and motorcycle:22; Carjacking:22; Truck hijacking:1,0.2205
Ga-Rankuwa,Tshwane District,Gauteng,123,Burglary at residential premises,62,Decreased,Robbery with aggravating circumstances:50; Burglary at residential premises:62; Theft of motor vehicle and motorcycle:5; Carjacking:6; Truck hijacking:0,0.2186
Olifantsfontein,Ekurhuleni District,Gauteng,123,Robbery with aggravating circumstances,73,Decreased,Robbery with aggravating circumstances:73; Burglary at residential premises:21; Theft of motor vehicle and motorcycle:8; Carjacking:14; Truck hijacking:7,0.2186
Kabokweni,Ehlanzeni District,Mpumalanga,122,Robbery with aggravating circumstances,65,Decreased,Robbery with aggravating circumstances:65; Burglary at residential premises:44; Theft of motor vehicle and motorcycle:6; Carjacking:7; Truck hijacking:0,0.2166
Thembalethu,Garden Route District,Western Cape,122,Burglary at residential premises,69,Stabilized,Robbery with aggravating circumstances:48; Burglary at residential premises:69; Theft of motor vehicle and motorcycle:3; Carjacking:2; Truck hijacking:0,0.2166
Westonaria,West Rand District,Gauteng,122,Robbery with aggravating circumstances,51,Stabilized,Robbery with aggravating circumstances:51; Burglary at residential premises:31; Theft of motor vehicle and motorcycle:12; Carjacking:25; Truck hijacking:3,0.2166
Isipingo,eThekwini District,KwaZulu-Natal,122,Robbery with aggravating circumstances,57,Decreased,Robbery with aggravating circumstances:57; Burglary at residential premises:23; Theft of motor vehicle and motorcycle:29; Carjacking:12; Truck hijacking:1,0.2166
Eshowe,King Cetshwayo District,KwaZulu-Natal,121,Burglary at residential premises,80,Increased,Robbery with aggravating circumstances:36; Burglary at residential premises:80; Theft of motor vehicle and motorcycle:1; Carjacking:4; Truck hijacking:0,0.2147
Tlhabane,Bojanala District,North West,120,Burglary at residential premises,60,Decreased,Robbery with aggravating circumstances:44; Burglary at residential premises:60; Theft of motor vehicle and motorcycle:11; Carjacking:5; Truck hijacking:0,0.2128
Madadeni,Amajuba District,KwaZulu-Natal,117,Burglary at residential premises,65,Decreased,Robbery with aggravating circumstances:51; Burglary at residential premises:65; Theft of motor vehicle and motorcycle:1; Carjacking:0; Truck hijacking:0,0.207
Vryheid,Zululand District,KwaZulu-Natal,115,Burglary at residential premises,81,Increased,Robbery with aggravating circumstances:32; Burglary at residential premises:81; Theft of motor vehicle and motorcycle:1; Carjacking:1; Truck hijacking:0,0.2031
Gamalakhe,Ugu District,KwaZulu-Natal,113,Burglary at residential premises,93,Increased,Robbery with aggravating circumstances:17; Burglary at residential premises:93; Theft of motor vehicle and motorcycle:1; Carjacking:2; Truck hijacking:0,0.1992
Yeoville,Johannesburg District,Gauteng,113,Robbery with aggravating circumstances,82,Increased,Robbery with aggravating circumstances:82; Burglary at residential premises:5; Theft of motor vehicle and motorcycle:11; Carjacking:15; Truck hijacking:0,0.1992
Kagisho,Frances Baard District,Northern Cape,112,Burglary at residential premises,93,Increased,Robbery with aggravating circumstances:13; Burglary at residential premises:93; Theft of motor vehicle and motorcycle:3; Carjacking:3; Truck hijacking:0,0.1973
Dennilton,Sekhukhune District,Limpopo,112,Burglary at residential premises,79,Increased,Robbery with aggravating circumstances:28; Burglary at residential premises:79; Theft of motor vehicle and motorcycle:2; Carjacking:2; Truck hijacking:1,0.1973
Esikhaleni,King Cetshwayo District,KwaZulu-Natal,112,Burglary at residential premises,67,Decreased,Robbery with aggravating circumstances:40; Burglary at residential premises:67; Theft of motor vehicle and motorcycle:3; Carjacking:2; Truck hijacking:0,0.1973
Kwanobuhle,Nelson Mandela District,Eastern Cape,110,Burglary at residential premises,61,Decreased,Robbery with aggravating circumstances:43; Burglary at residential premises:61; Theft of motor vehicle and motorcycle:1; Carjacking:5; Truck hijacking:0,0.1934
Qonce,Buffalo City District,Eastern Cape,108,Burglary at residential premises,64,Increased,Robbery with aggravating circumstances:44; Burglary at residential premises:64; Theft of motor vehicle and motorcycle:0; Carjacking:0; Truck hijacking:0,0.1896
Lebowakgomo,Capricorn District,Limpopo,107,Burglary at residential premises,61,Decreased,Robbery with aggravating circumstances:42; Burglary at residential premises:61; Theft of motor vehicle and motorcycle:2; Carjacking:2; Truck hijacking:0,0.1876
Elsburg,Ekurhuleni District,Gauteng,107,Robbery with aggravating circumstances,43,Decreased,Robbery with aggravating circumstances:43; Burglary at residential premises:28; Theft of motor vehicle and motorcycle:23; Carjacking:12; Truck hijacking:1,0.1876
Mtunzini,King Cetshwayo District,KwaZulu-Natal,106,Burglary at residential premises,54,Increased,Robbery with aggravating circumstances:47; Burglary at residential premises:54; Theft of motor vehicle and motorcycle:1; Carjacking:4; Truck hijacking:0,0.1857
Bekkersdal,West Rand District,Gauteng,106,Robbery with aggravating circumstances,49,Decreased,Robbery with aggravating circumstances:49; Burglary at residential premises:40; Theft of motor vehicle and motorcycle:1; Carjacking:15; Truck hijacking:1,0.1857
Kokstad,Harry Gwala District,KwaZulu-Natal,105,Burglary at residential premises,87,Increased,Robbery with aggravating circumstances:17; Burglary at residential premises:87; Theft of motor vehicle and motorcycle:1; Carjacking:0; Truck hijacking:0,0.1838
Bushbuckridge,Ehlanzeni District,Mpumalanga,103,Burglary at residential premises,51,Increased,Robbery with aggravating circumstances:42; Burglary at residential premises:51; Theft of motor vehicle and motorcycle:3; Carjacking:7; Truck hijacking:0,0.1799
Boithuso,Mangaung District,Free State,102,Burglary at residential premises,65,Increased,Robbery with aggravating circumstances:36; Burglary at residential premises:65; Theft of motor vehicle and motorcycle:1; Carjacking:0; Truck hijacking:0,0.1779
Mayville-Kzn,eThekwini District,KwaZulu-Natal,102,Theft of motor vehicle and motorcycle,45,Increased,Robbery with aggravating circumstances:32; Burglary at residential premises:23; Theft of motor vehicle and motorcycle:45; Carjacking:2; Truck hijacking:0,0.1779
Etwatwa,Ekurhuleni District,Gauteng,101,Robbery with aggravating circumstances,45,Decreased,Robbery with aggravating circumstances:45; Burglary at residential premises:42; Theft of motor vehicle and motorcycle:3; Carjacking:11; Truck hijacking:0,0.176
Makapanstad,Bojanala District,North West,101,Burglary at residential premises,69,Increased,Robbery with aggravating circumstances:26; Burglary at residential premises:69; Theft of motor vehicle and motorcycle:1; Carjacking:5; Truck hijacking:0,0.176
Umhlali,Ilembe District,KwaZulu-Natal,100,Robbery with aggravating circumstances,56,Increased,Robbery with aggravating circumstances:56; Burglary at residential premises:32; Theft of motor vehicle and motorcycle:9; Carjacking:3; Truck hijacking:0,0.1741
Westenburg,Capricorn District,Limpopo,100,Robbery with aggravating circumstances,52,Increased,Robbery with aggravating circumstances:52; Burglary at residential premises:42; Theft of motor vehicle and motorcycle:6; Carjacking:0; Truck hijacking:0,0.1741
Bishop Lavis,City of Cape Town District,Western Cape,99,Burglary at residential premises,45,Increased,Robbery with aggravating circumstances:44; Burglary at residential premises:45; Theft of motor vehicle and motorcycle:7; Carjacking:3; Truck hijacking:0,0.1721
Zamdela,Fezile Dabi District,Free State,99,Burglary at residential premises,46,Decreased,Robbery with aggravating circumstances:39; Burglary at residential premises:46; Theft of motor vehicle and motorcycle:11; Carjacking:3; Truck hijacking:0,0.1721
Lusikisiki,OR Tambo District,Eastern Cape,99,Robbery with aggravating circumstances,49,Decreased,Robbery with aggravating circumstances:49; Burglary at residential premises:39; Theft of motor vehicle and motorcycle:5; Carjacking:5; Truck hijacking:1,0.1721
Harrismith,Thabo Mofutsanyana District,Free State,98,Burglary at residential premises,72,Increased,Robbery with aggravating circumstances:25; Burglary at residential premises:72; Theft of motor vehicle and motorcycle:1; Carjacking:0; Truck hijacking:0,0.1702
Witrivier,Ehlanzeni District,Mpumalanga,98,Burglary at residential premises,51,Increased,Robbery with aggravating circumstances:36; Burglary at residential premises:51; Theft of motor vehicle and motorcycle:8; Carjacking:3; Truck hijacking:0,0.1702
Ventersdorp,Dr Kenneth Kaunda District,North West,97,Burglary at residential premises,76,Increased,Robbery with aggravating circumstances:18; Burglary at residential premises:76; Theft of motor vehicle and motorcycle:3; Carjacking:0; Truck hijacking:0,0.1683
Crystalpark,Ekurhuleni District,Gauteng,97,Robbery with aggravating circumstances,45,Increased,Robbery with aggravating circumstances:45; Burglary at residential premises:27; Theft of motor vehicle and motorcycle:14; Carjacking:11; Truck hijacking:0,0.1683
Maake,Mopani District,Limpopo,95,Burglary at residential premises,59,Decreased,Robbery with aggravating circumstances:33; Burglary at residential premises:59; Theft of motor vehicle and motorcycle:1; Carjacking:2; Truck hijacking:0,0.1644
Hebron,Bojanala District,North West,94,Burglary at residential premises,47,Decreased,Robbery with aggravating circumstances:36; Burglary at residential premises:47; Theft of motor vehicle and motorcycle:4; Carjacking:7; Truck hijacking:0,0.1625
Sundumbili,Ilembe District,KwaZulu-Natal,94,Burglary at residential premises,69,Increased,Robbery with aggravating circumstances:25; Burglary at residential premises:69; Theft of motor vehicle and motorcycle:0; Carjacking:0; Truck hijacking:0,0.1625
Calcutta,Ehlanzeni District,Mpumalanga,94,Burglary at residential premises,41,Decreased,Robbery with aggravating circumstances:40; Burglary at residential premises:41; Theft of motor vehicle and motorcycle:5; Carjacking:8; Truck hijacking:0,0.1625
Masoyi,Ehlanzeni District,Mpumalanga,93,Robbery with aggravating circumstances,44,Increased,Robbery with aggravating circumstances:44; Burglary at residential premises:38; Theft of motor vehicle and motorcycle:7; Carjacking:3; Truck hijacking:1,0.1605
Bloemspruit,Mangaung District,Free State,92,Burglary at residential premises,58,Decreased,Robbery with aggravating circumstances:30; Burglary at residential premises:58; Theft of motor vehicle and motorcycle:3; Carjacking:1; Truck hijacking:0,0.1586
Wolmaransstad,Dr Kenneth Kaunda District,North West,91,Burglary at residential premises,58,Increased,Robbery with aggravating circumstances:32; Burglary at residential premises:58; Theft of motor vehicle and motorcycle:1; Carjacking:0; Truck hijacking:0,0.1567
Kwa Thema,Ekurhuleni District,Gauteng,90,Burglary at residential premises,46,Increased,Robbery with aggravating circumstances:34; Burglary at residential premises:46; Theft of motor vehicle and motorcycle:2; Carjacking:8; Truck hijacking:0,0.1547
Malamulele,Vhembe District,Limpopo,90,Burglary at residential premises,49,Decreased,Robbery with aggravating circumstances:36; Burglary at residential premises:49; Theft of motor vehicle and motorcycle:0; Carjacking:5; Truck hijacking:0,0.1547
Mount Road,Nelson Mandela District,Eastern Cape,90,Robbery with aggravating circumstances,56,Decreased,Robbery with aggravating circumstances:56; Burglary at residential premises:15; Theft of motor vehicle and motorcycle:9; Carjacking:10; Truck hijacking:0,0.1547
Sonskyn,Mangaung District,Free State,90,Burglary at residential premises,50,Increased,Robbery with aggravating circumstances:39; Burglary at residential premises:50; Theft of motor vehicle and motorcycle:1; Carjacking:0; Truck hijacking:0,0.1547
Boschkop,Tshwane District,Gauteng,90,Robbery with aggravating circumstances,31,Increased,Robbery with aggravating circumstances:31; Burglary at residential premises:31; Theft of motor vehicle and motorcycle:25; Carjacking:3; Truck hijacking:0,0.1547
Naledi,Johannesburg District,Gauteng,90,Robbery with aggravating circumstances,35,Decreased,Robbery with aggravating circumstances:35; Burglary at residential premises:28; Theft of motor vehicle and motorcycle:10; Carjacking:17; Truck hijacking:0,0.1547
Ritavi,Mopani District,Limpopo,90,Burglary at residential premises,54,Increased,Robbery with aggravating circumstances:29; Burglary at residential premises:54; Theft of motor vehicle and motorcycle:3; Carjacking:4; Truck hijacking:0,0.1547
Paarl East,Cape Winelands District,Western Cape,89,Burglary at residential premises,47,Decreased,Robbery with aggravating circumstances:37; Burglary at residential premises:47; Theft of motor vehicle and motorcycle:4; Carjacking:1; Truck hijacking:0,0.1528
Atlantis,City of Cape Town District,Western Cape,87,Burglary at residential premises,55,Stabilized,Robbery with aggravating circumstances:29; Burglary at residential premises:55; Theft of motor vehicle and motorcycle:2; Carjacking:1; Truck hijacking:0,0.1489
Conville,Garden Route District,Western Cape,86,Burglary at residential premises,60,Increased,Robbery with aggravating circumstances:26; Burglary at residential premises:60; Theft of motor vehicle and motorcycle:0; Carjacking:0; Truck hijacking:0,0.147
Botshabelo,Mangaung District,Free State,86,Burglary at residential premises,53,Increased,Robbery with aggravating circumstances:31; Burglary at residential premises:53; Theft of motor vehicle and motorcycle:1; Carjacking:1; Truck hijacking:0,0.147
Musina,Vhembe District,Limpopo,86,Robbery with aggravating circumstances,45,Increased,Robbery with aggravating circumstances:45; Burglary at residential premises:38; Theft of motor vehicle and motorcycle:1; Carjacking:2; Truck hijacking:0,0.147
Maokeng,Fezile Dabi District,Free State,85,Burglary at residential premises,59,Increased,Robbery with aggravating circumstances:21; Burglary at residential premises:59; Theft of motor vehicle and motorcycle:5; Carjacking:0; Truck hijacking:0,0.1451
Goodwood,City of Cape Town District,Western Cape,85,Robbery with aggravating circumstances,37,Decreased,Robbery with aggravating circumstances:37; Burglary at residential premises:27; Theft of motor vehicle and motorcycle:16; Carjacking:5; Truck hijacking:0,0.1451
Hibberdene,Ugu District,KwaZulu-Natal,85,Burglary at residential premises,57,Decreased,Robbery with aggravating circumstances:23; Burglary at residential premises:57; Theft of motor vehicle and motorcycle:3; Carjacking:1; Truck hijacking:1,0.1451
Mahwelereng,Waterberg District,Limpopo,85,Burglary at residential premises,59,Decreased,Robbery with aggravating circumstances:25; Burglary at residential premises:59; Theft of motor vehicle and motorcycle:0; Carjacking:0; Truck hijacking:1,0.1451
Katlehong,Ekurhuleni District,Gauteng,84,Robbery with aggravating circumstances,37,Decreased,Robbery with aggravating circumstances:37; Burglary at residential premises:34; Theft of motor vehicle and motorcycle:2; Carjacking:11; Truck hijacking:0,0.1431
Phuthaditjhaba,Thabo Mofutsanyana District,Free State,84,Burglary at residential premises,43,Decreased,Robbery with aggravating circumstances:39; Burglary at residential premises:43; Theft of motor vehicle and motorcycle:2; Carjacking:0; Truck hijacking:0,0.1431
Kwandengezi,eThekwini District,KwaZulu-Natal,83,Robbery with aggravating circumstances,44,Increased,Robbery with aggravating circumstances:44; Burglary at residential premises:33; Theft of motor vehicle and motorcycle:2; Carjacking:4; Truck hijacking:0,0.1412
Putfontein,Ekurhuleni District,Gauteng,83,Robbery with aggravating circumstances,47,Decreased,Robbery with aggravating circumstances:47; Burglary at residential premises:28; Theft of motor vehicle and motorcycle:1; Carjacking:7; Truck hijacking:0,0.1412
Embalenhle,Gert Sibande District,Mpumalanga,83,Burglary at residential premises,46,Decreased,Robbery with aggravating circumstances:31; Burglary at residential premises:46; Theft of motor vehicle and motorcycle:5; Carjacking:1; Truck hijacking:0,0.1412
Elsies River,City of Cape Town District,Western Cape,83,Robbery with aggravating circumstances,38,Decreased,Robbery with aggravating circumstances:38; Burglary at residential premises:25; Theft of motor vehicle and motorcycle:15; Carjacking:5; Truck hijacking:0,0.1412
Taylors Halt,Umgungundlovu District,KwaZulu-Natal,82,Burglary at residential premises,74,Increased,Robbery with aggravating circumstances:6; Burglary at residential premises:74; Theft of motor vehicle and motorcycle:1; Carjacking:0; Truck hijacking:1,0.1393
Pretoria Moot,Tshwane District,Gauteng,81,Burglary at residential premises,35,Increased,Robbery with aggravating circumstances:12; Burglary at residential premises:35; Theft of motor vehicle and motorcycle:33; Carjacking:1; Truck hijacking:0,0.1373
Lichtenburg,Ngaka Modiri Molema District,North West,81,Burglary at residential premises,60,Increased,Robbery with aggravating circumstances:16; Burglary at residential premises:60; Theft of motor vehicle and motorcycle:5; Carjacking:0; Truck hijacking:0,0.1373
Joza,Sarah Baartman District,Eastern Cape,81,Burglary at residential premises,71,Increased,Robbery with aggravating circumstances:10; Burglary at residential premises:71; Theft of motor vehicle and motorcycle:0; Carjacking:0; Truck hijacking:0,0.1373
Siyabuswa,Nkangala District,Mpumalanga,80,Burglary at residential premises,38,Decreased,Robbery with aggravating circumstances:37; Burglary at residential premises:38; Theft of motor vehicle and motorcycle:1; Carjacking:3; Truck hijacking:1,0.1354
Marikana,Bojanala District,North West,80,Burglary at residential premises,37,Increased,Robbery with aggravating circumstances:31; Burglary at residential premises:37; Theft of motor vehicle and motorcycle:10; Carjacking:2; Truck hijacking:0,0.1354
Pongola,Zululand District,KwaZulu-Natal,80,Burglary at residential premises,44,Decreased,Robbery with aggravating circumstances:35; Burglary at residential premises:44; Theft of motor vehicle and motorcycle:0; Carjacking:1; Truck hijacking:0,0.1354
Mothibistad,John Taolo Gaetsewe District,Northern Cape,79,Burglary at residential premises,50,Decreased,Robbery with aggravating circumstances:26; Burglary at residential premises:50; Theft of motor vehicle and motorcycle:1; Carjacking:2; Truck hijacking:0,0.1335
Mmametlake,Nkangala District,Mpumalanga,78,Burglary at residential premises,44,Increased,Robbery with aggravating circumstances:30; Burglary at residential premises:44; Theft of motor vehicle and motorcycle:2; Carjacking:1; Truck hijacking:1,0.1315
Nongoma,Zululand District,KwaZulu-Natal,77,Burglary at residential premises,51,Stabilized,Robbery with aggravating circumstances:26; Burglary at residential premises:51; Theft of motor vehicle and motorcycle:0; Carjacking:0; Truck hijacking:0,0.1296
Mdantsane,Buffalo City District,Eastern Cape,77,Burglary at residential premises,58,Decreased,Robbery with aggravating circumstances:18; Burglary at residential premises:58; Theft of motor vehicle and motorcycle:1; Carjacking:0; Truck hijacking:0,0.1296
Khutsong,West Rand District,Gauteng,77,Burglary at residential premises,52,Increased,Robbery with aggravating circumstances:23; Burglary at residential premises:52; Theft of motor vehicle and motorcycle:1; Carjacking:1; Truck hijacking:0,0.1296
Madeira,OR Tambo District,Eastern Cape,76,Robbery with aggravating circumstances,42,Decreased,Robbery with aggravating circumstances:42; Burglary at residential premises:23; Theft of motor vehicle and motorcycle:7; Carjacking:4; Truck hijacking:0,0.1277
Barberton,Ehlanzeni District,Mpumalanga,76,Robbery with aggravating circumstances,34,Decreased,Robbery with aggravating circumstances:34; Burglary at residential premises:32; Theft of motor vehicle and motorcycle:6; Carjacking:4; Truck hijacking:0,0.1277
Mangaung,Mangaung District,Free State,76,Burglary at residential premises,47,Increased,Robbery with aggravating circumstances:22; Burglary at residential premises:47; Theft of motor vehicle and motorcycle:6; Carjacking:1; Truck hijacking:0,0.1277
Macassar,City of Cape Town District,Western Cape,75,Burglary at residential premises,48,Stabilized,Robbery with aggravating circumstances:21; Burglary at residential premises:48; Theft of motor vehicle and motorcycle:6; Carjacking:0; Truck hijacking:0,0.1257
Klipgat,Bojanala District,North West,75,Burglary at residential premises,45,Increased,Robbery with aggravating circumstances:27; Burglary at residential premises:45; Theft of motor vehicle and motorcycle:2; Carjacking:1; Truck hijacking:0,0.1257
Bredasdorp,Overberg District,Western Cape,74,Burglary at residential premises,64,Increased,Robbery with aggravating circumstances:9; Burglary at residential premises:64; Theft of motor vehicle and motorcycle:1; Carjacking:0; Truck hijacking:0,0.1238
Umbumbulu,eThekwini District,KwaZulu-Natal,74,Robbery with aggravating circumstances,35,Increased,Robbery with aggravating circumstances:35; Burglary at residential premises:24; Theft of motor vehicle and motorcycle:5; Carjacking:10; Truck hijacking:0,0.1238
Kuruman,John Taolo Gaetsewe District,Northern Cape,73,Burglary at residential premises,40,Increased,Robbery with aggravating circumstances:30; Burglary at residential premises:40; Theft of motor vehicle and motorcycle:2; Carjacking:0; Truck hijacking:1,0.1219
Stutterheim,Amathole District,Eastern Cape,73,Burglary at residential premises,54,Increased,Robbery with aggravating circumstances:18; Burglary at residential premises:54; Theft of motor vehicle and motorcycle:1; Carjacking:0; Truck hijacking:0,0.1219
Elukwatini,Gert Sibande District,Mpumalanga,73,Burglary at residential premises,48,Increased,Robbery with aggravating circumstances:19; Burglary at residential premises:48; Theft of motor vehicle and motorcycle:4; Carjacking:1; Truck hijacking:1,0.1219
Taung,Dr Ruth Segomotsi Mompati District,North West,72,Burglary at residential premises,46,Decreased,Robbery with aggravating circumstances:26; Burglary at residential premises:46; Theft of motor vehicle and motorcycle:0; Carjacking:0; Truck hijacking:0,0.1199
Bethelsdorp,Nelson Mandela District,Eastern Cape,72,Burglary at residential premises,38,Decreased,Robbery with aggravating circumstances:29; Burglary at residential premises:38; Theft of motor vehicle and motorcycle:2; Carjacking:2; Truck hijacking:1,0.1199
Kanana,Dr Kenneth Kaunda District,North West,71,Robbery with aggravating circumstances,31,Decreased,Robbery with aggravating circumstances:31; Burglary at residential premises:31; Theft of motor vehicle and motorcycle:8; Carjacking:1; Truck hijacking:0,0.118
Libode,OR Tambo District,Eastern Cape,71,Burglary at residential premises,43,Increased,Robbery with aggravating circumstances:21; Burglary at residential premises:43; Theft of motor vehicle and motorcycle:2; Carjacking:5; Truck hijacking:0,0.118
Point,eThekwini District,KwaZulu-Natal,71,Robbery with aggravating circumstances,47,Increased,Robbery with aggravating circumstances:47; Burglary at residential premises:2; Theft of motor vehicle and motorcycle:21; Carjacking:1; Truck hijacking:0,0.118
Motherwell,Nelson Mandela District,Eastern Cape,70,Robbery with aggravating circumstances,40,Decreased,Robbery with aggravating circumstances:40; Burglary at residential premises:19; Theft of motor vehicle and motorcycle:2; Carjacking:9; Truck hijacking:0,0.1161
Zwelitsha,Buffalo City District,Eastern Cape,70,Burglary at residential premises,52,Increased,Robbery with aggravating circumstances:14; Burglary at residential premises:52; Theft of motor vehicle and motorcycle:3; Carjacking:1; Truck hijacking:0,0.1161
Kwanonqaba,Garden Route District,Western Cape,69,Burglary at residential premises,49,Decreased,Robbery with aggravating circumstances:18; Burglary at residential premises:49; Theft of motor vehicle and motorcycle:1; Carjacking:1; Truck hijacking:0,0.1141
Kliprivier,Sedibeng District,Gauteng,69,Robbery with aggravating circumstances,33,Stabilized,Robbery with aggravating circumstances:33; Burglary at residential premises:12; Theft of motor vehicle and motorcycle:15; Carjacking:8; Truck hijacking:1,0.1141
Wonderboompoort,Tshwane District,Gauteng,69,Burglary at residential premises,39,Increased,Robbery with aggravating circumstances:11; Burglary at residential premises:39; Theft of motor vehicle and motorcycle:19; Carjacking:0; Truck hijacking:0,0.1141
Bothaville,Lejweleputswa District,Free State,69,Burglary at residential premises,41,Stabilized,Robbery with aggravating circumstances:26; Burglary at residential premises:41; Theft of motor vehicle and motorcycle:1; Carjacking:1; Truck hijacking:0,0.1141
Heilbron,Fezile Dabi District,Free State,69,Burglary at residential premises,56,Increased,Robbery with aggravating circumstances:10; Burglary at residential premises:56; Theft of motor vehicle and motorcycle:1; Carjacking:1; Truck hijacking:1,0.1141
Selosesha,Mangaung District,Free State,68,Burglary at residential premises,55,Increased,Robbery with aggravating circumstances:13; Burglary at residential premises:55; Theft of motor vehicle and motorcycle:0; Carjacking:0; Truck hijacking:0,0.1122
Butterworth,Amathole District,Eastern Cape,68,Burglary at residential premises,43,Decreased,Robbery with aggravating circumstances:20; Burglary at residential premises:43; Theft of motor vehicle and motorcycle:3; Carjacking:1; Truck hijacking:1,0.1122
Robert Sobukwe,Sarah Baartman District,Eastern Cape,68,Burglary at residential premises,56,Decreased,Robbery with aggravating circumstances:9; Burglary at residential premises:56; Theft of motor vehicle and motorcycle:3; Carjacking:0; Truck hijacking:0,0.1122
Bolobedu,Mopani District,Limpopo,67,Burglary at residential premises,43,Increased,Robbery with aggravating circumstances:22; Burglary at residential premises:43; Theft of motor vehicle and motorcycle:2; Carjacking:0; Truck hijacking:0,0.1103
Pacaltsdorp,Garden Route District,Western Cape,67,Burglary at residential premises,52,Increased,Robbery with aggravating circumstances:14; Burglary at residential premises:52; Theft of motor vehicle and motorcycle:1; Carjacking:0; Truck hijacking:0,0.1103
Buffalo Flats,Buffalo City District,Eastern Cape,67,Burglary at residential premises,40,Decreased,Robbery with aggravating circumstances:25; Burglary at residential premises:40; Theft of motor vehicle and motorcycle:1; Carjacking:1; Truck hijacking:0,0.1103
Lomanyaneng,Ngaka Modiri Molema District,North West,67,Burglary at residential premises,43,Increased,Robbery with aggravating circumstances:19; Burglary at residential premises:43; Theft of motor vehicle and motorcycle:1; Carjacking:1; Truck hijacking:3,0.1103
Lehurutshe,Ngaka Modiri Molema District,North West,67,Burglary at residential premises,53,Increased,Robbery with aggravating circumstances:13; Burglary at residential premises:53; Theft of motor vehicle and motorcycle:1; Carjacking:0; Truck hijacking:0,0.1103
Algoapark,Nelson Mandela District,Eastern Cape,67,Robbery with aggravating circumstances,40,Decreased,Robbery with aggravating circumstances:40; Burglary at residential premises:14; Theft of motor vehicle and motorcycle:5; Carjacking:7; Truck hijacking:1,0.1103
Postmasburg,ZF Mgcawu District,Northern Cape,66,Burglary at residential premises,49,Decreased,Robbery with aggravating circumstances:14; Burglary at residential premises:49; Theft of motor vehicle and motorcycle:2; Carjacking:1; Truck hijacking:0,0.1083
Muldersdrift,West Rand District,Gauteng,65,Robbery with aggravating circumstances,31,Decreased,Robbery with aggravating circumstances:31; Burglary at residential premises:14; Theft of motor vehicle and motorcycle:7; Carjacking:9; Truck hijacking:4,0.1064
Ndwedwe,Ilembe District,KwaZulu-Natal,65,Burglary at residential premises,39,Increased,Robbery with aggravating circumstances:21; Burglary at residential premises:39; Theft of motor vehicle and motorcycle:2; Carjacking:3; Truck hijacking:0,0.1064
Nigel,Ekurhuleni District,Gauteng,65,Burglary at residential premises,32,Increased,Robbery with aggravating circumstances:14; Burglary at residential premises:32; Theft of motor vehicle and motorcycle:17; Carjacking:2; Truck hijacking:0,0.1064
Northam,Waterberg District,Limpopo,65,Burglary at residential premises,47,Increased,Robbery with aggravating circumstances:11; Burglary at residential premises:47; Theft of motor vehicle and motorcycle:7; Carjacking:0; Truck hijacking:0,0.1064
Inyibiba,Buffalo City District,Eastern Cape,65,Burglary at residential premises,49,Decreased,Robbery with aggravating circumstances:14; Burglary at residential premises:49; Theft of motor vehicle and motorcycle:2; Carjacking:0; Truck hijacking:0,0.1064
Manenberg,City of Cape Town District,Western Cape,64,Burglary at residential premises,33,Increased,Robbery with aggravating circumstances:19; Burglary at residential premises:33; Theft of motor vehicle and motorcycle:10; Carjacking:2; Truck hijacking:0,0.1044
Kopanong,Mangaung District,Free State,64,Burglary at residential premises,37,Decreased,Robbery with aggravating circumstances:25; Burglary at residential premises:37; Theft of motor vehicle and motorcycle:2; Carjacking:0; Truck hijacking:0,0.1044
Mondlo,Zululand District,KwaZulu-Natal,64,Burglary at residential premises,48,Decreased,Robbery with aggravating circumstances:15; Burglary at residential premises:48; Theft of motor vehicle and motorcycle:1; Carjacking:0; Truck hijacking:0,0.1044
Kriel,Nkangala District,Mpumalanga,64,Burglary at residential premises,41,Increased,Robbery with aggravating circumstances:15; Burglary at residential premises:41; Theft of motor vehicle and motorcycle:3; Carjacking:2; Truck hijacking:3,0.1044
Ngcobo,Chris Hani District,Eastern Cape,64,Burglary at residential premises,29,Stabilized,Robbery with aggravating circumstances:24; Burglary at residential premises:29; Theft of motor vehicle and motorcycle:7; Carjacking:4; Truck hijacking:0,0.1044
Mlungisi,Chris Hani District,Eastern Cape,63,Burglary at residential premises,47,Decreased,Robbery with aggravating circumstances:13; Burglary at residential premises:47; Theft of motor vehicle and motorcycle:2; Carjacking:1; Truck hijacking:0,0.1025
Folweni,eThekwini District,KwaZulu-Natal,63,Burglary at residential premises,28,Increased,Robbery with aggravating circumstances:27; Burglary at residential premises:28; Theft of motor vehicle and motorcycle:0; Carjacking:8; Truck hijacking:0,0.1025
Robertson,Cape Winelands District,Western Cape,63,Burglary at residential premises,46,Decreased,Robbery with aggravating circumstances:17; Burglary at residential premises:46; Theft of motor vehicle and motorcycle:0; Carjacking:0; Truck hijacking:0,0.1025
Samora Machel,City of Cape Town District,Western Cape,63,Robbery with aggravating circumstances,40,Decreased,Robbery with aggravating circumstances:40; Burglary at residential premises:8; Theft of motor vehicle and motorcycle:5; Carjacking:10; Truck hijacking:0,0.1025
Mhluzi,Nkangala District,Mpumalanga,63,Burglary at residential premises,25,Decreased,Robbery with aggravating circumstances:18; Burglary at residential premises:25; Theft of motor vehicle and motorcycle:12; Carjacking:8; Truck hijacking:0,0.1025
Mhala,Ehlanzeni District,Mpumalanga,63,Robbery with aggravating circumstances,30,Increased,Robbery with aggravating circumstances:30; Burglary at residential premises:30; Theft of motor vehicle and motorcycle:1; Carjacking:2; Truck hijacking:0,0.1025
Kamesh,Nelson Mandela District,Eastern Cape,63,Burglary at residential premises,35,Decreased,Robbery with aggravating circumstances:27; Burglary at residential premises:35; Theft of motor vehicle and motorcycle:1; Carjacking:0; Truck hijacking:0,0.1025
Waterval,Vhembe District,Limpopo,62,Robbery with aggravating circumstances,32,Increased,Robbery with aggravating circumstances:32; Burglary at residential premises:28; Theft of motor vehicle and motorcycle:0; Carjacking:2; Truck hijacking:0,0.1006
Brackenfell,City of Cape Town District,Western Cape,62,Burglary at residential premises,36,Increased,Robbery with aggravating circumstances:10; Burglary at residential premises:36; Theft of motor vehicle and motorcycle:15; Carjacking:1; Truck hijacking:0,0.1006
Ezinqoleni,Ugu District,KwaZulu-Natal,62,Burglary at residential premises,29,Increased,Robbery with aggravating circumstances:25; Burglary at residential premises:29; Theft of motor vehicle and motorcycle:3; Carjacking:4; Truck hijacking:1,0.1006
Dundee,Umzinyathi District,KwaZulu-Natal,62,Burglary at residential premises,49,Decreased,Robbery with aggravating circumstances:13; Burglary at residential premises:49; Theft of motor vehicle and motorcycle:0; Carjacking:0; Truck hijacking:0,0.1006
Phola,Nkangala District,Mpumalanga,62,Robbery with aggravating circumstances,31,Increased,Robbery with aggravating circumstances:31; Burglary at residential premises:17; Theft of motor vehicle and motorcycle:4; Carjacking:9; Truck hijacking:1,0.1006
Ratanda,Sedibeng District,Gauteng,61,Burglary at residential premises,37,Decreased,Robbery with aggravating circumstances:22; Burglary at residential premises:37; Theft of motor vehicle and motorcycle:0; Carjacking:2; Truck hijacking:0,0.0986
Erasmia,Tshwane District,Gauteng,61,Burglary at residential premises,28,Increased,Robbery with aggravating circumstances:23; Burglary at residential premises:28; Theft of motor vehicle and motorcycle:2; Carjacking:8; Truck hijacking:0,0.0986
Port Edward,Ugu District,KwaZulu-Natal,61,Burglary at residential premises,47,Increased,Robbery with aggravating circumstances:9; Burglary at residential premises:47; Theft of motor vehicle and motorcycle:2; Carjacking:3; Truck hijacking:0,0.0986
Modimolle,Waterberg District,Limpopo,60,Burglary at residential premises,41,Increased,Robbery with aggravating circumstances:14; Burglary at residential premises:41; Theft of motor vehicle and motorcycle:4; Carjacking:1; Truck hijacking:0,0.0967
Sharpeville,Sedibeng District,Gauteng,60,Robbery with aggravating circumstances,30,Increased,Robbery with aggravating circumstances:30; Burglary at residential premises:15; Theft of motor vehicle and motorcycle:7; Carjacking:8; Truck hijacking:0,0.0967
Ravensmead,City of Cape Town District,Western Cape,60,Burglary at residential premises,27,Increased,Robbery with aggravating circumstances:19; Burglary at residential premises:27; Theft of motor vehicle and motorcycle:12; Carjacking:1; Truck hijacking:1,0.0967
Sterkspruit,Joe Gqabi District,Eastern Cape,59,Burglary at residential premises,43,Decreased,Robbery with aggravating circumstances:16; Burglary at residential premises:43; Theft of motor vehicle and motorcycle:0; Carjacking:0; Truck hijacking:0,0.0948
Swartkops,Nelson Mandela District,Eastern Cape,59,Robbery with aggravating circumstances,32,Decreased,Robbery with aggravating circumstances:32; Burglary at residential premises:18; Theft of motor vehicle and motorcycle:2; Carjacking:3; Truck hijacking:4,0.0948
Bohlokong,Thabo Mofutsanyana District,Free State,59,Burglary at residential premises,52,Decreased,Robbery with aggravating circumstances:6; Burglary at residential premises:52; Theft of motor vehicle and motorcycle:1; Carjacking:0; Truck hijacking:0,0.0948
Kariega,Nelson Mandela District,Eastern Cape,58,Robbery with aggravating circumstances,29,Decreased,Robbery with aggravating circumstances:29; Burglary at residential premises:24; Theft of motor vehicle and motorcycle:3; Carjacking:1; Truck hijacking:1,0.0928
Dutywa,Amathole District,Eastern Cape,58,Burglary at residential premises,27,Decreased,Robbery with aggravating circumstances:25; Burglary at residential premises:27; Theft of motor vehicle and motorcycle:4; Carjacking:2; Truck hijacking:0,0.0928
Makhanda,Sarah Baartman District,Eastern Cape,58,Burglary at residential premises,43,Decreased,Robbery with aggravating circumstances:12; Burglary at residential premises:43; Theft of motor vehicle and motorcycle:3; Carjacking:0; Truck hijacking:0,0.0928
Motetema,Sekhukhune District,Limpopo,58,Burglary at residential premises,50,Increased,Robbery with aggravating circumstances:7; Burglary at residential premises:50; Theft of motor vehicle and motorcycle:0; Carjacking:1; Truck hijacking:0,0.0928
Tsolo,OR Tambo District,Eastern Cape,58,Burglary at residential premises,27,Increased,Robbery with aggravating circumstances:26; Burglary at residential premises:27; Theft of motor vehicle and motorcycle:0; Carjacking:4; Truck hijacking:1,0.0928
Welbekend,Tshwane District,Gauteng,57,Burglary at residential premises,34,Increased,Robbery with aggravating circumstances:17; Burglary at residential premises:34; Theft of motor vehicle and motorcycle:3; Carjacking:1; Truck hijacking:2,0.0909
Ulundi,Zululand District,KwaZulu-Natal,57,Burglary at residential premises,36,Decreased,Robbery with aggravating circumstances:20; Burglary at residential premises:36; Theft of motor vehicle and motorcycle:1; Carjacking:0; Truck hijacking:0,0.0909
Alice,Amathole District,Eastern Cape,57,Burglary at residential premises,43,Decreased,Robbery with aggravating circumstances:13; Burglary at residential premises:43; Theft of motor vehicle and motorcycle:1; Carjacking:0; Truck hijacking:0,0.0909
Kanyamazane,Ehlanzeni District,Mpumalanga,57,Burglary at residential premises,25,Decreased,Robbery with aggravating circumstances:18; Burglary at residential premises:25; Theft of motor vehicle and motorcycle:11; Carjacking:3; Truck hijacking:0,0.0909
Katlehong North,Ekurhuleni District,Gauteng,57,Robbery with aggravating circumstances,26,Decreased,Robbery with aggravating circumstances:26; Burglary at residential premises:19; Theft of motor vehicle and motorcycle:7; Carjacking:5; Truck hijacking:0,0.0909
Beaufort West,Central Karoo District,Western Cape,57,Burglary at residential premises,43,Decreased,Robbery with aggravating circumstances:13; Burglary at residential premises:43; Theft of motor vehicle and motorcycle:1; Carjacking:0; Truck hijacking:0,0.0909
Nxuba,Chris Hani District,Eastern Cape,57,Burglary at residential premises,49,Decreased,Robbery with aggravating circumstances:6; Burglary at residential premises:49; Theft of motor vehicle and motorcycle:2; Carjacking:0; Truck hijacking:0,0.0909
Tonga,Ehlanzeni District,Mpumalanga,56,Burglary at residential premises,28,Increased,Robbery with aggravating circumstances:26; Burglary at residential premises:28; Theft of motor vehicle and motorcycle:1; Carjacking:1; Truck hijacking:0,0.089
Ipelegeng,Dr Ruth Segomotsi Mompati District,North West,56,Burglary at residential premises,38,Increased,Robbery with aggravating circumstances:18; Burglary at residential premises:38; Theft of motor vehicle and motorcycle:0; Carjacking:0; Truck hijacking:0,0.089
Nebo,Sekhukhune District,Limpopo,56,Burglary at residential premises,42,Decreased,Robbery with aggravating circumstances:12; Burglary at residential premises:42; Theft of motor vehicle and motorcycle:1; Carjacking:1; Truck hijacking:0,0.089
Qumbu,OR Tambo District,Eastern Cape,56,Robbery with aggravating circumstances,27,Decreased,Robbery with aggravating circumstances:27; Burglary at residential premises:25; Theft of motor vehicle and motorcycle:2; Carjacking:2; Truck hijacking:0,0.089
Vryburg,Dr Ruth Segomotsi Mompati District,North West,56,Burglary at residential premises,46,Increased,Robbery with aggravating circumstances:9; Burglary at residential premises:46; Theft of motor vehicle and motorcycle:1; Carjacking:0; Truck hijacking:0,0.089
Scenery Park,Buffalo City District,Eastern Cape,56,Burglary at residential premises,35,Increased,Robbery with aggravating circumstances:16; Burglary at residential premises:35; Theft of motor vehicle and motorcycle:4; Carjacking:1; Truck hijacking:0,0.089
Kameeldrift,Tshwane District,Gauteng,56,Burglary at residential premises,24,Decreased,Robbery with aggravating circumstances:13; Burglary at residential premises:24; Theft of motor vehicle and motorcycle:17; Carjacking:2; Truck hijacking:0,0.089
Ezakheni,Uthukela District,KwaZulu-Natal,56,Burglary at residential premises,29,Decreased,Robbery with aggravating circumstances:26; Burglary at residential premises:29; Theft of motor vehicle and motorcycle:0; Carjacking:1; Truck hijacking:0,0.089
Ekangala,Tshwane District,Gauteng,56,Robbery with aggravating circumstances,30,Decreased,Robbery with aggravating circumstances:30; Burglary at residential premises:19; Theft of motor vehicle and motorcycle:0; Carjacking:7; Truck hijacking:0,0.089
Bellville South,City of Cape Town District,Western Cape,54,Robbery with aggravating circumstances,31,Decreased,Robbery with aggravating circumstances:31; Burglary at residential premises:22; Theft of motor vehicle and motorcycle:1; Carjacking:0; Truck hijacking:0,0.0851
Kwaggafontein,Nkangala District,Mpumalanga,54,Burglary at residential premises,35,Increased,Robbery with aggravating circumstances:18; Burglary at residential premises:35; Theft of motor vehicle and motorcycle:1; Carjacking:0; Truck hijacking:0,0.0851
Harding,Ugu District,KwaZulu-Natal,54,Burglary at residential premises,32,Increased,Robbery with aggravating circumstances:19; Burglary at residential premises:32; Theft of motor vehicle and motorcycle:3; Carjacking:0; Truck hijacking:0,0.0851
Mafube,Fezile Dabi District,Free State,54,Burglary at residential premises,37,Increased,Robbery with aggravating circumstances:16; Burglary at residential premises:37; Theft of motor vehicle and motorcycle:1; Carjacking:0; Truck hijacking:0,0.0851
Vulindlela,Buffalo City District,Eastern Cape,54,Burglary at residential premises,38,Increased,Robbery with aggravating circumstances:11; Burglary at residential premises:38; Theft of motor vehicle and motorcycle:4; Carjacking:1; Truck hijacking:0,0.0851
Paulpietersburg,Zululand District,KwaZulu-Natal,53,Burglary at residential premises,40,Increased,Robbery with aggravating circumstances:11; Burglary at residential premises:40; Theft of motor vehicle and motorcycle:2; Carjacking:0; Truck hijacking:0,0.0832
Dannhauser,Amajuba District,KwaZulu-Natal,53,Burglary at residential premises,40,Decreased,Robbery with aggravating circumstances:13; Burglary at residential premises:40; Theft of motor vehicle and motorcycle:0; Carjacking:0; Truck hijacking:0,0.0832
Dimbaza,Buffalo City District,Eastern Cape,53,Burglary at residential premises,35,Decreased,Robbery with aggravating circumstances:16; Burglary at residential premises:35; Theft of motor vehicle and motorcycle:2; Carjacking:0; Truck hijacking:0,0.0832
Moeka Vuma,Bojanala District,North West,53,Burglary at residential premises,29,Increased,Robbery with aggravating circumstances:19; Burglary at residential premises:29; Theft of motor vehicle and motorcycle:0; Carjacking:5; Truck hijacking:0,0.0832
Acornhoek,Ehlanzeni District,Mpumalanga,53,Robbery with aggravating circumstances,28,Increased,Robbery with aggravating circumstances:28; Burglary at residential premises:20; Theft of motor vehicle and motorcycle:2; Carjacking:3; Truck hijacking:0,0.0832
Jeffreys Bay,Sarah Baartman District,Eastern Cape,52,Burglary at residential premises,42,Increased,Robbery with aggravating circumstances:9; Burglary at residential premises:42; Theft of motor vehicle and motorcycle:1; Carjacking:0; Truck hijacking:0,0.0812
Southport,Ugu District,KwaZulu-Natal,52,Burglary at residential premises,47,Increased,Robbery with aggravating circumstances:5; Burglary at residential premises:47; Theft of motor vehicle and motorcycle:0; Carjacking:0; Truck hijacking:0,0.0812
Mphephu,Vhembe District,Limpopo,52,Burglary at residential premises,29,Decreased,Robbery with aggravating circumstances:23; Burglary at residential premises:29; Theft of motor vehicle and motorcycle:0; Carjacking:0; Truck hijacking:0,0.0812
Hlogotlou,Sekhukhune District,Limpopo,52,Burglary at residential premises,41,Increased,Robbery with aggravating circumstances:7; Burglary at residential premises:41; Theft of motor vehicle and motorcycle:4; Carjacking:0; Truck hijacking:0,0.0812
Komani,Chris Hani District,Eastern Cape,52,Burglary at residential premises,35,Decreased,Robbery with aggravating circumstances:10; Burglary at residential premises:35; Theft of motor vehicle and motorcycle:6; Carjacking:1; Truck hijacking:0,0.0812
Emzinoni,Gert Sibande District,Mpumalanga,52,Burglary at residential premises,40,Increased,Robbery with aggravating circumstances:11; Burglary at residential premises:40; Theft of motor vehicle and motorcycle:1; Carjacking:0; Truck hijacking:0,0.0812
Naboomspruit,Waterberg District,Limpopo,51,Burglary at residential premises,35,Increased,Robbery with aggravating circumstances:14; Burglary at residential premises:35; Theft of motor vehicle and motorcycle:1; Carjacking:0; Truck hijacking:1,0.0793
Burgersfort,Sekhukhune District,Limpopo,51,Burglary at residential premises,27,Increased,Robbery with aggravating circumstances:22; Burglary at residential premises:27; Theft of motor vehicle and motorcycle:2; Carjacking:0; Truck hijacking:0,0.0793
Cloetesville,Cape Winelands District,Western Cape,51,Robbery with aggravating circumstances,35,Increased,Robbery with aggravating circumstances:35; Burglary at residential premises:14; Theft of motor vehicle and motorcycle:2; Carjacking:0; Truck hijacking:0,0.0793
Belhar,City of Cape Town District,Western Cape,50,Robbery with aggravating circumstances,30,Decreased,Robbery with aggravating circumstances:30; Burglary at residential premises:11; Theft of motor vehicle and motorcycle:3; Carjacking:6; Truck hijacking:0,0.0774
Grabouw,Overberg District,Western Cape,50,Burglary at residential premises,34,Increased,Robbery with aggravating circumstances:9; Burglary at residential premises:34; Theft of motor vehicle and motorcycle:6; Carjacking:0; Truck hijacking:1,0.0774
Kwamsane,Umkhanyakude District,KwaZulu-Natal,50,Robbery with aggravating circumstances,24,Decreased,Robbery with aggravating circumstances:24; Burglary at residential premises:24; Theft of motor vehicle and motorcycle:1; Carjacking:1; Truck hijacking:0,0.0774
Belfast,Nkangala District,Mpumalanga,50,Burglary at residential premises,27,Decreased,Robbery with aggravating circumstances:18; Burglary at residential premises:27; Theft of motor vehicle and motorcycle:3; Carjacking:0; Truck hijacking:2,0.0774
KwaBhaca,Alfred Nzo District,Eastern Cape,49,Burglary at residential premises,30,Decreased,Robbery with aggravating circumstances:13; Burglary at residential premises:30; Theft of motor vehicle and motorcycle:0; Carjacking:6; Truck hijacking:0,0.0754
Dieprivier,City of Cape Town District,Western Cape,49,Robbery with aggravating circumstances,22,Increased,Robbery with aggravating circumstances:22; Burglary at residential premises:21; Theft of motor vehicle and motorcycle:6; Carjacking:0; Truck hijacking:0,0.0754
Beacon Bay,Buffalo City District,Eastern Cape,49,Burglary at residential premises,44,Decreased,Robbery with aggravating circumstances:3; Burglary at residential premises:44; Theft of motor vehicle and motorcycle:1; Carjacking:1; Truck hijacking:0,0.0754
Thornville,Umgungundlovu District,KwaZulu-Natal,49,Burglary at residential premises,43,Increased,Robbery with aggravating circumstances:6; Burglary at residential premises:43; Theft of motor vehicle and motorcycle:0; Carjacking:0; Truck hijacking:0,0.0754
Greytown,Umzinyathi District,KwaZulu-Natal,48,Burglary at residential premises,27,Increased,Robbery with aggravating circumstances:16; Burglary at residential premises:27; Theft of motor vehicle and motorcycle:2; Carjacking:3; Truck hijacking:0,0.0735
Mbekweni,Cape Winelands District,Western Cape,48,Robbery with aggravating circumstances,26,Increased,Robbery with aggravating circumstances:26; Burglary at residential premises:20; Theft of motor vehicle and motorcycle:0; Carjacking:2; Truck hijacking:0,0.0735
Aliwal North,Joe Gqabi District,Eastern Cape,48,Burglary at residential premises,44,Increased,Robbery with aggravating circumstances:3; Burglary at residential premises:44; Theft of motor vehicle and motorcycle:1; Carjacking:0; Truck hijacking:0,0.0735
Tshilwavhusiku,Vhembe District,Limpopo,48,Robbery with aggravating circumstances,27,Increased,Robbery with aggravating circumstances:27; Burglary at residential premises:21; Theft of motor vehicle and motorcycle:0; Carjacking:0; Truck hijacking:0,0.0735
Umzinto,Ugu District,KwaZulu-Natal,48,Burglary at residential premises,25,Decreased,Robbery with aggravating circumstances:20; Burglary at residential premises:25; Theft of motor vehicle and motorcycle:3; Carjacking:0; Truck hijacking:0,0.0735
Namahadi,Thabo Mofutsanyana District,Free State,48,Burglary at residential premises,35,Increased,Robbery with aggravating circumstances:11; Burglary at residential premises:35; Theft of motor vehicle and motorcycle:1; Carjacking:1; Truck hijacking:0,0.0735
Ekuvukeni,Uthukela District,KwaZulu-Natal,47,Robbery with aggravating circumstances,22,Decreased,Robbery with aggravating circumstances:22; Burglary at residential premises:22; Theft of motor vehicle and motorcycle:3; Carjacking:0; Truck hijacking:0,0.0716
Hazyview,Ehlanzeni District,Mpumalanga,47,Burglary at residential premises,21,Increased,Robbery with aggravating circumstances:17; Burglary at residential premises:21; Theft of motor vehicle and motorcycle:3; Carjacking:5; Truck hijacking:1,0.0716
Kwambonambi,King Cetshwayo District,KwaZulu-Natal,47,Burglary at residential premises,28,Decreased,Robbery with aggravating circumstances:16; Burglary at residential premises:28; Theft of motor vehicle and motorcycle:2; Carjacking:1; Truck hijacking:0,0.0716
Khuma,Dr Kenneth Kaunda District,North West,47,Robbery with aggravating circumstances,23,Decreased,Robbery with aggravating circumstances:23; Burglary at residential premises:20; Theft of motor vehicle and motorcycle:4; Carjacking:0; Truck hijacking:0,0.0716
Mmakau,Bojanala District,North West,47,Burglary at residential premises,27,Decreased,Robbery with aggravating circumstances:15; Burglary at residential premises:27; Theft of motor vehicle and motorcycle:2; Carjacking:3; Truck hijacking:0,0.0716
Tokoza,Ekurhuleni District,Gauteng,47,Robbery with aggravating circumstances,26,Increased,Robbery with aggravating circumstances:26; Burglary at residential premises:16; Theft of motor vehicle and motorcycle:4; Carjacking:1; Truck hijacking:0,0.0716
Bronville,Lejweleputswa District,Free State,46,Burglary at residential premises,36,Increased,Robbery with aggravating circumstances:9; Burglary at residential premises:36; Theft of motor vehicle and motorcycle:0; Carjacking:1; Truck hijacking:0,0.0696
Letsitele,Mopani District,Limpopo,46,Burglary at residential premises,32,Increased,Robbery with aggravating circumstances:13; Burglary at residential premises:32; Theft of motor vehicle and motorcycle:1; Carjacking:0; Truck hijacking:0,0.0696
Saldanha,West Coast District,Western Cape,46,Burglary at residential premises,33,Decreased,Robbery with aggravating circumstances:13; Burglary at residential premises:33; Theft of motor vehicle and motorcycle:0; Carjacking:0; Truck hijacking:0,0.0696
KwaMaqoma,Amathole District,Eastern Cape,46,Burglary at residential premises,36,Decreased,Robbery with aggravating circumstances:9; Burglary at residential premises:36; Theft of motor vehicle and motorcycle:1; Carjacking:0; Truck hijacking:0,0.0696
Rosedale,ZF Mgcawu District,Northern Cape,45,Burglary at residential premises,39,Decreased,Robbery with aggravating circumstances:6; Burglary at residential premises:39; Theft of motor vehicle and motorcycle:0; Carjacking:0; Truck hijacking:0,0.0677
Koster,Bojanala District,North West,45,Burglary at residential premises,32,Decreased,Robbery with aggravating circumstances:6; Burglary at residential premises:32; Theft of motor vehicle and motorcycle:7; Carjacking:0; Truck hijacking:0,0.0677
Da Gamaskop,Garden Route District,Western Cape,45,Burglary at residential premises,36,Decreased,Robbery with aggravating circumstances:8; Burglary at residential premises:36; Theft of motor vehicle and motorcycle:1; Carjacking:0; Truck hijacking:0,0.0677
Zeerust,Ngaka Modiri Molema District,North West,45,Burglary at residential premises,27,Decreased,Robbery with aggravating circumstances:16; Burglary at residential premises:27; Theft of motor vehicle and motorcycle:0; Carjacking:0; Truck hijacking:2,0.0677
Estcourt,Uthukela District,KwaZulu-Natal,45,Burglary at residential premises,20,Decreased,Robbery with aggravating circumstances:17; Burglary at residential premises:20; Theft of motor vehicle and motorcycle:6; Carjacking:0; Truck hijacking:2,0.0677
Umzimkhulu,Harry Gwala District,KwaZulu-Natal,44,Burglary at residential premises,31,Increased,Robbery with aggravating circumstances:13; Burglary at residential premises:31; Theft of motor vehicle and motorcycle:0; Carjacking:0; Truck hijacking:0,0.0658
Leslie,Gert Sibande District,Mpumalanga,44,Burglary at residential premises,20,Increased,Robbery with aggravating circumstances:17; Burglary at residential premises:20; Theft of motor vehicle and motorcycle:3; Carjacking:4; Truck hijacking:0,0.0658
Despatch,Nelson Mandela District,Eastern Cape,44,Burglary at residential premises,32,Increased,Robbery with aggravating circumstances:8; Burglary at residential premises:32; Theft of motor vehicle and motorcycle:3; Carjacking:0; Truck hijacking:1,0.0658
Schoemansdal,Ehlanzeni District,Mpumalanga,43,Burglary at residential premises,35,Stabilized,Robbery with aggravating circumstances:5; Burglary at residential premises:35; Theft of motor vehicle and motorcycle:2; Carjacking:1; Truck hijacking:0,0.0638
Kakamas,ZF Mgcawu District,Northern Cape,43,Burglary at residential premises,36,Increased,Robbery with aggravating circumstances:7; Burglary at residential premises:36; Theft of motor vehicle and motorcycle:0; Carjacking:0; Truck hijacking:0,0.0638
Heidedal,Mangaung District,Free State,43,Robbery with aggravating circumstances,28,Decreased,Robbery with aggravating circumstances:28; Burglary at residential premises:15; Theft of motor vehicle and motorcycle:0; Carjacking:0; Truck hijacking:0,0.0638
Ogies,Nkangala District,Mpumalanga,43,Robbery with aggravating circumstances,27,Increased,Robbery with aggravating circumstances:27; Burglary at residential premises:4; Theft of motor vehicle and motorcycle:1; Carjacking:10; Truck hijacking:1,0.0638
Tubatse,Sekhukhune District,Limpopo,43,Burglary at residential premises,26,Decreased,Robbery with aggravating circumstances:14; Burglary at residential premises:26; Theft of motor vehicle and motorcycle:0; Carjacking:3; Truck hijacking:0,0.0638
Moletlane,Capricorn District,Limpopo,42,Burglary at residential premises,25,Decreased,Robbery with aggravating circumstances:17; Burglary at residential premises:25; Theft of motor vehicle and motorcycle:0; Carjacking:0; Truck hijacking:0,0.0619
Tweefontein,Nkangala District,Mpumalanga,42,Burglary at residential premises,19,Decreased,Robbery with aggravating circumstances:18; Burglary at residential premises:19; Theft of motor vehicle and motorcycle:1; Carjacking:4; Truck hijacking:0,0.0619
Prestbury,Umgungundlovu District,KwaZulu-Natal,42,Burglary at residential premises,31,Decreased,Robbery with aggravating circumstances:11; Burglary at residential premises:31; Theft of motor vehicle and motorcycle:0; Carjacking:0; Truck hijacking:0,0.0619
Maphumulo,Ilembe District,KwaZulu-Natal,42,Robbery with aggravating circumstances,25,Decreased,Robbery with aggravating circumstances:25; Burglary at residential premises:16; Theft of motor vehicle and motorcycle:0; Carjacking:1; Truck hijacking:0,0.0619
Ficksburg,Thabo Mofutsanyana District,Free State,42,Burglary at residential premises,33,Increased,Robbery with aggravating circumstances:9; Burglary at residential premises:33; Theft of motor vehicle and motorcycle:0; Carjacking:0; Truck hijacking:0,0.0619
Ngangelizwe,OR Tambo District,Eastern Cape,42,Burglary at residential premises,26,Decreased,Robbery with aggravating circumstances:10; Burglary at residential premises:26; Theft of motor vehicle and motorcycle:4; Carjacking:2; Truck hijacking:0,0.0619
Town Hill,Umgungundlovu District,KwaZulu-Natal,42,Burglary at residential premises,32,Stabilized,Robbery with aggravating circumstances:6; Burglary at residential premises:32; Theft of motor vehicle and motorcycle:4; Carjacking:0; Truck hijacking:0,0.0619
Hennenman,Lejweleputswa District,Free State,42,Burglary at residential premises,35,Decreased,Robbery with aggravating circumstances:6; Burglary at residential premises:35; Theft of motor vehicle and motorcycle:0; Carjacking:1; Truck hijacking:0,0.0619
Montagu,Cape Winelands District,Western Cape,41,Burglary at residential premises,40,Increased,Robbery with aggravating circumstances:1; Burglary at residential premises:40; Theft of motor vehicle and motorcycle:0; Carjacking:0; Truck hijacking:0,0.06
Sakhile,Gert Sibande District,Mpumalanga,41,Burglary at residential premises,33,Increased,Robbery with aggravating circumstances:4; Burglary at residential premises:33; Theft of motor vehicle and motorcycle:3; Carjacking:1; Truck hijacking:0,0.06
Melmoth,King Cetshwayo District,KwaZulu-Natal,41,Robbery with aggravating circumstances,22,Decreased,Robbery with aggravating circumstances:22; Burglary at residential premises:17; Theft of motor vehicle and motorcycle:1; Carjacking:1; Truck hijacking:0,0.06
Levubu,Vhembe District,Limpopo,41,Burglary at residential premises,28,Decreased,Robbery with aggravating circumstances:13; Burglary at residential premises:28; Theft of motor vehicle and motorcycle:0; Carjacking:0; Truck hijacking:0,0.06
Whittlesea,Chris Hani District,Eastern Cape,41,Burglary at residential premises,30,Decreased,Robbery with aggravating circumstances:11; Burglary at residential premises:30; Theft of motor vehicle and motorcycle:0; Carjacking:0; Truck hijacking:0,0.06
Gelvandale,Nelson Mandela District,Eastern Cape,41,Burglary at residential premises,25,Stabilized,Robbery with aggravating circumstances:11; Burglary at residential premises:25; Theft of motor vehicle and motorcycle:3; Carjacking:2; Truck hijacking:0,0.06
Tseki,Thabo Mofutsanyana District,Free State,40,Burglary at residential premises,32,Increased,Robbery with aggravating circumstances:7; Burglary at residential premises:32; Theft of motor vehicle and motorcycle:1; Carjacking:0; Truck hijacking:0,0.058
Sun City,Bojanala District,North West,40,Burglary at residential premises,22,Decreased,Robbery with aggravating circumstances:14; Burglary at residential premises:22; Theft of motor vehicle and motorcycle:2; Carjacking:1; Truck hijacking:1,0.058
Jan Kempdorp,Frances Baard District,Northern Cape,40,Burglary at residential premises,33,Decreased,Robbery with aggravating circumstances:7; Burglary at residential premises:33; Theft of motor vehicle and motorcycle:0; Carjacking:0; Truck hijacking:0,0.058
Itsoseng,Ngaka Modiri Molema District,North West,40,Burglary at residential premises,20,Decreased,Robbery with aggravating circumstances:17; Burglary at residential premises:20; Theft of motor vehicle and motorcycle:2; Carjacking:1; Truck hijacking:0,0.058
Ngqamakhwe,Amathole District,Eastern Cape,40,Burglary at residential premises,26,Increased,Robbery with aggravating circumstances:11; Burglary at residential premises:26; Theft of motor vehicle and motorcycle:2; Carjacking:1; Truck hijacking:0,0.058
Bhityi,OR Tambo District,Eastern Cape,40,Robbery with aggravating circumstances,19,Decreased,Robbery with aggravating circumstances:19; Burglary at residential premises:16; Theft of motor vehicle and motorcycle:2; Carjacking:2; Truck hijacking:1,0.058
Lulekani,Mopani District,Limpopo,39,Burglary at residential premises,22,Decreased,Robbery with aggravating circumstances:17; Burglary at residential premises:22; Theft of motor vehicle and motorcycle:0; Carjacking:0; Truck hijacking:0,0.0561
Caledon,Overberg District,Western Cape,39,Burglary at residential premises,36,Decreased,Robbery with aggravating circumstances:3; Burglary at residential premises:36; Theft of motor vehicle and motorcycle:0; Carjacking:0; Truck hijacking:0,0.0561
Nsuze,Ilembe District,KwaZulu-Natal,39,Robbery with aggravating circumstances,15,Increased,Robbery with aggravating circumstances:15; Burglary at residential premises:14; Theft of motor vehicle and motorcycle:3; Carjacking:7; Truck hijacking:0,0.0561
Lutzville,West Coast District,Western Cape,39,Burglary at residential premises,30,Increased,Robbery with aggravating circumstances:9; Burglary at residential premises:30; Theft of motor vehicle and motorcycle:0; Carjacking:0; Truck hijacking:0,0.0561
Bethlehem,Thabo Mofutsanyana District,Free State,38,Burglary at residential premises,21,Decreased,Robbery with aggravating circumstances:12; Burglary at residential premises:21; Theft of motor vehicle and motorcycle:4; Carjacking:1; Truck hijacking:0,0.0542
Msobomvu,Amathole District,Eastern Cape,38,Burglary at residential premises,20,Decreased,Robbery with aggravating circumstances:14; Burglary at residential premises:20; Theft of motor vehicle and motorcycle:2; Carjacking:2; Truck hijacking:0,0.0542
Klapmuts,Cape Winelands District,Western Cape,38,Burglary at residential premises,25,Increased,Robbery with aggravating circumstances:11; Burglary at residential premises:25; Theft of motor vehicle and motorcycle:0; Carjacking:1; Truck hijacking:1,0.0542
Navalsig,Mangaung District,Free State,38,Burglary at residential premises,25,Decreased,Robbery with aggravating circumstances:8; Burglary at residential premises:25; Theft of motor vehicle and motorcycle:5; Carjacking:0; Truck hijacking:0,0.0542
Apel,Sekhukhune District,Limpopo,38,Burglary at residential premises,23,Increased,Robbery with aggravating circumstances:14; Burglary at residential premises:23; Theft of motor vehicle and motorcycle:0; Carjacking:1; Truck hijacking:0,0.0542
Botlokwa,Capricorn District,Limpopo,37,Burglary at residential premises,26,Increased,Robbery with aggravating circumstances:10; Burglary at residential premises:26; Theft of motor vehicle and motorcycle:0; Carjacking:1; Truck hijacking:0,0.0522
Huhudi,Dr Ruth Segomotsi Mompati District,North West,37,Burglary at residential premises,26,Decreased,Robbery with aggravating circumstances:10; Burglary at residential premises:26; Theft of motor vehicle and motorcycle:0; Carjacking:1; Truck hijacking:0,0.0522
Humansdorp,Sarah Baartman District,Eastern Cape,37,Burglary at residential premises,24,Decreased,Robbery with aggravating circumstances:12; Burglary at residential premises:24; Theft of motor vehicle and motorcycle:1; Carjacking:0; Truck hijacking:0,0.0522
Senwabarwana,Capricorn District,Limpopo,37,Burglary at residential premises,25,Decreased,Robbery with aggravating circumstances:10; Burglary at residential premises:25; Theft of motor vehicle and motorcycle:1; Carjacking:1; Truck hijacking:0,0.0522
Namakgale,Mopani District,Limpopo,37,Burglary at residential premises,29,Decreased,Robbery with aggravating circumstances:7; Burglary at residential premises:29; Theft of motor vehicle and motorcycle:1; Carjacking:0; Truck hijacking:0,0.0522
Ngqeleni,OR Tambo District,Eastern Cape,37,Burglary at residential premises,22,Increased,Robbery with aggravating circumstances:13; Burglary at residential premises:22; Theft of motor vehicle and motorcycle:2; Carjacking:0; Truck hijacking:0,0.0522
Pudimoe,Dr Ruth Segomotsi Mompati District,North West,36,Burglary at residential premises,34,Increased,Robbery with aggravating circumstances:2; Burglary at residential premises:34; Theft of motor vehicle and motorcycle:0; Carjacking:0; Truck hijacking:0,0.0503
Ntabankulu,Alfred Nzo District,Eastern Cape,36,Burglary at residential premises,29,Increased,Robbery with aggravating circumstances:5; Burglary at residential premises:29; Theft of motor vehicle and motorcycle:1; Carjacking:1; Truck hijacking:0,0.0503
Carolina,Gert Sibande District,Mpumalanga,36,Burglary at residential premises,23,Increased,Robbery with aggravating circumstances:11; Burglary at residential premises:23; Theft of motor vehicle and motorcycle:1; Carjacking:0; Truck hijacking:1,0.0503
The Barrage,Sedibeng District,Gauteng,36,Burglary at residential premises,14,Decreased,Robbery with aggravating circumstances:10; Burglary at residential premises:14; Theft of motor vehicle and motorcycle:2; Carjacking:1; Truck hijacking:9,0.0503
De Doorns,Cape Winelands District,Western Cape,36,Burglary at residential premises,27,Decreased,Robbery with aggravating circumstances:9; Burglary at residential premises:27; Theft of motor vehicle and motorcycle:0; Carjacking:0; Truck hijacking:0,0.0503
Actonville,Ekurhuleni District,Gauteng,36,Burglary at residential premises,16,Increased,Robbery with aggravating circumstances:14; Burglary at residential premises:16; Theft of motor vehicle and motorcycle:2; Carjacking:4; Truck hijacking:0,0.0503
Modder River,Frances Baard District,Northern Cape,36,Burglary at residential premises,32,Decreased,Robbery with aggravating circumstances:4; Burglary at residential premises:32; Theft of motor vehicle and motorcycle:0; Carjacking:0; Truck hijacking:0,0.0503
Joubertina,Sarah Baartman District,Eastern Cape,36,Burglary at residential premises,33,Decreased,Robbery with aggravating circumstances:3; Burglary at residential premises:33; Theft of motor vehicle and motorcycle:0; Carjacking:0; Truck hijacking:0,0.0503
Vuwani,Vhembe District,Limpopo,36,Burglary at residential premises,27,Decreased,Robbery with aggravating circumstances:8; Burglary at residential premises:27; Theft of motor vehicle and motorcycle:1; Carjacking:0; Truck hijacking:0,0.0503
Vaalbank,Nkangala District,Mpumalanga,35,Burglary at residential premises,24,Increased,Robbery with aggravating circumstances:10; Burglary at residential premises:24; Theft of motor vehicle and motorcycle:0; Carjacking:0; Truck hijacking:1,0.0484
Vredendal,West Coast District,Western Cape,35,Burglary at residential premises,26,Increased,Robbery with aggravating circumstances:6; Burglary at residential premises:26; Theft of motor vehicle and motorcycle:3; Carjacking:0; Truck hijacking:0,0.0484
Zonkizizwe,Ekurhuleni District,Gauteng,35,Robbery with aggravating circumstances,14,Decreased,Robbery with aggravating circumstances:14; Burglary at residential premises:8; Theft of motor vehicle and motorcycle:5; Carjacking:5; Truck hijacking:3,0.0484
Pabalello,ZF Mgcawu District,Northern Cape,35,Burglary at residential premises,26,Decreased,Robbery with aggravating circumstances:9; Burglary at residential premises:26; Theft of motor vehicle and motorcycle:0; Carjacking:0; Truck hijacking:0,0.0484
Delareyville,Ngaka Modiri Molema District,North West,35,Burglary at residential premises,24,Decreased,Robbery with aggravating circumstances:11; Burglary at residential premises:24; Theft of motor vehicle and motorcycle:0; Carjacking:0; Truck hijacking:0,0.0484
Springbok,Namakwa District,Northern Cape,35,Burglary at residential premises,31,Increased,Robbery with aggravating circumstances:4; Burglary at residential premises:31; Theft of motor vehicle and motorcycle:0; Carjacking:0; Truck hijacking:0,0.0484
Ikamvelihle,Nelson Mandela District,Eastern Cape,35,Robbery with aggravating circumstances,23,Decreased,Robbery with aggravating circumstances:23; Burglary at residential premises:8; Theft of motor vehicle and motorcycle:2; Carjacking:1; Truck hijacking:1,0.0484
Leeudoringstad,Dr Kenneth Kaunda District,North West,35,Burglary at residential premises,28,Increased,Robbery with aggravating circumstances:7; Burglary at residential premises:28; Theft of motor vehicle and motorcycle:0; Carjacking:0; Truck hijacking:0,0.0484
Mtubatuba,Umkhanyakude District,KwaZulu-Natal,35,Robbery with aggravating circumstances,19,Decreased,Robbery with aggravating circumstances:19; Burglary at residential premises:16; Theft of motor vehicle and motorcycle:0; Carjacking:0; Truck hijacking:0,0.0484
Saselamani,Vhembe District,Limpopo,35,Burglary at residential premises,25,Decreased,Robbery with aggravating circumstances:9; Burglary at residential premises:25; Theft of motor vehicle and motorcycle:0; Carjacking:1; Truck hijacking:0,0.0484
Nqanqarhu,Joe Gqabi District,Eastern Cape,35,Burglary at residential premises,27,Increased,Robbery with aggravating circumstances:6; Burglary at residential premises:27; Theft of motor vehicle and motorcycle:1; Carjacking:1; Truck hijacking:0,0.0484
Mandeni,Ilembe District,KwaZulu-Natal,35,Burglary at residential premises,24,Stabilized,Robbery with aggravating circumstances:11; Burglary at residential premises:24; Theft of motor vehicle and motorcycle:0; Carjacking:0; Truck hijacking:0,0.0484
Kenton On Sea,Sarah Baartman District,Eastern Cape,34,Burglary at residential premises,32,Decreased,Robbery with aggravating circumstances:2; Burglary at residential premises:32; Theft of motor vehicle and motorcycle:0; Carjacking:0; Truck hijacking:0,0.0464
Moorreesburg,West Coast District,Western Cape,34,Burglary at residential premises,31,Increased,Robbery with aggravating circumstances:3; Burglary at residential premises:31; Theft of motor vehicle and motorcycle:0; Carjacking:0; Truck hijacking:0,0.0464
Msinga,Umzinyathi District,KwaZulu-Natal,34,Burglary at residential premises,18,Decreased,Robbery with aggravating circumstances:12; Burglary at residential premises:18; Theft of motor vehicle and motorcycle:1; Carjacking:3; Truck hijacking:0,0.0464
Gingindlovu,King Cetshwayo District,KwaZulu-Natal,34,Burglary at residential premises,23,Decreased,Robbery with aggravating circumstances:10; Burglary at residential premises:23; Theft of motor vehicle and motorcycle:0; Carjacking:1; Truck hijacking:0,0.0464
Matlala,Capricorn District,Limpopo,34,Robbery with aggravating circumstances,19,Increased,Robbery with aggravating circumstances:19; Burglary at residential premises:12; Theft of motor vehicle and motorcycle:1; Carjacking:2; Truck hijacking:0,0.0464
Komatipoort,Ehlanzeni District,Mpumalanga,34,Burglary at residential premises,28,Increased,Robbery with aggravating circumstances:5; Burglary at residential premises:28; Theft of motor vehicle and motorcycle:0; Carjacking:1; Truck hijacking:0,0.0464
Willowvale,Amathole District,Eastern Cape,34,Burglary at residential premises,23,Increased,Robbery with aggravating circumstances:9; Burglary at residential premises:23; Theft of motor vehicle and motorcycle:2; Carjacking:0; Truck hijacking:0,0.0464
Wesselsbron,Lejweleputswa District,Free State,34,Burglary at residential premises,26,Decreased,Robbery with aggravating circumstances:7; Burglary at residential premises:26; Theft of motor vehicle and motorcycle:1; Carjacking:0; Truck hijacking:0,0.0464
Deneysville,Fezile Dabi District,Free State,34,Burglary at residential premises,27,Decreased,Robbery with aggravating circumstances:6; Burglary at residential premises:27; Theft of motor vehicle and motorcycle:1; Carjacking:0; Truck hijacking:0,0.0464
Mecklenburg,Sekhukhune District,Limpopo,33,Burglary at residential premises,22,Decreased,Robbery with aggravating circumstances:10; Burglary at residential premises:22; Theft of motor vehicle and motorcycle:0; Carjacking:1; Truck hijacking:0,0.0445
Bethanie,Bojanala District,North West,33,Burglary at residential premises,25,Increased,Robbery with aggravating circumstances:7; Burglary at residential premises:25; Theft of motor vehicle and motorcycle:1; Carjacking:0; Truck hijacking:0,0.0445
Viljoenskroon,Fezile Dabi District,Free State,33,Burglary at residential premises,25,Increased,Robbery with aggravating circumstances:7; Burglary at residential premises:25; Theft of motor vehicle and motorcycle:1; Carjacking:0; Truck hijacking:0,0.0445
Tumahole,Fezile Dabi District,Free State,33,Burglary at residential premises,25,Decreased,Robbery with aggravating circumstances:7; Burglary at residential premises:25; Theft of motor vehicle and motorcycle:1; Carjacking:0; Truck hijacking:0,0.0445
Douglas,Pixley ka Seme District,Northern Cape,33,Burglary at residential premises,30,Decreased,Robbery with aggravating circumstances:3; Burglary at residential premises:30; Theft of motor vehicle and motorcycle:0; Carjacking:0; Truck hijacking:0,0.0445
Theunissen,Lejweleputswa District,Free State,33,Burglary at residential premises,23,Decreased,Robbery with aggravating circumstances:10; Burglary at residential premises:23; Theft of motor vehicle and motorcycle:0; Carjacking:0; Truck hijacking:0,0.0445
Ixopo,Harry Gwala District,KwaZulu-Natal,33,Burglary at residential premises,21,Increased,Robbery with aggravating circumstances:12; Burglary at residential premises:21; Theft of motor vehicle and motorcycle:0; Carjacking:0; Truck hijacking:0,0.0445
Mqanduli,OR Tambo District,Eastern Cape,33,Burglary at residential premises,19,Decreased,Robbery with aggravating circumstances:12; Burglary at residential premises:19; Theft of motor vehicle and motorcycle:0; Carjacking:2; Truck hijacking:0,0.0445
Nqweba,Sarah Baartman District,Eastern Cape,33,Burglary at residential premises,29,Decreased,Robbery with aggravating circumstances:4; Burglary at residential premises:29; Theft of motor vehicle and motorcycle:0; Carjacking:0; Truck hijacking:0,0.0445
Sundra,Nkangala District,Mpumalanga,33,Burglary at residential premises,18,Decreased,Robbery with aggravating circumstances:11; Burglary at residential premises:18; Theft of motor vehicle and motorcycle:2; Carjacking:1; Truck hijacking:1,0.0445
Bultfontein,Lejweleputswa District,Free State,33,Burglary at residential premises,19,Increased,Robbery with aggravating circumstances:13; Burglary at residential premises:19; Theft of motor vehicle and motorcycle:0; Carjacking:1; Truck hijacking:0,0.0445
Paddock,Ugu District,KwaZulu-Natal,33,Burglary at residential premises,23,Increased,Robbery with aggravating circumstances:9; Burglary at residential premises:23; Theft of motor vehicle and motorcycle:1; Carjacking:0; Truck hijacking:0,0.0445
Makwane,Thabo Mofutsanyana District,Free State,33,Burglary at residential premises,26,Increased,Robbery with aggravating circumstances:7; Burglary at residential premises:26; Theft of motor vehicle and motorcycle:0; Carjacking:0; Truck hijacking:0,0.0445
Tulbagh,Cape Winelands District,Western Cape,32,Burglary at residential premises,29,Stabilized,Robbery with aggravating circumstances:3; Burglary at residential premises:29; Theft of motor vehicle and motorcycle:0; Carjacking:0; Truck hijacking:0,0.0426
Makwassie,Dr Kenneth Kaunda District,North West,32,Burglary at residential premises,20,Increased,Robbery with aggravating circumstances:12; Burglary at residential premises:20; Theft of motor vehicle and motorcycle:0; Carjacking:0; Truck hijacking:0,0.0426
Volksrust,Gert Sibande District,Mpumalanga,32,Burglary at residential premises,28,Increased,Robbery with aggravating circumstances:3; Burglary at residential premises:28; Theft of motor vehicle and motorcycle:1; Carjacking:0; Truck hijacking:0,0.0426
Evander,Gert Sibande District,Mpumalanga,32,Burglary at residential premises,20,Increased,Robbery with aggravating circumstances:7; Burglary at residential premises:20; Theft of motor vehicle and motorcycle:1; Carjacking:4; Truck hijacking:0,0.0426
Christiana,Dr Ruth Segomotsi Mompati District,North West,32,Burglary at residential premises,26,Decreased,Robbery with aggravating circumstances:6; Burglary at residential premises:26; Theft of motor vehicle and motorcycle:0; Carjacking:0; Truck hijacking:0,0.0426
Highflats,Harry Gwala District,KwaZulu-Natal,31,Burglary at residential premises,15,Decreased,Robbery with aggravating circumstances:14; Burglary at residential premises:15; Theft of motor vehicle and motorcycle:1; Carjacking:1; Truck hijacking:0,0.0406
Jane Furse,Sekhukhune District,Limpopo,31,Robbery with aggravating circumstances,16,Decreased,Robbery with aggravating circumstances:16; Burglary at residential premises:13; Theft of motor vehicle and motorcycle:2; Carjacking:0; Truck hijacking:0,0.0406
Hendrina,Nkangala District,Mpumalanga,31,Burglary at residential premises,16,Decreased,Robbery with aggravating circumstances:10; Burglary at residential premises:16; Theft of motor vehicle and motorcycle:2; Carjacking:0; Truck hijacking:3,0.0406
Nquthu,Umzinyathi District,KwaZulu-Natal,31,Burglary at residential premises,19,Increased,Robbery with aggravating circumstances:11; Burglary at residential premises:19; Theft of motor vehicle and motorcycle:0; Carjacking:1; Truck hijacking:0,0.0406
Hlanganani,Mopani District,Limpopo,31,Robbery with aggravating circumstances,15,Decreased,Robbery with aggravating circumstances:15; Burglary at residential premises:15; Theft of motor vehicle and motorcycle:1; Carjacking:0; Truck hijacking:0,0.0406
Hartbeesfontein,Dr Kenneth Kaunda District,North West,31,Burglary at residential premises,21,Decreased,Robbery with aggravating circumstances:9; Burglary at residential premises:21; Theft of motor vehicle and motorcycle:0; Carjacking:1; Truck hijacking:0,0.0406
Matlelerekeng,Sekhukhune District,Limpopo,31,Burglary at residential premises,21,Increased,Robbery with aggravating circumstances:10; Burglary at residential premises:21; Theft of motor vehicle and motorcycle:0; Carjacking:0; Truck hijacking:0,0.0406
Mpophomeni,Umgungundlovu District,KwaZulu-Natal,31,Burglary at residential premises,18,Decreased,Robbery with aggravating circumstances:13; Burglary at residential premises:18; Theft of motor vehicle and motorcycle:0; Carjacking:0; Truck hijacking:0,0.0406
Reigerpark,Ekurhuleni District,Gauteng,30,Robbery with aggravating circumstances,10,Decreased,Robbery with aggravating circumstances:10; Burglary at residential premises:9; Theft of motor vehicle and motorcycle:8; Carjacking:3; Truck hijacking:0,0.0387
Barkly West,Frances Baard District,Northern Cape,30,Burglary at residential premises,25,Decreased,Robbery with aggravating circumstances:5; Burglary at residential premises:25; Theft of motor vehicle and motorcycle:0; Carjacking:0; Truck hijacking:0,0.0387
Bethal,Gert Sibande District,Mpumalanga,30,Burglary at residential premises,23,Increased,Robbery with aggravating circumstances:7; Burglary at residential premises:23; Theft of motor vehicle and motorcycle:0; Carjacking:0; Truck hijacking:0,0.0387
Ndevana,Buffalo City District,Eastern Cape,29,Burglary at residential premises,24,Decreased,Robbery with aggravating circumstances:5; Burglary at residential premises:24; Theft of motor vehicle and motorcycle:0; Carjacking:0; Truck hijacking:0,0.0368
Batlharos,John Taolo Gaetsewe District,Northern Cape,29,Burglary at residential premises,24,Increased,Robbery with aggravating circumstances:5; Burglary at residential premises:24; Theft of motor vehicle and motorcycle:0; Carjacking:0; Truck hijacking:0,0.0368
Lethabong,Bojanala District,North West,29,Burglary at residential premises,23,Decreased,Robbery with aggravating circumstances:6; Burglary at residential premises:23; Theft of motor vehicle and motorcycle:0; Carjacking:0; Truck hijacking:0,0.0368
Nkandla,King Cetshwayo District,KwaZulu-Natal,29,Burglary at residential premises,22,Increased,Robbery with aggravating circumstances:6; Burglary at residential premises:22; Theft of motor vehicle and motorcycle:1; Carjacking:0; Truck hijacking:0,0.0368
Lamontville,eThekwini District,KwaZulu-Natal,29,Burglary at residential premises,14,Decreased,Robbery with aggravating circumstances:13; Burglary at residential premises:14; Theft of motor vehicle and motorcycle:1; Carjacking:1; Truck hijacking:0,0.0368
Nyoni,Ilembe District,KwaZulu-Natal,29,Burglary at residential premises,18,Increased,Robbery with aggravating circumstances:11; Burglary at residential premises:18; Theft of motor vehicle and motorcycle:0; Carjacking:0; Truck hijacking:0,0.0368
Reitz,Thabo Mofutsanyana District,Free State,29,Burglary at residential premises,22,Decreased,Robbery with aggravating circumstances:5; Burglary at residential premises:22; Theft of motor vehicle and motorcycle:1; Carjacking:0; Truck hijacking:1,0.0368
Ocean View,City of Cape Town District,Western Cape,29,Burglary at residential premises,15,Decreased,Robbery with aggravating circumstances:9; Burglary at residential premises:15; Theft of motor vehicle and motorcycle:5; Carjacking:0; Truck hijacking:0,0.0368
Riebeek West,West Coast District,Western Cape,29,Burglary at residential premises,26,Decreased,Robbery with aggravating circumstances:2; Burglary at residential premises:26; Theft of motor vehicle and motorcycle:1; Carjacking:0; Truck hijacking:0,0.0368
Ladismith,Garden Route District,Western Cape,29,Burglary at residential premises,27,Increased,Robbery with aggravating circumstances:2; Burglary at residential premises:27; Theft of motor vehicle and motorcycle:0; Carjacking:0; Truck hijacking:0,0.0368
Mbizana,Alfred Nzo District,Eastern Cape,29,Burglary at residential premises,15,Stabilized,Robbery with aggravating circumstances:12; Burglary at residential premises:15; Theft of motor vehicle and motorcycle:0; Carjacking:2; Truck hijacking:0,0.0368
Bhisho,Buffalo City District,Eastern Cape,29,Burglary at residential premises,25,Decreased,Robbery with aggravating circumstances:3; Burglary at residential premises:25; Theft of motor vehicle and motorcycle:1; Carjacking:0; Truck hijacking:0,0.0368
Thabazimbi,Waterberg District,Limpopo,29,Burglary at residential premises,22,Decreased,Robbery with aggravating circumstances:7; Burglary at residential premises:22; Theft of motor vehicle and motorcycle:0; Carjacking:0; Truck hijacking:0,0.0368
Chatty,Nelson Mandela District,Eastern Cape,28,Burglary at residential premises,14,Increased,Robbery with aggravating circumstances:11; Burglary at residential premises:14; Theft of motor vehicle and motorcycle:1; Carjacking:2; Truck hijacking:0,0.0348
Kwanojoli,Sarah Baartman District,Eastern Cape,28,Burglary at residential premises,25,Decreased,Robbery with aggravating circumstances:3; Burglary at residential premises:25; Theft of motor vehicle and motorcycle:0; Carjacking:0; Truck hijacking:0,0.0348
Maletswai,Joe Gqabi District,Eastern Cape,28,Burglary at residential premises,24,Increased,Robbery with aggravating circumstances:4; Burglary at residential premises:24; Theft of motor vehicle and motorcycle:0; Carjacking:0; Truck hijacking:0,0.0348
Centane,Amathole District,Eastern Cape,28,Burglary at residential premises,17,Decreased,Robbery with aggravating circumstances:10; Burglary at residential premises:17; Theft of motor vehicle and motorcycle:1; Carjacking:0; Truck hijacking:0,0.0348
Middledrift,Amathole District,Eastern Cape,28,Burglary at residential premises,24,Increased,Robbery with aggravating circumstances:3; Burglary at residential premises:24; Theft of motor vehicle and motorcycle:1; Carjacking:0; Truck hijacking:0,0.0348
Sabie,Ehlanzeni District,Mpumalanga,28,Burglary at residential premises,15,Stabilized,Robbery with aggravating circumstances:12; Burglary at residential premises:15; Theft of motor vehicle and motorcycle:0; Carjacking:1; Truck hijacking:0,0.0348
Zele,Buffalo City District,Eastern Cape,28,Burglary at residential premises,22,Decreased,Robbery with aggravating circumstances:6; Burglary at residential premises:22; Theft of motor vehicle and motorcycle:0; Carjacking:0; Truck hijacking:0,0.0348
Adelaide,Amathole District,Eastern Cape,28,Burglary at residential premises,25,Increased,Robbery with aggravating circumstances:3; Burglary at residential premises:25; Theft of motor vehicle and motorcycle:0; Carjacking:0; Truck hijacking:0,0.0348
Batho,Mangaung District,Free State,27,Robbery with aggravating circumstances,13,Increased,Robbery with aggravating circumstances:13; Burglary at residential premises:13; Theft of motor vehicle and motorcycle:1; Carjacking:0; Truck hijacking:0,0.0329
Madikwe,Bojanala District,North West,27,Burglary at residential premises,23,Increased,Robbery with aggravating circumstances:4; Burglary at residential premises:23; Theft of motor vehicle and motorcycle:0; Carjacking:0; Truck hijacking:0,0.0329
Keiskammahoek,Amathole District,Eastern Cape,27,Burglary at residential premises,22,Decreased,Robbery with aggravating circumstances:4; Burglary at residential premises:22; Theft of motor vehicle and motorcycle:1; Carjacking:0; Truck hijacking:0,0.0329
Mutale,Vhembe District,Limpopo,27,Burglary at residential premises,19,Increased,Robbery with aggravating circumstances:7; Burglary at residential premises:19; Theft of motor vehicle and motorcycle:0; Carjacking:1; Truck hijacking:0,0.0329
Wedela,West Rand District,Gauteng,27,Burglary at residential premises,15,Decreased,Robbery with aggravating circumstances:5; Burglary at residential premises:15; Theft of motor vehicle and motorcycle:6; Carjacking:0; Truck hijacking:1,0.0329
Kwanokuthula,Garden Route District,Western Cape,26,Burglary at residential premises,25,Decreased,Robbery with aggravating circumstances:1; Burglary at residential premises:25; Theft of motor vehicle and motorcycle:0; Carjacking:0; Truck hijacking:0,0.0309
Petrusburg,Xhariep District,Free State,26,Burglary at residential premises,21,Increased,Robbery with aggravating circumstances:4; Burglary at residential premises:21; Theft of motor vehicle and motorcycle:0; Carjacking:0; Truck hijacking:1,0.0309
Meloding,Lejweleputswa District,Free State,26,Burglary at residential premises,15,Stabilized,Robbery with aggravating circumstances:11; Burglary at residential premises:15; Theft of motor vehicle and motorcycle:0; Carjacking:0; Truck hijacking:0,0.0309
Steve Vukile Tshwete,Amathole District,Eastern Cape,26,Burglary at residential premises,25,Increased,Robbery with aggravating circumstances:0; Burglary at residential premises:25; Theft of motor vehicle and motorcycle:1; Carjacking:0; Truck hijacking:0,0.0309
Qumrha,Amathole District,Eastern Cape,26,Burglary at residential premises,22,Increased,Robbery with aggravating circumstances:4; Burglary at residential premises:22; Theft of motor vehicle and motorcycle:0; Carjacking:0; Truck hijacking:0,0.0309
Sebayeng,Capricorn District,Limpopo,26,Burglary at residential premises,23,Increased,Robbery with aggravating circumstances:3; Burglary at residential premises:23; Theft of motor vehicle and motorcycle:0; Carjacking:0; Truck hijacking:0,0.0309
Ekhephinit,Joe Gqabi District,Eastern Cape,26,Burglary at residential premises,24,Decreased,Robbery with aggravating circumstances:2; Burglary at residential premises:24; Theft of motor vehicle and motorcycle:0; Carjacking:0; Truck hijacking:0,0.0309
Jozini,Umkhanyakude District,KwaZulu-Natal,25,Burglary at residential premises,18,Decreased,Robbery with aggravating circumstances:7; Burglary at residential premises:18; Theft of motor vehicle and motorcycle:0; Carjacking:0; Truck hijacking:0,0.029
Flagstaff,OR Tambo District,Eastern Cape,25,Burglary at residential premises,13,Decreased,Robbery with aggravating circumstances:11; Burglary at residential premises:13; Theft of motor vehicle and motorcycle:0; Carjacking:1; Truck hijacking:0,0.029
Mogwadi,Capricorn District,Limpopo,25,Burglary at residential premises,21,Increased,Robbery with aggravating circumstances:3; Burglary at residential premises:21; Theft of motor vehicle and motorcycle:1; Carjacking:0; Truck hijacking:0,0.029
Villa Nora,Waterberg District,Limpopo,25,Burglary at residential premises,20,Increased,Robbery with aggravating circumstances:4; Burglary at residential premises:20; Theft of motor vehicle and motorcycle:1; Carjacking:0; Truck hijacking:0,0.029
Bloemhof,Dr Ruth Segomotsi Mompati District,North West,25,Burglary at residential premises,20,Increased,Robbery with aggravating circumstances:5; Burglary at residential premises:20; Theft of motor vehicle and motorcycle:0; Carjacking:0; Truck hijacking:0,0.029
Danielskuil,ZF Mgcawu District,Northern Cape,25,Burglary at residential premises,22,Increased,Robbery with aggravating circumstances:3; Burglary at residential premises:22; Theft of motor vehicle and motorcycle:0; Carjacking:0; Truck hijacking:0,0.029
Matsulu,Ehlanzeni District,Mpumalanga,25,Robbery with aggravating circumstances,12,Decreased,Robbery with aggravating circumstances:12; Burglary at residential premises:10; Theft of motor vehicle and motorcycle:1; Carjacking:2; Truck hijacking:0,0.029
Wolseley,Cape Winelands District,Western Cape,24,Burglary at residential premises,19,Increased,Robbery with aggravating circumstances:4; Burglary at residential premises:19; Theft of motor vehicle and motorcycle:1; Carjacking:0; Truck hijacking:0,0.0271
Tseseng,Thabo Mofutsanyana District,Free State,24,Burglary at residential premises,20,Increased,Robbery with aggravating circumstances:4; Burglary at residential premises:20; Theft of motor vehicle and motorcycle:0; Carjacking:0; Truck hijacking:0,0.0271
Cala,Chris Hani District,Eastern Cape,24,Burglary at residential premises,22,Decreased,Robbery with aggravating circumstances:2; Burglary at residential premises:22; Theft of motor vehicle and motorcycle:0; Carjacking:0; Truck hijacking:0,0.0271
St Helena Bay,West Coast District,Western Cape,24,Burglary at residential premises,23,Increased,Robbery with aggravating circumstances:1; Burglary at residential premises:23; Theft of motor vehicle and motorcycle:0; Carjacking:0; Truck hijacking:0,0.0271
Addo,Sarah Baartman District,Eastern Cape,24,Burglary at residential premises,13,Decreased,Robbery with aggravating circumstances:9; Burglary at residential premises:13; Theft of motor vehicle and motorcycle:2; Carjacking:0; Truck hijacking:0,0.0271
Prince Albert,Central Karoo District,Western Cape,24,Burglary at residential premises,24,Increased,Robbery with aggravating circumstances:0; Burglary at residential premises:24; Theft of motor vehicle and motorcycle:0; Carjacking:0; Truck hijacking:0,0.0271
Richmond-Kzn,Umgungundlovu District,KwaZulu-Natal,24,Burglary at residential premises,20,Increased,Robbery with aggravating circumstances:4; Burglary at residential premises:20; Theft of motor vehicle and motorcycle:0; Carjacking:0; Truck hijacking:0,0.0271
Warrenton,Frances Baard District,Northern Cape,24,Burglary at residential premises,16,Decreased,Robbery with aggravating circumstances:7; Burglary at residential premises:16; Theft of motor vehicle and motorcycle:1; Carjacking:0; Truck hijacking:0,0.0271
Emanguzi,Umkhanyakude District,KwaZulu-Natal,24,Burglary at residential premises,15,Decreased,Robbery with aggravating circumstances:9; Burglary at residential premises:15; Theft of motor vehicle and motorcycle:0; Carjacking:0; Truck hijacking:0,0.0271
Ezibeleni,Chris Hani District,Eastern Cape,24,Burglary at residential premises,23,Increased,Robbery with aggravating circumstances:1; Burglary at residential premises:23; Theft of motor vehicle and motorcycle:0; Carjacking:0; Truck hijacking:0,0.0271
Bathurst,Sarah Baartman District,Eastern Cape,24,Burglary at residential premises,20,Decreased,Robbery with aggravating circumstances:4; Burglary at residential premises:20; Theft of motor vehicle and motorcycle:0; Carjacking:0; Truck hijacking:0,0.0271
Winterton,Uthukela District,KwaZulu-Natal,24,Burglary at residential premises,20,Increased,Robbery with aggravating circumstances:2; Burglary at residential premises:20; Theft of motor vehicle and motorcycle:2; Carjacking:0; Truck hijacking:0,0.0271
Hilton-Kzn,Umgungundlovu District,KwaZulu-Natal,23,Burglary at residential premises,16,Decreased,Robbery with aggravating circumstances:5; Burglary at residential premises:16; Theft of motor vehicle and motorcycle:1; Carjacking:0; Truck hijacking:1,0.0251
Peddie,Amathole District,Eastern Cape,23,Burglary at residential premises,17,Decreased,Robbery with aggravating circumstances:5; Burglary at residential premises:17; Theft of motor vehicle and motorcycle:1; Carjacking:0; Truck hijacking:0,0.0251
Kamhlushwa,Ehlanzeni District,Mpumalanga,23,Burglary at residential premises,21,Increased,Robbery with aggravating circumstances:2; Burglary at residential premises:21; Theft of motor vehicle and motorcycle:0; Carjacking:0; Truck hijacking:0,0.0251
Vrede,Thabo Mofutsanyana District,Free State,23,Burglary at residential premises,15,Decreased,Robbery with aggravating circumstances:7; Burglary at residential premises:15; Theft of motor vehicle and motorcycle:1; Carjacking:0; Truck hijacking:0,0.0251
Piketberg,West Coast District,Western Cape,23,Burglary at residential premises,20,Increased,Robbery with aggravating circumstances:1; Burglary at residential premises:20; Theft of motor vehicle and motorcycle:2; Carjacking:0; Truck hijacking:0,0.0251
Sekhukhune,Sekhukhune District,Limpopo,23,Burglary at residential premises,12,Increased,Robbery with aggravating circumstances:9; Burglary at residential premises:12; Theft of motor vehicle and motorcycle:1; Carjacking:1; Truck hijacking:0,0.0251
Bandelierkop,Vhembe District,Limpopo,23,Burglary at residential premises,16,Increased,Robbery with aggravating circumstances:6; Burglary at residential premises:16; Theft of motor vehicle and motorcycle:1; Carjacking:0; Truck hijacking:0,0.0251
Hoedspruit,Mopani District,Limpopo,23,Burglary at residential premises,14,Increased,Robbery with aggravating circumstances:6; Burglary at residential premises:14; Theft of motor vehicle and motorcycle:2; Carjacking:1; Truck hijacking:0,0.0251
Ganyesa,Dr Ruth Segomotsi Mompati District,North West,23,Burglary at residential premises,19,Increased,Robbery with aggravating circumstances:4; Burglary at residential premises:19; Theft of motor vehicle and motorcycle:0; Carjacking:0; Truck hijacking:0,0.0251
Mabeskraal,Bojanala District,North West,23,Burglary at residential premises,15,Increased,Robbery with aggravating circumstances:5; Burglary at residential premises:15; Theft of motor vehicle and motorcycle:1; Carjacking:2; Truck hijacking:0,0.0251
Daggakraal,Gert Sibande District,Mpumalanga,23,Burglary at residential premises,17,Decreased,Robbery with aggravating circumstances:4; Burglary at residential premises:17; Theft of motor vehicle and motorcycle:2; Carjacking:0; Truck hijacking:0,0.0251
Mokwakwaila,Mopani District,Limpopo,23,Burglary at residential premises,15,Decreased,Robbery with aggravating circumstances:8; Burglary at residential premises:15; Theft of motor vehicle and motorcycle:0; Carjacking:0; Truck hijacking:0,0.0251
Tamara,Buffalo City District,Eastern Cape,22,Burglary at residential premises,20,Increased,Robbery with aggravating circumstances:2; Burglary at residential premises:20; Theft of motor vehicle and motorcycle:0; Carjacking:0; Truck hijacking:0,0.0232
De Aar,Pixley ka Seme District,Northern Cape,22,Burglary at residential premises,18,Decreased,Robbery with aggravating circumstances:3; Burglary at residential premises:18; Theft of motor vehicle and motorcycle:1; Carjacking:0; Truck hijacking:0,0.0232
Newark,Ilembe District,KwaZulu-Natal,22,Robbery with aggravating circumstances,12,Increased,Robbery with aggravating circumstances:12; Burglary at residential premises:10; Theft of motor vehicle and motorcycle:0; Carjacking:0; Truck hijacking:0,0.0232
Dysselsdorp,Garden Route District,Western Cape,22,Burglary at residential premises,21,Increased,Robbery with aggravating circumstances:1; Burglary at residential premises:21; Theft of motor vehicle and motorcycle:0; Carjacking:0; Truck hijacking:0,0.0232
Maloti,Alfred Nzo District,Eastern Cape,22,Burglary at residential premises,14,Increased,Robbery with aggravating circumstances:7; Burglary at residential premises:14; Theft of motor vehicle and motorcycle:1; Carjacking:0; Truck hijacking:0,0.0232
Kinross,Gert Sibande District,Mpumalanga,22,Burglary at residential premises,13,Decreased,Robbery with aggravating circumstances:6; Burglary at residential premises:13; Theft of motor vehicle and motorcycle:0; Carjacking:3; Truck hijacking:0,0.0232
Siloam,Vhembe District,Limpopo,22,Burglary at residential premises,16,Decreased,Robbery with aggravating circumstances:6; Burglary at residential premises:16; Theft of motor vehicle and motorcycle:0; Carjacking:0; Truck hijacking:0,0.0232
Sunrise View,Lejweleputswa District,Free State,22,Robbery with aggravating circumstances,15,Increased,Robbery with aggravating circumstances:15; Burglary at residential premises:7; Theft of motor vehicle and motorcycle:0; Carjacking:0; Truck hijacking:0,0.0232
Impendle,Umgungundlovu District,KwaZulu-Natal,22,Burglary at residential premises,18,Increased,Robbery with aggravating circumstances:3; Burglary at residential premises:18; Theft of motor vehicle and motorcycle:1; Carjacking:0; Truck hijacking:0,0.0232
Ventersburg,Lejweleputswa District,Free State,21,Burglary at residential premises,18,Increased,Robbery with aggravating circumstances:2; Burglary at residential premises:18; Theft of motor vehicle and motorcycle:1; Carjacking:0; Truck hijacking:0,0.0213
Cacadu,Chris Hani District,Eastern Cape,21,Burglary at residential premises,13,Increased,Robbery with aggravating circumstances:7; Burglary at residential premises:13; Theft of motor vehicle and motorcycle:1; Carjacking:0; Truck hijacking:0,0.0213
Bainsvlei,Mangaung District,Free State,21,Burglary at residential premises,15,Decreased,Robbery with aggravating circumstances:1; Burglary at residential premises:15; Theft of motor vehicle and motorcycle:5; Carjacking:0; Truck hijacking:0,0.0213
Tlokoeng,Joe Gqabi District,Eastern Cape,21,Burglary at residential premises,18,Decreased,Robbery with aggravating circumstances:2; Burglary at residential premises:18; Theft of motor vehicle and motorcycle:1; Carjacking:0; Truck hijacking:0,0.0213
Lambertsbaai,West Coast District,Western Cape,21,Burglary at residential premises,20,Increased,Robbery with aggravating circumstances:1; Burglary at residential premises:20; Theft of motor vehicle and motorcycle:0; Carjacking:0; Truck hijacking:0,0.0213
Kranskop,Umzinyathi District,KwaZulu-Natal,21,Robbery with aggravating circumstances,10,Increased,Robbery with aggravating circumstances:10; Burglary at residential premises:9; Theft of motor vehicle and motorcycle:0; Carjacking:2; Truck hijacking:0,0.0213
Nababeep,Namakwa District,Northern Cape,21,Burglary at residential premises,19,Increased,Robbery with aggravating circumstances:2; Burglary at residential premises:19; Theft of motor vehicle and motorcycle:0; Carjacking:0; Truck hijacking:0,0.0213
Vaalwater,Waterberg District,Limpopo,21,Burglary at residential premises,17,Increased,Robbery with aggravating circumstances:4; Burglary at residential premises:17; Theft of motor vehicle and motorcycle:0; Carjacking:0; Truck hijacking:0,0.0213
Boipatong,Sedibeng District,Gauteng,21,Robbery with aggravating circumstances,8,Increased,Robbery with aggravating circumstances:8; Burglary at residential premises:6; Theft of motor vehicle and motorcycle:5; Carjacking:1; Truck hijacking:1,0.0213
Magatle,Capricorn District,Limpopo,21,Burglary at residential premises,11,Decreased,Robbery with aggravating circumstances:9; Burglary at residential premises:11; Theft of motor vehicle and motorcycle:0; Carjacking:1; Truck hijacking:0,0.0213
Darling,West Coast District,Western Cape,21,Burglary at residential premises,19,Increased,Robbery with aggravating circumstances:1; Burglary at residential premises:19; Theft of motor vehicle and motorcycle:1; Carjacking:0; Truck hijacking:0,0.0213
Saron,Cape Winelands District,Western Cape,20,Burglary at residential premises,18,Increased,Robbery with aggravating circumstances:2; Burglary at residential premises:18; Theft of motor vehicle and motorcycle:0; Carjacking:0; Truck hijacking:0,0.0193
New Hanover,Umgungundlovu District,KwaZulu-Natal,20,Burglary at residential premises,17,Increased,Robbery with aggravating circumstances:3; Burglary at residential premises:17; Theft of motor vehicle and motorcycle:0; Carjacking:0; Truck hijacking:0,0.0193
Fouriesburg,Thabo Mofutsanyana District,Free State,20,Burglary at residential premises,18,Increased,Robbery with aggravating circumstances:2; Burglary at residential premises:18; Theft of motor vehicle and motorcycle:0; Carjacking:0; Truck hijacking:0,0.0193
Madibogo,Ngaka Modiri Molema District,North West,20,Burglary at residential premises,16,Increased,Robbery with aggravating circumstances:4; Burglary at residential premises:16; Theft of motor vehicle and motorcycle:0; Carjacking:0; Truck hijacking:0,0.0193
MaXesibeni,Alfred Nzo District,Eastern Cape,20,Burglary at residential premises,14,Decreased,Robbery with aggravating circumstances:4; Burglary at residential premises:14; Theft of motor vehicle and motorcycle:0; Carjacking:2; Truck hijacking:0,0.0193
Camperdown,Umgungundlovu District,KwaZulu-Natal,20,Robbery with aggravating circumstances,11,Increased,Robbery with aggravating circumstances:11; Burglary at residential premises:6; Theft of motor vehicle and motorcycle:3; Carjacking:0; Truck hijacking:0,0.0193
St Faiths,Ugu District,KwaZulu-Natal,20,Robbery with aggravating circumstances,10,Increased,Robbery with aggravating circumstances:10; Burglary at residential premises:10; Theft of motor vehicle and motorcycle:0; Carjacking:0; Truck hijacking:0,0.0193
Sekgosese,Mopani District,Limpopo,20,Robbery with aggravating circumstances,13,Increased,Robbery with aggravating circumstances:13; Burglary at residential premises:7; Theft of motor vehicle and motorcycle:0; Carjacking:0; Truck hijacking:0,0.0193
Allanridge,Lejweleputswa District,Free State,20,Burglary at residential premises,16,Increased,Robbery with aggravating circumstances:4; Burglary at residential premises:16; Theft of motor vehicle and motorcycle:0; Carjacking:0; Truck hijacking:0,0.0193
Senekal,Thabo Mofutsanyana District,Free State,20,Burglary at residential premises,14,Decreased,Robbery with aggravating circumstances:6; Burglary at residential premises:14; Theft of motor vehicle and motorcycle:0; Carjacking:0; Truck hijacking:0,0.0193
Riversdale,Garden Route District,Western Cape,20,Burglary at residential premises,19,Increased,Robbery with aggravating circumstances:1; Burglary at residential premises:19; Theft of motor vehicle and motorcycle:0; Carjacking:0; Truck hijacking:0,0.0193
Tinmyne,Waterberg District,Limpopo,20,Burglary at residential premises,13,Decreased,Robbery with aggravating circumstances:6; Burglary at residential premises:13; Theft of motor vehicle and motorcycle:1; Carjacking:0; Truck hijacking:0,0.0193
Ntabamhlophe,Uthukela District,KwaZulu-Natal,20,Burglary at residential premises,17,Increased,Robbery with aggravating circumstances:2; Burglary at residential premises:17; Theft of motor vehicle and motorcycle:1; Carjacking:0; Truck hijacking:0,0.0193
Hammarsdale,eThekwini District,KwaZulu-Natal,20,Burglary at residential premises,10,Increased,Robbery with aggravating circumstances:9; Burglary at residential premises:10; Theft of motor vehicle and motorcycle:0; Carjacking:1; Truck hijacking:0,0.0193
Tarlton,West Rand District,Gauteng,19,Burglary at residential premises,11,Decreased,Robbery with aggravating circumstances:7; Burglary at residential premises:11; Theft of motor vehicle and motorcycle:1; Carjacking:0; Truck hijacking:0,0.0174
Uniondale,Garden Route District,Western Cape,19,Burglary at residential premises,19,Decreased,Robbery with aggravating circumstances:0; Burglary at residential premises:19; Theft of motor vehicle and motorcycle:0; Carjacking:0; Truck hijacking:0,0.0174
Napier,Overberg District,Western Cape,19,Burglary at residential premises,17,Increased,Robbery with aggravating circumstances:2; Burglary at residential premises:17; Theft of motor vehicle and motorcycle:0; Carjacking:0; Truck hijacking:0,0.0174
Riviersonderend,Overberg District,Western Cape,19,Burglary at residential premises,17,Increased,Robbery with aggravating circumstances:2; Burglary at residential premises:17; Theft of motor vehicle and motorcycle:0; Carjacking:0; Truck hijacking:0,0.0174
Driekop,Sekhukhune District,Limpopo,19,Burglary at residential premises,14,Increased,Robbery with aggravating circumstances:4; Burglary at residential premises:14; Theft of motor vehicle and motorcycle:1; Carjacking:0; Truck hijacking:0,0.0174
Groot-Drakenstein,Cape Winelands District,Western Cape,19,Burglary at residential premises,13,Decreased,Robbery with aggravating circumstances:6; Burglary at residential premises:13; Theft of motor vehicle and motorcycle:0; Carjacking:0; Truck hijacking:0,0.0174
Boshof,Lejweleputswa District,Free State,19,Burglary at residential premises,17,Increased,Robbery with aggravating circumstances:1; Burglary at residential premises:17; Theft of motor vehicle and motorcycle:1; Carjacking:0; Truck hijacking:0,0.0174
Hoopstad,Lejweleputswa District,Free State,19,Burglary at residential premises,17,Decreased,Robbery with aggravating circumstances:2; Burglary at residential premises:17; Theft of motor vehicle and motorcycle:0; Carjacking:0; Truck hijacking:0,0.0174
Rakgoadi,Sekhukhune District,Limpopo,19,Burglary at residential premises,12,Increased,Robbery with aggravating circumstances:6; Burglary at residential premises:12; Theft of motor vehicle and motorcycle:0; Carjacking:1; Truck hijacking:0,0.0174
Groot Brakrivier,Garden Route District,Western Cape,19,Burglary at residential premises,18,Increased,Robbery with aggravating circumstances:0; Burglary at residential premises:18; Theft of motor vehicle and motorcycle:1; Carjacking:0; Truck hijacking:0,0.0174
Lady Grey,Joe Gqabi District,Eastern Cape,19,Burglary at residential premises,18,Increased,Robbery with aggravating circumstances:1; Burglary at residential premises:18; Theft of motor vehicle and motorcycle:0; Carjacking:0; Truck hijacking:0,0.0174
Calitzdorp,Garden Route District,Western Cape,19,Burglary at residential premises,17,Increased,Robbery with aggravating circumstances:2; Burglary at residential premises:17; Theft of motor vehicle and motorcycle:0; Carjacking:0; Truck hijacking:0,0.0174
Ibisi,Harry Gwala District,KwaZulu-Natal,19,Burglary at residential premises,12,Increased,Robbery with aggravating circumstances:6; Burglary at residential premises:12; Theft of motor vehicle and motorcycle:1; Carjacking:0; Truck hijacking:0,0.0174
Swartruggens,Bojanala District,North West,18,Burglary at residential premises,12,Decreased,Robbery with aggravating circumstances:4; Burglary at residential premises:12; Theft of motor vehicle and motorcycle:2; Carjacking:0; Truck hijacking:0,0.0155
Dewetsdorp,Mangaung District,Free State,18,Burglary at residential premises,16,Increased,Robbery with aggravating circumstances:1; Burglary at residential premises:16; Theft of motor vehicle and motorcycle:0; Carjacking:1; Truck hijacking:0,0.0155
Balfour TVL,Gert Sibande District,Mpumalanga,18,Burglary at residential premises,14,Decreased,Robbery with aggravating circumstances:2; Burglary at residential premises:14; Theft of motor vehicle and motorcycle:1; Carjacking:1; Truck hijacking:0,0.0155
Verena,Nkangala District,Mpumalanga,18,Burglary at residential premises,13,Decreased,Robbery with aggravating circumstances:5; Burglary at residential premises:13; Theft of motor vehicle and motorcycle:0; Carjacking:0; Truck hijacking:0,0.0155
Port St Johns,OR Tambo District,Eastern Cape,18,Robbery with aggravating circumstances,10,Increased,Robbery with aggravating circumstances:10; Burglary at residential premises:7; Theft of motor vehicle and motorcycle:0; Carjacking:1; Truck hijacking:0,0.0155
Brandfort,Lejweleputswa District,Free State,18,Burglary at residential premises,17,Decreased,Robbery with aggravating circumstances:1; Burglary at residential premises:17; Theft of motor vehicle and motorcycle:0; Carjacking:0; Truck hijacking:0,0.0155
Villiers,Fezile Dabi District,Free State,18,Burglary at residential premises,13,Increased,Robbery with aggravating circumstances:3; Burglary at residential premises:13; Theft of motor vehicle and motorcycle:1; Carjacking:1; Truck hijacking:0,0.0155
Witpoort,Waterberg District,Limpopo,18,Burglary at residential premises,14,Increased,Robbery with aggravating circumstances:2; Burglary at residential premises:14; Theft of motor vehicle and motorcycle:1; Carjacking:1; Truck hijacking:0,0.0155
Hluhluwe,Umkhanyakude District,KwaZulu-Natal,18,Burglary at residential premises,11,Decreased,Robbery with aggravating circumstances:7; Burglary at residential premises:11; Theft of motor vehicle and motorcycle:0; Carjacking:0; Truck hijacking:0,0.0155
Sulenkama,OR Tambo District,Eastern Cape,18,Burglary at residential premises,10,Increased,Robbery with aggravating circumstances:8; Burglary at residential premises:10; Theft of motor vehicle and motorcycle:0; Carjacking:0; Truck hijacking:0,0.0155
Punzana,Buffalo City District,Eastern Cape,17,Burglary at residential premises,16,Increased,Robbery with aggravating circumstances:1; Burglary at residential premises:16; Theft of motor vehicle and motorcycle:0; Carjacking:0; Truck hijacking:0,0.0135
Mooi River,Umgungundlovu District,KwaZulu-Natal,17,Burglary at residential premises,12,Decreased,Robbery with aggravating circumstances:4; Burglary at residential premises:12; Theft of motor vehicle and motorcycle:1; Carjacking:0; Truck hijacking:0,0.0135
Tsomo,Chris Hani District,Eastern Cape,17,Burglary at residential premises,9,Stabilized,Robbery with aggravating circumstances:6; Burglary at residential premises:9; Theft of motor vehicle and motorcycle:0; Carjacking:2; Truck hijacking:0,0.0135
Ottosdal,Ngaka Modiri Molema District,North West,17,Burglary at residential premises,11,Decreased,Robbery with aggravating circumstances:6; Burglary at residential premises:11; Theft of motor vehicle and motorcycle:0; Carjacking:0; Truck hijacking:0,0.0135
Nottingham Road,Umgungundlovu District,KwaZulu-Natal,17,Burglary at residential premises,14,Increased,Robbery with aggravating circumstances:2; Burglary at residential premises:14; Theft of motor vehicle and motorcycle:0; Carjacking:0; Truck hijacking:1,0.0135
Bonnievale,Cape Winelands District,Western Cape,17,Burglary at residential premises,15,Decreased,Robbery with aggravating circumstances:2; Burglary at residential premises:15; Theft of motor vehicle and motorcycle:0; Carjacking:0; Truck hijacking:0,0.0135
Hopetown,Pixley ka Seme District,Northern Cape,17,Burglary at residential premises,13,Decreased,Robbery with aggravating circumstances:4; Burglary at residential premises:13; Theft of motor vehicle and motorcycle:0; Carjacking:0; Truck hijacking:0,0.0135
Dube,Tshwane District,Gauteng,17,Burglary at residential premises,9,Decreased,Robbery with aggravating circumstances:7; Burglary at residential premises:9; Theft of motor vehicle and motorcycle:0; Carjacking:1; Truck hijacking:0,0.0135
Cyferskuil,Bojanala District,North West,17,Burglary at residential premises,11,Increased,Robbery with aggravating circumstances:6; Burglary at residential premises:11; Theft of motor vehicle and motorcycle:0; Carjacking:0; Truck hijacking:0,0.0135
Vierfontein,Fezile Dabi District,Free State,17,Theft of motor vehicle and motorcycle,10,Increased,Robbery with aggravating circumstances:1; Burglary at residential premises:6; Theft of motor vehicle and motorcycle:10; Carjacking:0; Truck hijacking:0,0.0135
Sannieshof,Ngaka Modiri Molema District,North West,17,Burglary at residential premises,8,Decreased,Robbery with aggravating circumstances:7; Burglary at residential premises:8; Theft of motor vehicle and motorcycle:0; Carjacking:1; Truck hijacking:1,0.0135
Msinsini,Ugu District,KwaZulu-Natal,17,Robbery with aggravating circumstances,11,Increased,Robbery with aggravating circumstances:11; Burglary at residential premises:6; Theft of motor vehicle and motorcycle:0; Carjacking:0; Truck hijacking:0,0.0135
Sunrise,Pixley ka Seme District,Northern Cape,17,Burglary at residential premises,15,Increased,Robbery with aggravating circumstances:2; Burglary at residential premises:15; Theft of motor vehicle and motorcycle:0; Carjacking:0; Truck hijacking:0,0.0135
Masemola,Sekhukhune District,Limpopo,17,Robbery with aggravating circumstances,9,Increased,Robbery with aggravating circumstances:9; Burglary at residential premises:7; Theft of motor vehicle and motorcycle:1; Carjacking:0; Truck hijacking:0,0.0135
De Rust,Garden Route District,Western Cape,16,Burglary at residential premises,16,Increased,Robbery with aggravating circumstances:0; Burglary at residential premises:16; Theft of motor vehicle and motorcycle:0; Carjacking:0; Truck hijacking:0,0.0116
Villiersdorp,Overberg District,Western Cape,16,Burglary at residential premises,15,Decreased,Robbery with aggravating circumstances:0; Burglary at residential premises:15; Theft of motor vehicle and motorcycle:1; Carjacking:0; Truck hijacking:0,0.0116
Laingsburg,Central Karoo District,Western Cape,16,Burglary at residential premises,16,Increased,Robbery with aggravating circumstances:0; Burglary at residential premises:16; Theft of motor vehicle and motorcycle:0; Carjacking:0; Truck hijacking:0,0.0116
Heidelberg(C),Garden Route District,Western Cape,16,Burglary at residential premises,15,Stabilized,Robbery with aggravating circumstances:1; Burglary at residential premises:15; Theft of motor vehicle and motorcycle:0; Carjacking:0; Truck hijacking:0,0.0116
Umsunduzi,eThekwini District,KwaZulu-Natal,16,Burglary at residential premises,10,Increased,Robbery with aggravating circumstances:5; Burglary at residential premises:10; Theft of motor vehicle and motorcycle:0; Carjacking:1; Truck hijacking:0,0.0116
Wartburg,Umgungundlovu District,KwaZulu-Natal,16,Burglary at residential premises,15,Increased,Robbery with aggravating circumstances:1; Burglary at residential premises:15; Theft of motor vehicle and motorcycle:0; Carjacking:0; Truck hijacking:0,0.0116
Malipsdrift,Capricorn District,Limpopo,16,Burglary at residential premises,9,Increased,Robbery with aggravating circumstances:6; Burglary at residential premises:9; Theft of motor vehicle and motorcycle:1; Carjacking:0; Truck hijacking:0,0.0116
Utrecht,Amajuba District,KwaZulu-Natal,16,Burglary at residential premises,14,Increased,Robbery with aggravating circumstances:2; Burglary at residential premises:14; Theft of motor vehicle and motorcycle:0; Carjacking:0; Truck hijacking:0,0.0116
Gilead,Waterberg District,Limpopo,16,Burglary at residential premises,8,Decreased,Robbery with aggravating circumstances:7; Burglary at residential premises:8; Theft of motor vehicle and motorcycle:1; Carjacking:0; Truck hijacking:0,0.0116
Wembezi,Uthukela District,KwaZulu-Natal,16,Burglary at residential premises,13,Decreased,Robbery with aggravating circumstances:3; Burglary at residential premises:13; Theft of motor vehicle and motorcycle:0; Carjacking:0; Truck hijacking:0,0.0116
Motswedi,Ngaka Modiri Molema District,North West,16,Burglary at residential premises,11,Stabilized,Robbery with aggravating circumstances:5; Burglary at residential premises:11; Theft of motor vehicle and motorcycle:0; Carjacking:0; Truck hijacking:0,0.0116
Koppies,Fezile Dabi District,Free State,16,Burglary at residential premises,13,Increased,Robbery with aggravating circumstances:2; Burglary at residential premises:13; Theft of motor vehicle and motorcycle:1; Carjacking:0; Truck hijacking:0,0.0116
Weenen,Uthukela District,KwaZulu-Natal,16,Robbery with aggravating circumstances,11,Increased,Robbery with aggravating circumstances:11; Burglary at residential premises:4; Theft of motor vehicle and motorcycle:0; Carjacking:1; Truck hijacking:0,0.0116
Jericho,Bojanala District,North West,16,Burglary at residential premises,15,Increased,Robbery with aggravating circumstances:1; Burglary at residential premises:15; Theft of motor vehicle and motorcycle:0; Carjacking:0; Truck hijacking:0,0.0116
Albertinia,Garden Route District,Western Cape,16,Burglary at residential premises,15,Stabilized,Robbery with aggravating circumstances:1; Burglary at residential premises:15; Theft of motor vehicle and motorcycle:0; Carjacking:0; Truck hijacking:0,0.0116
Zastron,Xhariep District,Free State,15,Burglary at residential premises,13,Decreased,Robbery with aggravating circumstances:2; Burglary at residential premises:13; Theft of motor vehicle and motorcycle:0; Carjacking:0; Truck hijacking:0,0.0097
Macleantown,Buffalo City District,Eastern Cape,15,Burglary at residential premises,14,Increased,Robbery with aggravating circumstances:1; Burglary at residential premises:14; Theft of motor vehicle and motorcycle:0; Carjacking:0; Truck hijacking:0,0.0097
Touws River,Cape Winelands District,Western Cape,15,Burglary at residential premises,14,Increased,Robbery with aggravating circumstances:1; Burglary at residential premises:14; Theft of motor vehicle and motorcycle:0; Carjacking:0; Truck hijacking:0,0.0097
Mashashane,Capricorn District,Limpopo,15,Burglary at residential premises,14,Decreased,Robbery with aggravating circumstances:1; Burglary at residential premises:14; Theft of motor vehicle and motorcycle:0; Carjacking:0; Truck hijacking:0,0.0097
Alexandria,Sarah Baartman District,Eastern Cape,15,Burglary at residential premises,10,Decreased,Robbery with aggravating circumstances:5; Burglary at residential premises:10; Theft of motor vehicle and motorcycle:0; Carjacking:0; Truck hijacking:0,0.0097
Tshaulu,Vhembe District,Limpopo,15,Burglary at residential premises,9,Decreased,Robbery with aggravating circumstances:5; Burglary at residential premises:9; Theft of motor vehicle and motorcycle:1; Carjacking:0; Truck hijacking:0,0.0097
Groblershoop,ZF Mgcawu District,Northern Cape,15,Burglary at residential premises,15,Increased,Robbery with aggravating circumstances:0; Burglary at residential premises:15; Theft of motor vehicle and motorcycle:0; Carjacking:0; Truck hijacking:0,0.0097
Ashton,Cape Winelands District,Western Cape,15,Burglary at residential premises,13,Stabilized,Robbery with aggravating circumstances:2; Burglary at residential premises:13; Theft of motor vehicle and motorcycle:0; Carjacking:0; Truck hijacking:0,0.0097
Thaba-Nchu,Mangaung District,Free State,15,Burglary at residential premises,9,Decreased,Robbery with aggravating circumstances:6; Burglary at residential premises:9; Theft of motor vehicle and motorcycle:0; Carjacking:0; Truck hijacking:0,0.0097
Leeu Gamka,Central Karoo District,Western Cape,15,Burglary at residential premises,15,Increased,Robbery with aggravating circumstances:0; Burglary at residential premises:15; Theft of motor vehicle and motorcycle:0; Carjacking:0; Truck hijacking:0,0.0097
Petrus Steyn,Thabo Mofutsanyana District,Free State,15,Burglary at residential premises,13,Increased,Robbery with aggravating circumstances:2; Burglary at residential premises:13; Theft of motor vehicle and motorcycle:0; Carjacking:0; Truck hijacking:0,0.0097
Kidds Beach,Buffalo City District,Eastern Cape,15,Burglary at residential premises,13,Decreased,Robbery with aggravating circumstances:2; Burglary at residential premises:13; Theft of motor vehicle and motorcycle:0; Carjacking:0; Truck hijacking:0,0.0097
Stella,Dr Ruth Segomotsi Mompati District,North West,15,Burglary at residential premises,12,Increased,Robbery with aggravating circumstances:2; Burglary at residential premises:12; Theft of motor vehicle and motorcycle:1; Carjacking:0; Truck hijacking:0,0.0097
Clanwilliam,West Coast District,Western Cape,15,Burglary at residential premises,15,Decreased,Robbery with aggravating circumstances:0; Burglary at residential premises:15; Theft of motor vehicle and motorcycle:0; Carjacking:0; Truck hijacking:0,0.0097
Kgomotso,Dr Ruth Segomotsi Mompati District,North West,15,Burglary at residential premises,11,Increased,Robbery with aggravating circumstances:4; Burglary at residential premises:11; Theft of motor vehicle and motorcycle:0; Carjacking:0; Truck hijacking:0,0.0097
Mzamba,Alfred Nzo District,Eastern Cape,15,Robbery with aggravating circumstances,6,Increased,Robbery with aggravating circumstances:6; Burglary at residential premises:4; Theft of motor vehicle and motorcycle:2; Carjacking:3; Truck hijacking:0,0.0097
Prieska,Pixley ka Seme District,Northern Cape,15,Burglary at residential premises,14,Increased,Robbery with aggravating circumstances:1; Burglary at residential premises:14; Theft of motor vehicle and motorcycle:0; Carjacking:0; Truck hijacking:0,0.0097
Burgersdorp,Joe Gqabi District,Eastern Cape,15,Burglary at residential premises,15,Decreased,Robbery with aggravating circumstances:0; Burglary at residential premises:15; Theft of motor vehicle and motorcycle:0; Carjacking:0; Truck hijacking:0,0.0097
Mothotlung,Bojanala District,North West,15,Burglary at residential premises,9,Increased,Robbery with aggravating circumstances:5; Burglary at residential premises:9; Theft of motor vehicle and motorcycle:0; Carjacking:1; Truck hijacking:0,0.0097
Coligny,Ngaka Modiri Molema District,North West,14,Burglary at residential premises,12,Decreased,Robbery with aggravating circumstances:2; Burglary at residential premises:12; Theft of motor vehicle and motorcycle:0; Carjacking:0; Truck hijacking:0,0.0077
Trichardt,Gert Sibande District,Mpumalanga,14,Burglary at residential premises,10,Increased,Robbery with aggravating circumstances:1; Burglary at residential premises:10; Theft of motor vehicle and motorcycle:3; Carjacking:0; Truck hijacking:0,0.0077
Cofimvaba,Chris Hani District,Eastern Cape,14,Burglary at residential premises,11,Increased,Robbery with aggravating circumstances:3; Burglary at residential premises:11; Theft of motor vehicle and motorcycle:0; Carjacking:0; Truck hijacking:0,0.0077
Hankey,Sarah Baartman District,Eastern Cape,14,Burglary at residential premises,10,Decreased,Robbery with aggravating circumstances:4; Burglary at residential premises:10; Theft of motor vehicle and motorcycle:0; Carjacking:0; Truck hijacking:0,0.0077
Tweeling,Fezile Dabi District,Free State,14,Burglary at residential premises,8,Stabilized,Robbery with aggravating circumstances:5; Burglary at residential premises:8; Theft of motor vehicle and motorcycle:1; Carjacking:0; Truck hijacking:0,0.0077
Inchanga,eThekwini District,KwaZulu-Natal,14,Burglary at residential premises,8,Decreased,Robbery with aggravating circumstances:5; Burglary at residential premises:8; Theft of motor vehicle and motorcycle:0; Carjacking:1; Truck hijacking:0,0.0077
Molteno,Chris Hani District,Eastern Cape,14,Burglary at residential premises,14,Decreased,Robbery with aggravating circumstances:0; Burglary at residential premises:14; Theft of motor vehicle and motorcycle:0; Carjacking:0; Truck hijacking:0,0.0077
Dalasile,Chris Hani District,Eastern Cape,14,Burglary at residential premises,11,Increased,Robbery with aggravating circumstances:2; Burglary at residential premises:11; Theft of motor vehicle and motorcycle:0; Carjacking:0; Truck hijacking:1,0.0077
Steytlerville,Sarah Baartman District,Eastern Cape,14,Burglary at residential premises,14,Increased,Robbery with aggravating circumstances:0; Burglary at residential premises:14; Theft of motor vehicle and motorcycle:0; Carjacking:0; Truck hijacking:0,0.0077
Paul Roux,Thabo Mofutsanyana District,Free State,14,Burglary at residential premises,14,Increased,Robbery with aggravating circumstances:0; Burglary at residential premises:14; Theft of motor vehicle and motorcycle:0; Carjacking:0; Truck hijacking:0,0.0077
Elandskraal,Sekhukhune District,Limpopo,14,Burglary at residential premises,7,Stabilized,Robbery with aggravating circumstances:6; Burglary at residential premises:7; Theft of motor vehicle and motorcycle:1; Carjacking:0; Truck hijacking:0,0.0077
Mbongolwane,King Cetshwayo District,KwaZulu-Natal,14,Robbery with aggravating circumstances,8,Increased,Robbery with aggravating circumstances:8; Burglary at residential premises:6; Theft of motor vehicle and motorcycle:0; Carjacking:0; Truck hijacking:0,0.0077
Genadendal,Overberg District,Western Cape,14,Burglary at residential premises,13,Decreased,Robbery with aggravating circumstances:1; Burglary at residential premises:13; Theft of motor vehicle and motorcycle:0; Carjacking:0; Truck hijacking:0,0.0077
Amangwe,Uthukela District,KwaZulu-Natal,14,Burglary at residential premises,9,Increased,Robbery with aggravating circumstances:5; Burglary at residential premises:9; Theft of motor vehicle and motorcycle:0; Carjacking:0; Truck hijacking:0,0.0077
Paterson,Sarah Baartman District,Eastern Cape,14,Burglary at residential premises,13,Increased,Robbery with aggravating circumstances:1; Burglary at residential premises:13; Theft of motor vehicle and motorcycle:0; Carjacking:0; Truck hijacking:0,0.0077
Patensie,Sarah Baartman District,Eastern Cape,14,Burglary at residential premises,14,Increased,Robbery with aggravating circumstances:0; Burglary at residential premises:14; Theft of motor vehicle and motorcycle:0; Carjacking:0; Truck hijacking:0,0.0077
Glencoe,Umzinyathi District,KwaZulu-Natal,14,Burglary at residential premises,8,Decreased,Robbery with aggravating circumstances:6; Burglary at residential premises:8; Theft of motor vehicle and motorcycle:0; Carjacking:0; Truck hijacking:0,0.0077
Devon,Ekurhuleni District,Gauteng,14,Robbery with aggravating circumstances,6,Decreased,Robbery with aggravating circumstances:6; Burglary at residential premises:5; Theft of motor vehicle and motorcycle:0; Carjacking:3; Truck hijacking:0,0.0077
Creighton,Harry Gwala District,KwaZulu-Natal,13,Burglary at residential premises,7,Increased,Robbery with aggravating circumstances:4; Burglary at residential premises:7; Theft of motor vehicle and motorcycle:1; Carjacking:1; Truck hijacking:0,0.0058
Amersfoort,Gert Sibande District,Mpumalanga,13,Burglary at residential premises,12,Increased,Robbery with aggravating circumstances:1; Burglary at residential premises:12; Theft of motor vehicle and motorcycle:0; Carjacking:0; Truck hijacking:0,0.0058
Bergville,Uthukela District,KwaZulu-Natal,13,Burglary at residential premises,11,Decreased,Robbery with aggravating circumstances:1; Burglary at residential premises:11; Theft of motor vehicle and motorcycle:1; Carjacking:0; Truck hijacking:0,0.0058
Porterville,West Coast District,Western Cape,13,Burglary at residential premises,10,Decreased,Robbery with aggravating circumstances:3; Burglary at residential premises:10; Theft of motor vehicle and motorcycle:0; Carjacking:0; Truck hijacking:0,0.0058
Kenhardt,ZF Mgcawu District,Northern Cape,13,Burglary at residential premises,13,Stabilized,Robbery with aggravating circumstances:0; Burglary at residential premises:13; Theft of motor vehicle and motorcycle:0; Carjacking:0; Truck hijacking:0,0.0058
Wepener,Mangaung District,Free State,13,Burglary at residential premises,11,Increased,Robbery with aggravating circumstances:1; Burglary at residential premises:11; Theft of motor vehicle and motorcycle:1; Carjacking:0; Truck hijacking:0,0.0058
Vredefort,Fezile Dabi District,Free State,13,Burglary at residential premises,9,Decreased,Robbery with aggravating circumstances:3; Burglary at residential premises:9; Theft of motor vehicle and motorcycle:1; Carjacking:0; Truck hijacking:0,0.0058
Nemato,Sarah Baartman District,Eastern Cape,13,Burglary at residential premises,11,Decreased,Robbery with aggravating circumstances:2; Burglary at residential premises:11; Theft of motor vehicle and motorcycle:0; Carjacking:0; Truck hijacking:0,0.0058
Ladybrand,Thabo Mofutsanyana District,Free State,13,Burglary at residential premises,13,Decreased,Robbery with aggravating circumstances:0; Burglary at residential premises:13; Theft of motor vehicle and motorcycle:0; Carjacking:0; Truck hijacking:0,0.0058
Victoria West,Pixley ka Seme District,Northern Cape,13,Burglary at residential premises,12,Increased,Robbery with aggravating circumstances:1; Burglary at residential premises:12; Theft of motor vehicle and motorcycle:0; Carjacking:0; Truck hijacking:0,0.0058
Deben,John Taolo Gaetsewe District,Northern Cape,13,Burglary at residential premises,12,Increased,Robbery with aggravating circumstances:1; Burglary at residential premises:12; Theft of motor vehicle and motorcycle:0; Carjacking:0; Truck hijacking:0,0.0058
Groot Marico,Ngaka Modiri Molema District,North West,13,Burglary at residential premises,11,Increased,Robbery with aggravating circumstances:2; Burglary at residential premises:11; Theft of motor vehicle and motorcycle:0; Carjacking:0; Truck hijacking:0,0.0058
Still Bay,Garden Route District,Western Cape,13,Burglary at residential premises,11,Decreased,Robbery with aggravating circumstances:1; Burglary at residential premises:11; Theft of motor vehicle and motorcycle:1; Carjacking:0; Truck hijacking:0,0.0058
Marquard,Thabo Mofutsanyana District,Free State,13,Burglary at residential premises,13,Increased,Robbery with aggravating circumstances:0; Burglary at residential premises:13; Theft of motor vehicle and motorcycle:0; Carjacking:0; Truck hijacking:0,0.0058
Koffiefontein,Xhariep District,Free State,13,Burglary at residential premises,10,Stabilized,Robbery with aggravating circumstances:3; Burglary at residential premises:10; Theft of motor vehicle and motorcycle:0; Carjacking:0; Truck hijacking:0,0.0058
Matatiele,Alfred Nzo District,Eastern Cape,13,Burglary at residential premises,12,Decreased,Robbery with aggravating circumstances:1; Burglary at residential premises:12; Theft of motor vehicle and motorcycle:0; Carjacking:0; Truck hijacking:0,0.0058
Mbazwana,Umkhanyakude District,KwaZulu-Natal,13,Burglary at residential premises,9,Increased,Robbery with aggravating circumstances:3; Burglary at residential premises:9; Theft of motor vehicle and motorcycle:1; Carjacking:0; Truck hijacking:0,0.0058
Grootvlei,Gert Sibande District,Mpumalanga,13,Burglary at residential premises,4,Decreased,Robbery with aggravating circumstances:3; Burglary at residential premises:4; Theft of motor vehicle and motorcycle:3; Carjacking:3; Truck hijacking:0,0.0058
Babanango,Zululand District,KwaZulu-Natal,13,Burglary at residential premises,8,Increased,Robbery with aggravating circumstances:4; Burglary at residential premises:8; Theft of motor vehicle and motorcycle:0; Carjacking:1; Truck hijacking:0,0.0058
Hlobane,Zululand District,KwaZulu-Natal,13,Burglary at residential premises,13,Stabilized,Robbery with aggravating circumstances:0; Burglary at residential premises:13; Theft of motor vehicle and motorcycle:0; Carjacking:0; Truck hijacking:0,0.0058
Bedford,Amathole District,Eastern Cape,13,Burglary at residential premises,13,Increased,Robbery with aggravating circumstances:0; Burglary at residential premises:13; Theft of motor vehicle and motorcycle:0; Carjacking:0; Truck hijacking:0,0.0058
Mehlomnyama,Ugu District,KwaZulu-Natal,12,Robbery with aggravating circumstances,7,Increased,Robbery with aggravating circumstances:7; Burglary at residential premises:5; Theft of motor vehicle and motorcycle:0; Carjacking:0; Truck hijacking:0,0.0039
Besters,Uthukela District,KwaZulu-Natal,12,Burglary at residential premises,10,Increased,Robbery with aggravating circumstances:2; Burglary at residential premises:10; Theft of motor vehicle and motorcycle:0; Carjacking:0; Truck hijacking:0,0.0039
Ematsheni,Uthukela District,KwaZulu-Natal,12,Burglary at residential premises,7,Decreased,Robbery with aggravating circumstances:5; Burglary at residential premises:7; Theft of motor vehicle and motorcycle:0; Carjacking:0; Truck hijacking:0,0.0039
Khowa,Chris Hani District,Eastern Cape,12,Burglary at residential premises,8,Decreased,Robbery with aggravating circumstances:2; Burglary at residential premises:8; Theft of motor vehicle and motorcycle:1; Carjacking:1; Truck hijacking:0,0.0039
Sterkstroom,Chris Hani District,Eastern Cape,12,Burglary at residential premises,12,Decreased,Robbery with aggravating circumstances:0; Burglary at residential premises:12; Theft of motor vehicle and motorcycle:0; Carjacking:0; Truck hijacking:0,0.0039
Ntabozuko,Buffalo City District,Eastern Cape,12,Burglary at residential premises,12,Stabilized,Robbery with aggravating circumstances:0; Burglary at residential premises:12; Theft of motor vehicle and motorcycle:0; Carjacking:0; Truck hijacking:0,0.0039
Maydon Wharf,Kwazulu-Natal: ports of entry: Sea,KwaZulu-Natal,12,Theft of motor vehicle and motorcycle,9,Increased,Robbery with aggravating circumstances:2; Burglary at residential premises:1; Theft of motor vehicle and motorcycle:9; Carjacking:0; Truck hijacking:0,0.0039
Thornhill,Sarah Baartman District,Eastern Cape,12,Burglary at residential premises,11,Increased,Robbery with aggravating circumstances:1; Burglary at residential premises:11; Theft of motor vehicle and motorcycle:0; Carjacking:0; Truck hijacking:0,0.0039
Bell,Amathole District,Eastern Cape,12,Burglary at residential premises,12,Increased,Robbery with aggravating circumstances:0; Burglary at residential premises:12; Theft of motor vehicle and motorcycle:0; Carjacking:0; Truck hijacking:0,0.0039
Ugie,Joe Gqabi District,Eastern Cape,12,Burglary at residential premises,9,Increased,Robbery with aggravating circumstances:2; Burglary at residential premises:9; Theft of motor vehicle and motorcycle:1; Carjacking:0; Truck hijacking:0,0.0039
Pampierstat,Frances Baard District,Northern Cape,12,Burglary at residential premises,10,Decreased,Robbery with aggravating circumstances:2; Burglary at residential premises:10; Theft of motor vehicle and motorcycle:0; Carjacking:0; Truck hijacking:0,0.0039
Hertzogville,Lejweleputswa District,Free State,12,Burglary at residential premises,10,Decreased,Robbery with aggravating circumstances:2; Burglary at residential premises:10; Theft of motor vehicle and motorcycle:0; Carjacking:0; Truck hijacking:0,0.0039
Laaiplek,West Coast District,Western Cape,11,Burglary at residential premises,10,Decreased,Robbery with aggravating circumstances:0; Burglary at residential premises:10; Theft of motor vehicle and motorcycle:1; Carjacking:0; Truck hijacking:0,0.0019
Carnarvon,Pixley ka Seme District,Northern Cape,11,Burglary at residential premises,10,Increased,Robbery with aggravating circumstances:1; Burglary at residential premises:10; Theft of motor vehicle and motorcycle:0; Carjacking:0; Truck hijacking:0,0.0019
Kareedouw,Sarah Baartman District,Eastern Cape,11,Burglary at residential premises,9,Decreased,Robbery with aggravating circumstances:2; Burglary at residential premises:9; Theft of motor vehicle and motorcycle:0; Carjacking:0; Truck hijacking:0,0.0019
Prince Alfred Hamlet,Cape Winelands District,Western Cape,11,Burglary at residential premises,8,Increased,Robbery with aggravating circumstances:3; Burglary at residential premises:8; Theft of motor vehicle and motorcycle:0; Carjacking:0; Truck hijacking:0,0.0019
Bedwang,Bojanala District,North West,11,Burglary at residential premises,9,Increased,Robbery with aggravating circumstances:2; Burglary at residential premises:9; Theft of motor vehicle and motorcycle:0; Carjacking:0; Truck hijacking:0,0.0019
Mkhuze,Umkhanyakude District,KwaZulu-Natal,11,Burglary at residential premises,6,Stabilized,Robbery with aggravating circumstances:4; Burglary at residential premises:6; Theft of motor vehicle and motorcycle:0; Carjacking:1; Truck hijacking:0,0.0019
Citrusdal,West Coast District,Western Cape,11,Burglary at residential premises,9,Decreased,Robbery with aggravating circumstances:2; Burglary at residential premises:9; Theft of motor vehicle and motorcycle:0; Carjacking:0; Truck hijacking:0,0.0019
Wrenchville,John Taolo Gaetsewe District,Northern Cape,11,Burglary at residential premises,9,Decreased,Robbery with aggravating circumstances:2; Burglary at residential premises:9; Theft of motor vehicle and motorcycle:0; Carjacking:0; Truck hijacking:0,0.0019
Augrabies,ZF Mgcawu District,Northern Cape,11,Burglary at residential premises,10,Increased,Robbery with aggravating circumstances:1; Burglary at residential premises:10; Theft of motor vehicle and motorcycle:0; Carjacking:0; Truck hijacking:0,0.0019
Nondweni,Umzinyathi District,KwaZulu-Natal,11,Burglary at residential premises,6,Increased,Robbery with aggravating circumstances:5; Burglary at residential premises:6; Theft of motor vehicle and motorcycle:0; Carjacking:0; Truck hijacking:0,0.0019
Dirkiesdorp,Gert Sibande District,Mpumalanga,11,Burglary at residential premises,7,Increased,Robbery with aggravating circumstances:4; Burglary at residential premises:7; Theft of motor vehicle and motorcycle:0; Carjacking:0; Truck hijacking:0,0.0019
Morgenzon Transvaal,Gert Sibande District,Mpumalanga,11,Burglary at residential premises,11,Increased,Robbery with aggravating circumstances:0; Burglary at residential premises:11; Theft of motor vehicle and motorcycle:0; Carjacking:0; Truck hijacking:0,0.0019
Schweizer-Reneke,Dr Ruth Segomotsi Mompati District,North West,11,Burglary at residential premises,6,Decreased,Robbery with aggravating circumstances:5; Burglary at residential premises:6; Theft of motor vehicle and motorcycle:0; Carjacking:0; Truck hijacking:0,0.0019
Makgobistad,Ngaka Modiri Molema District,North West,11,Burglary at residential premises,6,Increased,Robbery with aggravating circumstances:4; Burglary at residential premises:6; Theft of motor vehicle and motorcycle:0; Carjacking:1; Truck hijacking:0,0.0019
Sawoti,Ugu District,KwaZulu-Natal,11,Robbery with aggravating circumstances,9,Increased,Robbery with aggravating circumstances:9; Burglary at residential premises:1; Theft of motor vehicle and motorcycle:1; Carjacking:0; Truck hijacking:0,0.0019
Rawsonville,Cape Winelands District,Western Cape,11,Burglary at residential premises,11,Decreased,Robbery with aggravating circumstances:0; Burglary at residential premises:11; Theft of motor vehicle and motorcycle:0; Carjacking:0; Truck hijacking:0,0.0019
Murraysburg,Central Karoo District,Western Cape,11,Burglary at residential premises,10,Decreased,Robbery with aggravating circumstances:0; Burglary at residential premises:10; Theft of motor vehicle and motorcycle:1; Carjacking:0; Truck hijacking:0,0.0019
Middelburg(EC),Chris Hani District,Eastern Cape,11,Burglary at residential premises,7,Decreased,Robbery with aggravating circumstances:4; Burglary at residential premises:7; Theft of motor vehicle and motorcycle:0; Carjacking:0; Truck hijacking:0,0.0019
Rooiberg,Waterberg District,Limpopo,11,Burglary at residential premises,10,Increased,Robbery with aggravating circumstances:0; Burglary at residential premises:10; Theft of motor vehicle and motorcycle:1; Carjacking:0; Truck hijacking:0,0.0019
Clarens,Thabo Mofutsanyana District,Free State,11,Burglary at residential premises,10,Increased,Robbery with aggravating circumstances:0; Burglary at residential premises:10; Theft of motor vehicle and motorcycle:1; Carjacking:0; Truck hijacking:0,0.0019
Intsikeni,Harry Gwala District,KwaZulu-Natal,11,Burglary at residential premises,7,Increased,Robbery with aggravating circumstances:4; Burglary at residential premises:7; Theft of motor vehicle and motorcycle:0; Carjacking:0; Truck hijacking:0,0.0019
Windsorton,Frances Baard District,Northern Cape,10,Burglary at residential premises,6,Decreased,Robbery with aggravating circumstances:4; Burglary at residential premises:6; Theft of motor vehicle and motorcycle:0; Carjacking:0; Truck hijacking:0,0.0
Xamdeboo,Sarah Baartman District,Eastern Cape,10,Burglary at residential premises,9,Decreased,Robbery with aggravating circumstances:1; Burglary at residential premises:9; Theft of motor vehicle and motorcycle:0; Carjacking:0; Truck hijacking:0,0.0
Klipplaat,Sarah Baartman District,Eastern Cape,10,Burglary at residential premises,10,Increased,Robbery with aggravating circumstances:0; Burglary at residential premises:10; Theft of motor vehicle and motorcycle:0; Carjacking:0; Truck hijacking:0,0.0
Hlabisa,Umkhanyakude District,KwaZulu-Natal,10,Robbery with aggravating circumstances,4,Stabilized,Robbery with aggravating circumstances:4; Burglary at residential premises:4; Theft of motor vehicle and motorcycle:2; Carjacking:0; Truck hijacking:0,0.0
Dududu,Ugu District,KwaZulu-Natal,10,Burglary at residential premises,9,Stabilized,Robbery with aggravating circumstances:1; Burglary at residential premises:9; Theft of motor vehicle and motorcycle:0; Carjacking:0; Truck hijacking:0,0.0
Storms River,Sarah Baartman District,Eastern Cape,10,Burglary at residential premises,7,Increased,Robbery with aggravating circumstances:3; Burglary at residential premises:7; Theft of motor vehicle and motorcycle:0; Carjacking:0; Truck hijacking:0,0.0
Clocolan,Thabo Mofutsanyana District,Free State,10,Burglary at residential premises,9,Decreased,Robbery with aggravating circumstances:1; Burglary at residential premises:9; Theft of motor vehicle and motorcycle:0; Carjacking:0; Truck hijacking:0,0.0
Amsterdam,Gert Sibande District,Mpumalanga,10,Burglary at residential premises,9,Decreased,Robbery with aggravating circumstances:1; Burglary at residential premises:9; Theft of motor vehicle and motorcycle:0; Carjacking:0; Truck hijacking:0,0.0
Delportshoop,Frances Baard District,Northern Cape,10,Burglary at residential premises,9,Decreased,Robbery with aggravating circumstances:1; Burglary at residential premises:9; Theft of motor vehicle and motorcycle:0; Carjacking:0; Truck hijacking:0,0.0
Cramond,Umgungundlovu District,KwaZulu-Natal,10,Burglary at residential premises,9,Decreased,Robbery with aggravating circumstances:1; Burglary at residential premises:9; Theft of motor vehicle and motorcycle:0; Carjacking:0; Truck hijacking:0,0.0
Palmietfontein,Joe Gqabi District,Eastern Cape,10,Burglary at residential premises,10,Increased,Robbery with aggravating circumstances:0; Burglary at residential premises:10; Theft of motor vehicle and motorcycle:0; Carjacking:0; Truck hijacking:0,0.0
Noupoort,Pixley ka Seme District,Northern Cape,10,Burglary at residential premises,10,Decreased,Robbery with aggravating circumstances:0; Burglary at residential premises:10; Theft of motor vehicle and motorcycle:0; Carjacking:0; Truck hijacking:0,0.0
Dordrecht,Chris Hani District,Eastern Cape,10,Burglary at residential premises,7,Decreased,Robbery with aggravating circumstances:3; Burglary at residential premises:7; Theft of motor vehicle and motorcycle:0; Carjacking:0; Truck hijacking:0,0.0
Keimoes,ZF Mgcawu District,Northern Cape,10,Burglary at residential premises,9,Stabilized,Robbery with aggravating circumstances:1; Burglary at residential premises:9; Theft of motor vehicle and motorcycle:0; Carjacking:0; Truck hijacking:0,0.0
